entropy,executable_ext,script_ext,doc_or_media_ext,valid_pe,embedded_pe,obfuscation,suspicious_strings,label,path
0.5799984587208383,0,0,0,0,0,0,0.0,0,/home/mr1jk1/Documents/3-IDEATES/new/CYBER-DEFENCE-ANTIVIRUS/av-service/src/main.rs
0.6031040477428757,0,0,0,0,0,0,0.0,0,/home/mr1jk1/Documents/3-IDEATES/new/CYBER-DEFENCE-ANTIVIRUS/av-service/src/scanner.rs
0.6231351463384494,0,0,0,0,0,0,0.0,0,/home/mr1jk1/Documents/3-IDEATES/new/CYBER-DEFENCE-ANTIVIRUS/av-service/src/hashdb.rs
0.5893474973540933,0,0,0,0,0,0,0.0,0,/home/mr1jk1/Documents/3-IDEATES/new/CYBER-DEFENCE-ANTIVIRUS/av-service/src/vt.rs
0.5868848823031431,0,0,0,0,0,0,0.0,0,/home/mr1jk1/Documents/3-IDEATES/new/CYBER-DEFENCE-ANTIVIRUS/av-service/src/api.rs
0.6371343253687966,0,0,0,0,0,0,0.0,0,/home/mr1jk1/Documents/3-IDEATES/new/CYBER-DEFENCE-ANTIVIRUS/av-service/src/kernel_ipc/mod.rs
0.6183852088687724,0,0,0,0,0,0,0.0,0,/home/mr1jk1/Documents/3-IDEATES/new/CYBER-DEFENCE-ANTIVIRUS/av-service/src/kernel_ipc/windows.rs
0.5857489113995068,0,0,0,0,0,0,0.0,0,/home/mr1jk1/Documents/3-IDEATES/new/CYBER-DEFENCE-ANTIVIRUS/av-service/src/kernel_ipc/linux.rs
0.5910994460682784,0,0,0,0,0,0,0.0,0,/home/mr1jk1/Documents/3-IDEATES/new/CYBER-DEFENCE-ANTIVIRUS/av-service/src/kernel_ipc/macos.rs
0.599034558046155,0,0,0,0,0,0,0.0,0,/home/mr1jk1/Documents/3-IDEATES/new/CYBER-DEFENCE-ANTIVIRUS/av-service/src/engines/mod.rs
0.5900489899988303,0,0,0,0,0,1,0.4375,0,/home/mr1jk1/Documents/3-IDEATES/new/CYBER-DEFENCE-ANTIVIRUS/av-service/src/engines/heuristics.rs
0.5737595031194591,0,0,0,0,0,0,0.0,0,/home/mr1jk1/Documents/3-IDEATES/new/CYBER-DEFENCE-ANTIVIRUS/av-service/src/engines/clamav.rs
0.5830576006892104,0,0,0,0,0,0,0.0,0,/home/mr1jk1/Documents/3-IDEATES/new/CYBER-DEFENCE-ANTIVIRUS/av-service/src/engines/yara.rs
0.5664270819457415,0,0,0,0,0,0,0.0,0,/home/mr1jk1/Documents/3-IDEATES/new/CYBER-DEFENCE-ANTIVIRUS/av-service/src/engines/vt.rs
0.5997054410954495,0,0,0,0,0,1,0.5,0,/home/mr1jk1/Documents/3-IDEATES/new/CYBER-DEFENCE-ANTIVIRUS/av-service/src/engines/ml.rs
0.5748623970269973,0,0,0,0,0,1,0.0625,0,/home/mr1jk1/Documents/3-IDEATES/new/CYBER-DEFENCE-ANTIVIRUS/av-service/src/engines/signatures.rs
0.5395944229455322,0,0,0,0,0,0,0.0,0,/home/mr1jk1/Documents/3-IDEATES/new/CYBER-DEFENCE-ANTIVIRUS/av-service/src/updater/mod.rs
0.6046388315150077,0,1,0,0,0,0,0.0,1,/home/mr1jk1/Documents/eli/build_android_rat.sh
0.6022983885675753,0,1,0,0,0,0,0.0,1,/home/mr1jk1/Documents/eli/build_android_rat_simple.sh
0.6220322858651054,0,1,0,0,0,0,0.0,1,/home/mr1jk1/Documents/eli/full_contol.sh
0.6144865785361732,0,0,0,0,0,0,0.0,1,/home/mr1jk1/Documents/eli/fullrat/AndroidManifest.xml
0.5143642724578816,0,0,0,0,0,0,0.0,1,/home/mr1jk1/Documents/eli/android_rat_fixed/build.gradle
0.5623268996144444,0,0,0,0,0,0,0.0,1,/home/mr1jk1/Documents/eli/android_rat_fixed/gradlew
0.9999341877087746,0,0,0,0,0,0,0.0,1,/home/mr1jk1/Documents/eli/android_rat_fixed/gradle-7.6-bin.zip
0.6389771697358511,0,0,0,0,0,0,0.0,1,/home/mr1jk1/Documents/eli/yay/.SRCINFO
0.45664334228618164,0,0,0,0,0,0,0.0,1,/home/mr1jk1/Documents/eli/yay/.gitignore
0.7054079572186063,0,0,0,0,0,0,0.0,1,/home/mr1jk1/Documents/eli/yay/PKGBUILD
0.9997917707033607,0,0,0,0,0,0,0.0,1,/home/mr1jk1/Documents/eli/yay/yay-12.5.7.tar.gz
0.999671607600229,0,0,0,0,0,0,0.0,1,/home/mr1jk1/Documents/eli/yay/yay-12.5.7-1-x86_64.pkg.tar.zst
0.9997500795681117,0,0,0,0,0,0,0.0,1,/home/mr1jk1/Documents/eli/yay/yay-debug-12.5.7-1-x86_64.pkg.tar.zst
0.5092392267009646,0,0,0,0,0,0,0.0,1,/home/mr1jk1/Documents/eli/yay/.git/description
0.5996786318498766,0,0,0,0,0,0,0.0,1,/home/mr1jk1/Documents/eli/yay/.git/packed-refs
0.4376747281792629,0,0,0,0,0,0,0.0,1,/home/mr1jk1/Documents/eli/yay/.git/HEAD
0.5782430756600658,0,0,0,0,0,0,0.0,1,/home/mr1jk1/Documents/eli/yay/.git/config
0.7263581571701925,0,0,0,0,0,0,0.0,1,/home/mr1jk1/Documents/eli/yay/.git/index
0.9997917707033607,0,0,0,0,0,0,0.0,1,/home/mr1jk1/Documents/eli/yay/src/yay-12.5.7.tar.gz
0.6188802080360775,0,0,0,0,0,0,0.0,1,/home/mr1jk1/Documents/eli/yay/pkg/yay/.PKGINFO
0.6108177374623605,0,0,0,0,0,0,0.0,1,/home/mr1jk1/Documents/eli/yay/pkg/yay/.BUILDINFO
0.9881023687485292,0,0,0,0,0,0,0.0,1,/home/mr1jk1/Documents/eli/yay/pkg/yay/.MTREE
0.6297403724624716,0,0,0,0,0,0,0.0,1,/home/mr1jk1/Documents/eli/yay/pkg/yay-debug/.PKGINFO
0.6108248463645412,0,0,0,0,0,0,0.0,1,/home/mr1jk1/Documents/eli/yay/pkg/yay-debug/.BUILDINFO
0.9360253752736865,0,0,0,0,0,0,0.0,1,/home/mr1jk1/Documents/eli/yay/pkg/yay-debug/.MTREE
0.25368001155980313,0,0,0,0,0,0,0.0,1,/home/mr1jk1/Documents/eli/yay/pkg/yay-debug/usr/lib/debug/.build-id/98/aa1e255005ed25b54301dacdbfac37c03c4eae.debug
0.25368001155980313,0,0,0,0,0,0,0.0,1,/home/mr1jk1/Documents/eli/yay/pkg/yay-debug/usr/lib/debug/usr/bin/yay.debug
0.7780278931883503,0,0,0,0,0,0,0.0,1,/home/mr1jk1/Documents/eli/yay/pkg/yay/usr/bin/yay
0.7495331208560869,0,0,0,0,0,0,0.0,1,/home/mr1jk1/Documents/eli/yay/pkg/yay/usr/share/locale/zh_TW/LC_MESSAGES/yay.mo
0.743789980920201,0,0,0,0,0,0,0.0,1,/home/mr1jk1/Documents/eli/yay/pkg/yay/usr/share/locale/zh_CN/LC_MESSAGES/yay.mo
0.6939783540552712,0,0,0,0,0,0,0.0,1,/home/mr1jk1/Documents/eli/yay/pkg/yay/usr/share/locale/vi_VN/LC_MESSAGES/yay.mo
0.6934283678136534,0,0,0,0,0,0,0.0,1,/home/mr1jk1/Documents/eli/yay/pkg/yay/usr/share/locale/vi/LC_MESSAGES/yay.mo
0.6798703609055636,0,0,0,0,0,0,0.0,1,/home/mr1jk1/Documents/eli/yay/pkg/yay/usr/share/locale/uk/LC_MESSAGES/yay.mo
0.6611907793143917,0,0,0,0,0,0,0.0,1,/home/mr1jk1/Documents/eli/yay/pkg/yay/usr/share/locale/tr/LC_MESSAGES/yay.mo
0.6467016275293165,0,0,0,0,0,0,0.0,1,/home/mr1jk1/Documents/eli/yay/pkg/yay/usr/share/locale/sv/LC_MESSAGES/yay.mo
0.67139662346544,0,0,0,0,0,0,0.0,1,/home/mr1jk1/Documents/eli/yay/pkg/yay/usr/share/locale/sk/LC_MESSAGES/yay.mo
0.679785533720214,0,0,0,0,0,0,0.0,1,/home/mr1jk1/Documents/eli/yay/pkg/yay/usr/share/locale/ru/LC_MESSAGES/yay.mo
0.6808543737251678,0,0,0,0,0,0,0.0,1,/home/mr1jk1/Documents/eli/yay/pkg/yay/usr/share/locale/ru_RU/LC_MESSAGES/yay.mo
0.6454009761375616,0,0,0,0,0,0,0.0,1,/home/mr1jk1/Documents/eli/yay/pkg/yay/usr/share/locale/pt/LC_MESSAGES/yay.mo
0.6462697858029236,0,0,0,0,0,0,0.0,1,/home/mr1jk1/Documents/eli/yay/pkg/yay/usr/share/locale/pt_BR/LC_MESSAGES/yay.mo
0.6675961141282697,0,0,0,0,0,0,0.0,1,/home/mr1jk1/Documents/eli/yay/pkg/yay/usr/share/locale/pl_PL/LC_MESSAGES/yay.mo
0.6457228328505976,0,0,0,0,0,0,0.0,1,/home/mr1jk1/Documents/eli/yay/pkg/yay/usr/share/locale/nl/LC_MESSAGES/yay.mo
0.7321847578158175,0,0,0,0,0,0,0.0,1,/home/mr1jk1/Documents/eli/yay/pkg/yay/usr/share/locale/ko/LC_MESSAGES/yay.mo
0.7222324376621542,0,0,0,0,0,0,0.0,1,/home/mr1jk1/Documents/eli/yay/pkg/yay/usr/share/locale/ja/LC_MESSAGES/yay.mo
0.6365098401208082,0,0,0,0,0,0,0.0,1,/home/mr1jk1/Documents/eli/yay/pkg/yay/usr/share/locale/it_IT/LC_MESSAGES/yay.mo
0.6372931852002228,0,0,0,0,0,0,0.0,1,/home/mr1jk1/Documents/eli/yay/pkg/yay/usr/share/locale/id/LC_MESSAGES/yay.mo
0.6704131574622815,0,0,0,0,0,0,0.0,1,/home/mr1jk1/Documents/eli/yay/pkg/yay/usr/share/locale/hu/LC_MESSAGES/yay.mo
0.6633570316816061,0,0,0,0,0,0,0.0,1,/home/mr1jk1/Documents/eli/yay/pkg/yay/usr/share/locale/he/LC_MESSAGES/yay.mo
0.6529282341312315,0,0,0,0,0,0,0.0,1,/home/mr1jk1/Documents/eli/yay/pkg/yay/usr/share/locale/fr_FR/LC_MESSAGES/yay.mo
0.6375553960176537,0,0,0,0,0,0,0.0,1,/home/mr1jk1/Documents/eli/yay/pkg/yay/usr/share/locale/eu/LC_MESSAGES/yay.mo
0.6432898292120776,0,0,0,0,0,0,0.0,1,/home/mr1jk1/Documents/eli/yay/pkg/yay/usr/share/locale/es/LC_MESSAGES/yay.mo
0.6158536971053004,0,0,0,0,0,0,0.0,1,/home/mr1jk1/Documents/eli/yay/pkg/yay/usr/share/locale/en/LC_MESSAGES/yay.mo
0.6484481584934774,0,0,0,0,0,0,0.0,1,/home/mr1jk1/Documents/eli/yay/pkg/yay/usr/share/locale/de/LC_MESSAGES/yay.mo
0.6732709384000496,0,0,0,0,0,0,0.0,1,/home/mr1jk1/Documents/eli/yay/pkg/yay/usr/share/locale/cs/LC_MESSAGES/yay.mo
0.6457595279937453,0,0,0,0,0,0,0.0,1,/home/mr1jk1/Documents/eli/yay/pkg/yay/usr/share/locale/ca/LC_MESSAGES/yay.mo
0.5835102662168423,0,0,0,0,0,0,0.0,1,/home/mr1jk1/Documents/eli/yay/pkg/yay/usr/share/fish/vendor_completions.d/yay.fish
0.6412132945984822,0,0,0,0,0,0,0.0,1,/home/mr1jk1/Documents/eli/yay/pkg/yay/usr/share/zsh/site-functions/_yay
0.59942694923152,0,0,0,0,0,0,0.0,1,/home/mr1jk1/Documents/eli/yay/pkg/yay/usr/share/bash-completion/completions/yay
0.9962213444177802,0,0,0,0,0,0,0.0,1,/home/mr1jk1/Documents/eli/yay/pkg/yay/usr/share/man/man8/yay.8.gz
0.5004633249379125,0,0,0,0,0,0,0.0,1,/home/mr1jk1/Documents/eli/yay/src/yay-12.5.7/.dockerignore
0.5930974788259876,0,0,0,0,0,0,0.0,1,/home/mr1jk1/Documents/eli/yay/src/yay-12.5.7/.gitignore
0.49574072658311347,0,0,0,0,0,0,0.0,1,/home/mr1jk1/Documents/eli/yay/src/yay-12.5.7/.golangci.yml
0.5532730654203663,0,0,0,0,0,0,0.0,1,/home/mr1jk1/Documents/eli/yay/src/yay-12.5.7/.pre-commit-config.yaml
0.6030356901259338,0,0,1,0,0,0,0.0,1,/home/mr1jk1/Documents/eli/yay/src/yay-12.5.7/CONTRIBUTING.md
0.6720010688117639,0,0,0,0,0,0,0.0,1,/home/mr1jk1/Documents/eli/yay/src/yay-12.5.7/Dockerfile
0.5717864755420394,0,0,0,0,0,0,0.0,1,/home/mr1jk1/Documents/eli/yay/src/yay-12.5.7/LICENSE
0.7123738438773339,0,0,0,0,0,0,0.0,1,/home/mr1jk1/Documents/eli/yay/src/yay-12.5.7/Makefile
0.6076629901524011,0,0,1,0,0,0,0.0,1,/home/mr1jk1/Documents/eli/yay/src/yay-12.5.7/README.md
0.5642134638537843,0,0,1,0,0,0,0.0,1,/home/mr1jk1/Documents/eli/yay/src/yay-12.5.7/SECURITY.md
0.6328248535332639,0,0,0,0,0,0,0.0,1,/home/mr1jk1/Documents/eli/yay/src/yay-12.5.7/ci.Dockerfile
0.6401675028395235,0,0,0,0,0,0,0.0,1,/home/mr1jk1/Documents/eli/yay/src/yay-12.5.7/clean.go
0.6443028963406927,0,0,0,0,0,0,0.0,1,/home/mr1jk1/Documents/eli/yay/src/yay-12.5.7/clean_test.go
0.6313592678117279,0,0,0,0,0,0,0.0,1,/home/mr1jk1/Documents/eli/yay/src/yay-12.5.7/cmd.go
0.6642769013623552,0,0,0,0,0,0,0.0,1,/home/mr1jk1/Documents/eli/yay/src/yay-12.5.7/cmd_test.go
0.5942563305480265,0,0,0,0,0,0,0.0,1,/home/mr1jk1/Documents/eli/yay/src/yay-12.5.7/errors.go
0.6416854516786783,0,0,0,0,0,0,0.0,1,/home/mr1jk1/Documents/eli/yay/src/yay-12.5.7/get.go
0.620977652242355,0,0,0,0,0,0,0.0,1,/home/mr1jk1/Documents/eli/yay/src/yay-12.5.7/go.mod
0.7315066781135563,0,0,0,0,0,0,0.0,1,/home/mr1jk1/Documents/eli/yay/src/yay-12.5.7/go.sum
0.6535885994838622,0,0,0,0,0,0,0.0,1,/home/mr1jk1/Documents/eli/yay/src/yay-12.5.7/local_install.go
0.6673301593448386,0,0,0,0,0,0,0.0,1,/home/mr1jk1/Documents/eli/yay/src/yay-12.5.7/local_install_test.go
0.6425109760239917,0,0,0,0,0,0,0.0,1,/home/mr1jk1/Documents/eli/yay/src/yay-12.5.7/main.go
0.6564079792517687,0,0,0,0,0,0,0.0,1,/home/mr1jk1/Documents/eli/yay/src/yay-12.5.7/print.go
0.6508243482315971,0,0,0,0,0,0,0.0,1,/home/mr1jk1/Documents/eli/yay/src/yay-12.5.7/print_test.go
0.6401683840502728,0,0,0,0,0,0,0.0,1,/home/mr1jk1/Documents/eli/yay/src/yay-12.5.7/query.go
0.636709272491717,0,0,0,0,0,0,0.0,1,/home/mr1jk1/Documents/eli/yay/src/yay-12.5.7/query_test.go
0.6484220299564455,0,0,0,0,0,0,0.0,1,/home/mr1jk1/Documents/eli/yay/src/yay-12.5.7/sync.go
0.6623660395840866,0,0,0,0,0,0,0.0,1,/home/mr1jk1/Documents/eli/yay/src/yay-12.5.7/sync_test.go
0.6543982037065043,0,0,0,0,0,0,0.0,1,/home/mr1jk1/Documents/eli/yay/src/yay-12.5.7/vcs.go
0.6277187331051455,0,0,0,0,0,0,0.0,1,/home/mr1jk1/Documents/eli/yay/src/yay-12.5.7/vote.go
0.778028860789903,0,0,0,0,0,0,0.0,1,/home/mr1jk1/Documents/eli/yay/src/yay-12.5.7/yay
0.5865350061702354,0,0,1,0,0,0,0.0,1,/home/mr1jk1/Documents/eli/yay/src/gopath/pkg/mod/golang.org/x/term@v0.38.0/CONTRIBUTING.md
0.6386253396208499,0,0,0,0,0,0,0.0,1,/home/mr1jk1/Documents/eli/yay/src/gopath/pkg/mod/golang.org/x/term@v0.38.0/LICENSE
0.5441474130322219,0,0,0,0,0,0,0.0,1,/home/mr1jk1/Documents/eli/yay/src/gopath/pkg/mod/golang.org/x/term@v0.38.0/PATENTS
0.5804952373191835,0,0,1,0,0,0,0.0,1,/home/mr1jk1/Documents/eli/yay/src/gopath/pkg/mod/golang.org/x/term@v0.38.0/README.md
0.46862435044063705,0,0,0,0,0,0,0.0,1,/home/mr1jk1/Documents/eli/yay/src/gopath/pkg/mod/golang.org/x/term@v0.38.0/codereview.cfg
0.5529459299462322,0,0,0,0,0,0,0.0,1,/home/mr1jk1/Documents/eli/yay/src/gopath/pkg/mod/golang.org/x/term@v0.38.0/go.mod
0.6961359347182459,0,0,0,0,0,0,0.0,1,/home/mr1jk1/Documents/eli/yay/src/gopath/pkg/mod/golang.org/x/term@v0.38.0/go.sum
0.5865461643256096,0,0,0,0,0,0,0.0,1,/home/mr1jk1/Documents/eli/yay/src/gopath/pkg/mod/golang.org/x/term@v0.38.0/term.go
0.6273390038379155,0,0,0,0,0,0,0.0,1,/home/mr1jk1/Documents/eli/yay/src/gopath/pkg/mod/golang.org/x/term@v0.38.0/term_plan9.go
0.6291162892859083,0,0,0,0,0,0,0.0,1,/home/mr1jk1/Documents/eli/yay/src/gopath/pkg/mod/golang.org/x/term@v0.38.0/term_test.go
0.639363467036073,0,0,0,0,0,0,0.0,1,/home/mr1jk1/Documents/eli/yay/src/gopath/pkg/mod/golang.org/x/term@v0.38.0/term_unix.go
0.6181676461917646,0,0,0,0,0,0,0.0,1,/home/mr1jk1/Documents/eli/yay/src/gopath/pkg/mod/golang.org/x/term@v0.38.0/term_unix_bsd.go
0.611547717621464,0,0,0,0,0,0,0.0,1,/home/mr1jk1/Documents/eli/yay/src/gopath/pkg/mod/golang.org/x/term@v0.38.0/term_unix_other.go
0.6268225908374104,0,0,0,0,0,0,0.0,1,/home/mr1jk1/Documents/eli/yay/src/gopath/pkg/mod/golang.org/x/term@v0.38.0/term_unsupported.go
0.6480722972104332,0,0,0,0,0,0,0.0,1,/home/mr1jk1/Documents/eli/yay/src/gopath/pkg/mod/golang.org/x/term@v0.38.0/term_windows.go
0.634647687092765,0,0,0,0,0,0,0.0,1,/home/mr1jk1/Documents/eli/yay/src/gopath/pkg/mod/golang.org/x/term@v0.38.0/terminal.go
0.6423074157786908,0,0,0,0,0,0,0.0,1,/home/mr1jk1/Documents/eli/yay/src/gopath/pkg/mod/golang.org/x/term@v0.38.0/terminal_test.go
0.5655695376879437,0,0,0,0,0,0,0.0,1,/home/mr1jk1/Documents/eli/yay/src/gopath/pkg/mod/golang.org/x/net@v0.48.0/.gitattributes
0.5315293869638432,0,0,0,0,0,0,0.0,1,/home/mr1jk1/Documents/eli/yay/src/gopath/pkg/mod/golang.org/x/net@v0.48.0/.gitignore
0.5865350061702354,0,0,1,0,0,0,0.0,1,/home/mr1jk1/Documents/eli/yay/src/gopath/pkg/mod/golang.org/x/net@v0.48.0/CONTRIBUTING.md
0.6386253396208499,0,0,0,0,0,0,0.0,1,/home/mr1jk1/Documents/eli/yay/src/gopath/pkg/mod/golang.org/x/net@v0.48.0/LICENSE
0.5441474130322219,0,0,0,0,0,0,0.0,1,/home/mr1jk1/Documents/eli/yay/src/gopath/pkg/mod/golang.org/x/net@v0.48.0/PATENTS
0.5837677082141578,0,0,1,0,0,0,0.0,1,/home/mr1jk1/Documents/eli/yay/src/gopath/pkg/mod/golang.org/x/net@v0.48.0/README.md
0.46862435044063705,0,0,0,0,0,0,0.0,1,/home/mr1jk1/Documents/eli/yay/src/gopath/pkg/mod/golang.org/x/net@v0.48.0/codereview.cfg
0.5679812240920116,0,0,0,0,0,0,0.0,1,/home/mr1jk1/Documents/eli/yay/src/gopath/pkg/mod/golang.org/x/net@v0.48.0/go.mod
0.7235918778898521,0,0,0,0,0,0,0.0,1,/home/mr1jk1/Documents/eli/yay/src/gopath/pkg/mod/golang.org/x/net@v0.48.0/go.sum
0.5655695376879437,0,0,0,0,0,0,0.0,1,/home/mr1jk1/Documents/eli/yay/src/gopath/pkg/mod/golang.org/x/sys@v0.39.0/.gitattributes
0.5315293869638432,0,0,0,0,0,0,0.0,1,/home/mr1jk1/Documents/eli/yay/src/gopath/pkg/mod/golang.org/x/sys@v0.39.0/.gitignore
0.5865350061702354,0,0,1,0,0,0,0.0,1,/home/mr1jk1/Documents/eli/yay/src/gopath/pkg/mod/golang.org/x/sys@v0.39.0/CONTRIBUTING.md
0.6386253396208499,0,0,0,0,0,0,0.0,1,/home/mr1jk1/Documents/eli/yay/src/gopath/pkg/mod/golang.org/x/sys@v0.39.0/LICENSE
0.5441474130322219,0,0,0,0,0,0,0.0,1,/home/mr1jk1/Documents/eli/yay/src/gopath/pkg/mod/golang.org/x/sys@v0.39.0/PATENTS
0.5818075862469974,0,0,1,0,0,0,0.0,1,/home/mr1jk1/Documents/eli/yay/src/gopath/pkg/mod/golang.org/x/sys@v0.39.0/README.md
0.46862435044063705,0,0,0,0,0,0,0.0,1,/home/mr1jk1/Documents/eli/yay/src/gopath/pkg/mod/golang.org/x/sys@v0.39.0/codereview.cfg
0.5214826092455245,0,0,0,0,0,0,0.0,1,/home/mr1jk1/Documents/eli/yay/src/gopath/pkg/mod/golang.org/x/sys@v0.39.0/go.mod
0.6631318762502245,0,0,0,0,0,0,0.0,1,/home/mr1jk1/Documents/eli/yay/src/gopath/pkg/mod/golang.org/x/sys@v0.39.0/cpu/asm_aix_ppc64.s
0.6750718021970725,0,0,0,0,0,0,0.0,1,/home/mr1jk1/Documents/eli/yay/src/gopath/pkg/mod/golang.org/x/sys@v0.39.0/cpu/asm_darwin_x86_gc.s
0.6590167642305157,0,0,0,0,0,0,0.0,1,/home/mr1jk1/Documents/eli/yay/src/gopath/pkg/mod/golang.org/x/sys@v0.39.0/cpu/byteorder.go
0.6284516239425778,0,0,0,0,0,0,0.0,1,/home/mr1jk1/Documents/eli/yay/src/gopath/pkg/mod/golang.org/x/sys@v0.39.0/cpu/cpu.go
0.6647331939055678,0,0,0,0,0,0,0.0,1,/home/mr1jk1/Documents/eli/yay/src/gopath/pkg/mod/golang.org/x/sys@v0.39.0/cpu/cpu_aix.go
0.6679090205325982,0,0,0,0,0,0,0.0,1,/home/mr1jk1/Documents/eli/yay/src/gopath/pkg/mod/golang.org/x/sys@v0.39.0/cpu/cpu_arm.go
0.6690467678156462,0,0,0,0,0,0,0.0,1,/home/mr1jk1/Documents/eli/yay/src/gopath/pkg/mod/golang.org/x/sys@v0.39.0/cpu/cpu_arm64.go
0.6722239034068554,0,0,0,0,0,0,0.0,1,/home/mr1jk1/Documents/eli/yay/src/gopath/pkg/mod/golang.org/x/sys@v0.39.0/cpu/cpu_arm64.s
0.6487400047201478,0,0,0,0,0,0,0.0,1,/home/mr1jk1/Documents/eli/yay/src/gopath/pkg/mod/golang.org/x/sys@v0.39.0/cpu/cpu_darwin_x86.go
0.6080112899811426,0,0,0,0,0,0,0.0,1,/home/mr1jk1/Documents/eli/yay/src/gopath/pkg/mod/golang.org/x/sys@v0.39.0/cpu/cpu_gc_arm64.go
0.599538188761917,0,0,0,0,0,0,0.0,1,/home/mr1jk1/Documents/eli/yay/src/gopath/pkg/mod/golang.org/x/sys@v0.39.0/cpu/cpu_gc_s390x.go
0.6158314784025196,0,0,0,0,0,0,0.0,1,/home/mr1jk1/Documents/eli/yay/src/gopath/pkg/mod/golang.org/x/sys@v0.39.0/cpu/cpu_gc_x86.go
0.6873912481661915,0,0,0,0,0,0,0.0,1,/home/mr1jk1/Documents/eli/yay/src/gopath/pkg/mod/golang.org/x/sys@v0.39.0/cpu/cpu_gc_x86.s
0.6001734305214652,0,0,0,0,0,0,0.0,1,/home/mr1jk1/Documents/eli/yay/src/gopath/pkg/mod/golang.org/x/sys@v0.39.0/cpu/cpu_gccgo_arm64.go
0.602797673313022,0,0,0,0,0,0,0.0,1,/home/mr1jk1/Documents/eli/yay/src/gopath/pkg/mod/golang.org/x/sys@v0.39.0/cpu/cpu_gccgo_s390x.go
0.6350698879732861,0,0,0,0,0,0,0.0,1,/home/mr1jk1/Documents/eli/yay/src/gopath/pkg/mod/golang.org/x/sys@v0.39.0/cpu/cpu_gccgo_x86.c
0.6221704786814657,0,0,0,0,0,0,0.0,1,/home/mr1jk1/Documents/eli/yay/src/gopath/pkg/mod/golang.org/x/sys@v0.39.0/cpu/cpu_gccgo_x86.go
0.6393401898744311,0,0,0,0,0,0,0.0,1,/home/mr1jk1/Documents/eli/yay/src/gopath/pkg/mod/golang.org/x/sys@v0.39.0/cpu/cpu_linux.go
0.6624522385964452,0,0,0,0,0,0,0.0,1,/home/mr1jk1/Documents/eli/yay/src/gopath/pkg/mod/golang.org/x/sys@v0.39.0/cpu/cpu_linux_arm.go
0.6780240573299637,0,0,0,0,0,0,0.0,1,/home/mr1jk1/Documents/eli/yay/src/gopath/pkg/mod/golang.org/x/sys@v0.39.0/cpu/cpu_linux_arm64.go
0.6533297910298124,0,0,0,0,0,0,0.0,1,/home/mr1jk1/Documents/eli/yay/src/gopath/pkg/mod/golang.org/x/sys@v0.39.0/cpu/cpu_linux_loong64.go
0.6516467433187377,0,0,0,0,0,0,0.0,1,/home/mr1jk1/Documents/eli/yay/src/gopath/pkg/mod/golang.org/x/sys@v0.39.0/cpu/cpu_linux_mips64x.go
0.6178485996716664,0,0,0,0,0,0,0.0,1,/home/mr1jk1/Documents/eli/yay/src/gopath/pkg/mod/golang.org/x/sys@v0.39.0/cpu/cpu_linux_noinit.go
0.6777806228098937,0,0,0,0,0,0,0.0,1,/home/mr1jk1/Documents/eli/yay/src/gopath/pkg/mod/golang.org/x/sys@v0.39.0/cpu/cpu_linux_ppc64x.go
0.663875446418282,0,0,0,0,0,0,0.0,1,/home/mr1jk1/Documents/eli/yay/src/gopath/pkg/mod/golang.org/x/sys@v0.39.0/cpu/cpu_linux_riscv64.go
0.6681069108954061,0,0,0,0,0,0,0.0,1,/home/mr1jk1/Documents/eli/yay/src/gopath/pkg/mod/golang.org/x/sys@v0.39.0/cpu/cpu_linux_s390x.go
0.6697929415430045,0,0,0,0,0,0,0.0,1,/home/mr1jk1/Documents/eli/yay/src/gopath/pkg/mod/golang.org/x/sys@v0.39.0/cpu/cpu_loong64.go
0.6814840257290362,0,0,0,0,0,0,0.0,1,/home/mr1jk1/Documents/eli/yay/src/gopath/pkg/mod/golang.org/x/sys@v0.39.0/cpu/cpu_loong64.s
0.6490975686918593,0,0,0,0,0,0,0.0,1,/home/mr1jk1/Documents/eli/yay/src/gopath/pkg/mod/golang.org/x/sys@v0.39.0/cpu/cpu_mips64x.go
0.6112423475626108,0,0,0,0,0,0,0.0,1,/home/mr1jk1/Documents/eli/yay/src/gopath/pkg/mod/golang.org/x/sys@v0.39.0/cpu/cpu_mipsx.go
0.6476653672651266,0,0,0,0,0,0,0.0,1,/home/mr1jk1/Documents/eli/yay/src/gopath/pkg/mod/golang.org/x/sys@v0.39.0/cpu/cpu_netbsd_arm64.go
0.661046666075017,0,0,0,0,0,0,0.0,1,/home/mr1jk1/Documents/eli/yay/src/gopath/pkg/mod/golang.org/x/sys@v0.39.0/cpu/cpu_openbsd_arm64.go
0.6653570693417604,0,0,0,0,0,0,0.0,1,/home/mr1jk1/Documents/eli/yay/src/gopath/pkg/mod/golang.org/x/sys@v0.39.0/cpu/cpu_openbsd_arm64.s
0.6100573317247855,0,0,0,0,0,0,0.0,1,/home/mr1jk1/Documents/eli/yay/src/gopath/pkg/mod/golang.org/x/sys@v0.39.0/cpu/cpu_other_arm.go
0.6146054688121361,0,0,0,0,0,0,0.0,1,/home/mr1jk1/Documents/eli/yay/src/gopath/pkg/mod/golang.org/x/sys@v0.39.0/cpu/cpu_other_arm64.go
0.6241492235834771,0,0,0,0,0,0,0.0,1,/home/mr1jk1/Documents/eli/yay/src/gopath/pkg/mod/golang.org/x/sys@v0.39.0/cpu/cpu_other_mips64x.go
0.6386393663235211,0,0,0,0,0,0,0.0,1,/home/mr1jk1/Documents/eli/yay/src/gopath/pkg/mod/golang.org/x/sys@v0.39.0/cpu/cpu_other_ppc64x.go
0.6150482350068626,0,0,0,0,0,0,0.0,1,/home/mr1jk1/Documents/eli/yay/src/gopath/pkg/mod/golang.org/x/sys@v0.39.0/cpu/cpu_other_riscv64.go
0.6416297751146626,0,0,0,0,0,0,0.0,1,/home/mr1jk1/Documents/eli/yay/src/gopath/pkg/mod/golang.org/x/sys@v0.39.0/cpu/cpu_other_x86.go
0.6571484410672188,0,0,0,0,0,0,0.0,1,/home/mr1jk1/Documents/eli/yay/src/gopath/pkg/mod/golang.org/x/sys@v0.39.0/cpu/cpu_ppc64x.go
0.6656534174634815,0,0,0,0,0,0,0.0,1,/home/mr1jk1/Documents/eli/yay/src/gopath/pkg/mod/golang.org/x/sys@v0.39.0/cpu/cpu_riscv64.go
0.6665335811839914,0,0,0,0,0,0,0.0,1,/home/mr1jk1/Documents/eli/yay/src/gopath/pkg/mod/golang.org/x/sys@v0.39.0/cpu/cpu_s390x.go
0.6672320758202459,0,0,0,0,0,0,0.0,1,/home/mr1jk1/Documents/eli/yay/src/gopath/pkg/mod/golang.org/x/sys@v0.39.0/cpu/cpu_s390x.s
0.6616529776455982,0,0,0,0,0,0,0.0,1,/home/mr1jk1/Documents/eli/yay/src/gopath/pkg/mod/golang.org/x/sys@v0.39.0/cpu/cpu_s390x_test.go
0.672221981575428,0,0,0,0,0,0,0.0,1,/home/mr1jk1/Documents/eli/yay/src/gopath/pkg/mod/golang.org/x/sys@v0.39.0/cpu/cpu_test.go
0.6055360630129578,0,0,0,0,0,0,0.0,1,/home/mr1jk1/Documents/eli/yay/src/gopath/pkg/mod/golang.org/x/sys@v0.39.0/cpu/cpu_wasm.go
0.6883756122772242,0,0,0,0,0,0,0.0,1,/home/mr1jk1/Documents/eli/yay/src/gopath/pkg/mod/golang.org/x/sys@v0.39.0/cpu/cpu_x86.go
0.6050280525956373,0,0,0,0,0,0,0.0,1,/home/mr1jk1/Documents/eli/yay/src/gopath/pkg/mod/golang.org/x/sys@v0.39.0/cpu/cpu_zos.go
0.6374981448819351,0,0,0,0,0,0,0.0,1,/home/mr1jk1/Documents/eli/yay/src/gopath/pkg/mod/golang.org/x/sys@v0.39.0/cpu/cpu_zos_s390x.go
0.6103357679883634,0,0,0,0,0,0,0.0,1,/home/mr1jk1/Documents/eli/yay/src/gopath/pkg/mod/golang.org/x/sys@v0.39.0/cpu/endian_big.go
0.6037707151041778,0,0,0,0,0,0,0.0,1,/home/mr1jk1/Documents/eli/yay/src/gopath/pkg/mod/golang.org/x/sys@v0.39.0/cpu/endian_little.go
0.645887804263238,0,0,0,0,0,0,0.0,1,/home/mr1jk1/Documents/eli/yay/src/gopath/pkg/mod/golang.org/x/sys@v0.39.0/cpu/endian_test.go
0.6552002960340972,0,0,0,0,0,0,0.0,1,/home/mr1jk1/Documents/eli/yay/src/gopath/pkg/mod/golang.org/x/sys@v0.39.0/cpu/hwcap_linux.go
0.61824502785284,0,0,0,0,0,0,0.0,1,/home/mr1jk1/Documents/eli/yay/src/gopath/pkg/mod/golang.org/x/sys@v0.39.0/cpu/parse.go
0.6370678097256608,0,0,0,0,0,0,0.0,1,/home/mr1jk1/Documents/eli/yay/src/gopath/pkg/mod/golang.org/x/sys@v0.39.0/cpu/parse_test.go
0.6435440076952338,0,0,0,0,0,0,0.0,1,/home/mr1jk1/Documents/eli/yay/src/gopath/pkg/mod/golang.org/x/sys@v0.39.0/cpu/proc_cpuinfo_linux.go
0.6203709955605283,0,0,0,0,0,0,0.0,1,/home/mr1jk1/Documents/eli/yay/src/gopath/pkg/mod/golang.org/x/sys@v0.39.0/cpu/runtime_auxv.go
0.6233125597264827,0,0,0,0,0,0,0.0,1,/home/mr1jk1/Documents/eli/yay/src/gopath/pkg/mod/golang.org/x/sys@v0.39.0/cpu/runtime_auxv_go121.go
0.6390024877383702,0,0,0,0,0,0,0.0,1,/home/mr1jk1/Documents/eli/yay/src/gopath/pkg/mod/golang.org/x/sys@v0.39.0/cpu/runtime_auxv_go121_test.go
0.6101409179003721,0,0,0,0,0,0,0.0,1,/home/mr1jk1/Documents/eli/yay/src/gopath/pkg/mod/golang.org/x/sys@v0.39.0/cpu/syscall_aix_gccgo.go
0.6239088725342823,0,0,0,0,0,0,0.0,1,/home/mr1jk1/Documents/eli/yay/src/gopath/pkg/mod/golang.org/x/sys@v0.39.0/cpu/syscall_aix_ppc64_gc.go
0.6439446899001389,0,0,0,0,0,0,0.0,1,/home/mr1jk1/Documents/eli/yay/src/gopath/pkg/mod/golang.org/x/sys@v0.39.0/cpu/syscall_darwin_x86_gc.go
0.6082863694839102,0,0,0,0,0,0,0.0,1,/home/mr1jk1/Documents/eli/yay/src/gopath/pkg/mod/golang.org/x/sys@v0.39.0/execabs/execabs.go
0.6198334218586816,0,0,0,0,0,0,0.0,1,/home/mr1jk1/Documents/eli/yay/src/gopath/pkg/mod/golang.org/x/sys@v0.39.0/execabs/execabs_go118.go
0.6216505357519679,0,0,0,0,0,0,0.0,1,/home/mr1jk1/Documents/eli/yay/src/gopath/pkg/mod/golang.org/x/sys@v0.39.0/execabs/execabs_go119.go
0.6419742269488508,0,0,0,0,0,0,0.0,1,/home/mr1jk1/Documents/eli/yay/src/gopath/pkg/mod/golang.org/x/sys@v0.39.0/execabs/execabs_test.go
0.6348009964895241,0,0,0,0,0,0,0.0,1,/home/mr1jk1/Documents/eli/yay/src/gopath/pkg/mod/golang.org/x/sys@v0.39.0/plan9/asm.s
0.6769150497555362,0,0,0,0,0,0,0.0,1,/home/mr1jk1/Documents/eli/yay/src/gopath/pkg/mod/golang.org/x/sys@v0.39.0/plan9/asm_plan9_386.s
0.6764233886631414,0,0,0,0,0,0,0.0,1,/home/mr1jk1/Documents/eli/yay/src/gopath/pkg/mod/golang.org/x/sys@v0.39.0/plan9/asm_plan9_amd64.s
0.672793795321882,0,0,0,0,0,0,0.0,1,/home/mr1jk1/Documents/eli/yay/src/gopath/pkg/mod/golang.org/x/sys@v0.39.0/plan9/asm_plan9_arm.s
0.6029195201257944,0,0,0,0,0,0,0.0,1,/home/mr1jk1/Documents/eli/yay/src/gopath/pkg/mod/golang.org/x/sys@v0.39.0/plan9/const_plan9.go
0.6380513525601804,0,0,0,0,0,0,0.0,1,/home/mr1jk1/Documents/eli/yay/src/gopath/pkg/mod/golang.org/x/sys@v0.39.0/plan9/dir_plan9.go
0.6067344946125446,0,0,0,0,0,0,0.0,1,/home/mr1jk1/Documents/eli/yay/src/gopath/pkg/mod/golang.org/x/sys@v0.39.0/plan9/env_plan9.go
0.6329104757888095,0,0,0,0,0,0,0.0,1,/home/mr1jk1/Documents/eli/yay/src/gopath/pkg/mod/golang.org/x/sys@v0.39.0/plan9/errors_plan9.go
0.6437016615427914,0,1,0,0,0,0,0.0,1,/home/mr1jk1/Documents/eli/yay/src/gopath/pkg/mod/golang.org/x/sys@v0.39.0/plan9/mkall.sh
0.7143077677985259,0,1,0,0,0,0,0.0,1,/home/mr1jk1/Documents/eli/yay/src/gopath/pkg/mod/golang.org/x/sys@v0.39.0/plan9/mkerrors.sh
0.6446193913127355,0,0,0,0,0,0,0.0,1,/home/mr1jk1/Documents/eli/yay/src/gopath/pkg/mod/golang.org/x/sys@v0.39.0/plan9/mksyscall.go
0.7015539972738049,0,1,0,0,0,0,0.0,1,/home/mr1jk1/Documents/eli/yay/src/gopath/pkg/mod/golang.org/x/sys@v0.39.0/plan9/mksysnum_plan9.sh
0.6186408281459359,0,0,0,0,0,0,0.0,1,/home/mr1jk1/Documents/eli/yay/src/gopath/pkg/mod/golang.org/x/sys@v0.39.0/plan9/pwd_plan9.go
0.6068680065496835,0,0,0,0,0,0,0.0,1,/home/mr1jk1/Documents/eli/yay/src/gopath/pkg/mod/golang.org/x/sys@v0.39.0/plan9/race.go
0.6075302918095382,0,0,0,0,0,0,0.0,1,/home/mr1jk1/Documents/eli/yay/src/gopath/pkg/mod/golang.org/x/sys@v0.39.0/plan9/race0.go
0.630193789803212,0,0,0,0,0,0,0.0,1,/home/mr1jk1/Documents/eli/yay/src/gopath/pkg/mod/golang.org/x/sys@v0.39.0/plan9/str.go
0.6177994362765509,0,0,0,0,0,0,0.0,1,/home/mr1jk1/Documents/eli/yay/src/gopath/pkg/mod/golang.org/x/sys@v0.39.0/plan9/syscall.go
0.6303017307002972,0,0,0,0,0,0,0.0,1,/home/mr1jk1/Documents/eli/yay/src/gopath/pkg/mod/golang.org/x/sys@v0.39.0/plan9/syscall_plan9.go
0.6350406480565736,0,0,0,0,0,0,0.0,1,/home/mr1jk1/Documents/eli/yay/src/gopath/pkg/mod/golang.org/x/sys@v0.39.0/plan9/syscall_test.go
0.658304028047126,0,0,0,0,0,0,0.0,1,/home/mr1jk1/Documents/eli/yay/src/gopath/pkg/mod/golang.org/x/sys@v0.39.0/plan9/zsyscall_plan9_386.go
0.6582885756254332,0,0,0,0,0,0,0.0,1,/home/mr1jk1/Documents/eli/yay/src/gopath/pkg/mod/golang.org/x/sys@v0.39.0/plan9/zsyscall_plan9_amd64.go
0.6577608156122049,0,0,0,0,0,0,0.0,1,/home/mr1jk1/Documents/eli/yay/src/gopath/pkg/mod/golang.org/x/sys@v0.39.0/plan9/zsyscall_plan9_arm.go
0.5484851540519494,0,0,0,0,0,0,0.0,1,/home/mr1jk1/Documents/eli/yay/src/gopath/pkg/mod/golang.org/x/sys@v0.39.0/plan9/zsysnum_plan9.go
0.46875,0,0,0,0,0,0,0.0,1,/home/mr1jk1/Documents/eli/yay/src/gopath/pkg/mod/golang.org/x/sys@v0.39.0/unix/.gitignore
0.5894726031048504,0,0,1,0,0,0,0.0,1,/home/mr1jk1/Documents/eli/yay/src/gopath/pkg/mod/golang.org/x/sys@v0.39.0/unix/README.md
0.6349309063026127,0,0,0,0,0,0,0.0,1,/home/mr1jk1/Documents/eli/yay/src/gopath/pkg/mod/golang.org/x/sys@v0.39.0/unix/affinity_linux.go
0.6005502123514798,0,0,0,0,0,0,0.0,1,/home/mr1jk1/Documents/eli/yay/src/gopath/pkg/mod/golang.org/x/sys@v0.39.0/unix/aliases.go
0.6631318762502245,0,0,0,0,0,0,0.0,1,/home/mr1jk1/Documents/eli/yay/src/gopath/pkg/mod/golang.org/x/sys@v0.39.0/unix/asm_aix_ppc64.s
0.6800379190824489,0,0,0,0,0,0,0.0,1,/home/mr1jk1/Documents/eli/yay/src/gopath/pkg/mod/golang.org/x/sys@v0.39.0/unix/asm_bsd_386.s
0.6806469370761453,0,0,0,0,0,0,0.0,1,/home/mr1jk1/Documents/eli/yay/src/gopath/pkg/mod/golang.org/x/sys@v0.39.0/unix/asm_bsd_amd64.s
0.6741910764569073,0,0,0,0,0,0,0.0,1,/home/mr1jk1/Documents/eli/yay/src/gopath/pkg/mod/golang.org/x/sys@v0.39.0/unix/asm_bsd_arm.s
0.6807056430468601,0,0,0,0,0,0,0.0,1,/home/mr1jk1/Documents/eli/yay/src/gopath/pkg/mod/golang.org/x/sys@v0.39.0/unix/asm_bsd_arm64.s
0.6796134301161054,0,0,0,0,0,0,0.0,1,/home/mr1jk1/Documents/eli/yay/src/gopath/pkg/mod/golang.org/x/sys@v0.39.0/unix/asm_bsd_ppc64.s
0.6814740335774675,0,0,0,0,0,0,0.0,1,/home/mr1jk1/Documents/eli/yay/src/gopath/pkg/mod/golang.org/x/sys@v0.39.0/unix/asm_bsd_riscv64.s
0.7019101373460803,0,0,0,0,0,0,0.0,1,/home/mr1jk1/Documents/eli/yay/src/gopath/pkg/mod/golang.org/x/sys@v0.39.0/unix/asm_linux_386.s
0.7036454915090861,0,0,0,0,0,0,0.0,1,/home/mr1jk1/Documents/eli/yay/src/gopath/pkg/mod/golang.org/x/sys@v0.39.0/unix/asm_linux_amd64.s
0.6948904954695816,0,0,0,0,0,0,0.0,1,/home/mr1jk1/Documents/eli/yay/src/gopath/pkg/mod/golang.org/x/sys@v0.39.0/unix/asm_linux_arm.s
0.696947896780334,0,0,0,0,0,0,0.0,1,/home/mr1jk1/Documents/eli/yay/src/gopath/pkg/mod/golang.org/x/sys@v0.39.0/unix/asm_linux_arm64.s
0.6960382318546153,0,0,0,0,0,0,0.0,1,/home/mr1jk1/Documents/eli/yay/src/gopath/pkg/mod/golang.org/x/sys@v0.39.0/unix/asm_linux_loong64.s
0.69964391242928,0,0,0,0,0,0,0.0,1,/home/mr1jk1/Documents/eli/yay/src/gopath/pkg/mod/golang.org/x/sys@v0.39.0/unix/asm_linux_mips64x.s
0.7008353599905639,0,0,0,0,0,0,0.0,1,/home/mr1jk1/Documents/eli/yay/src/gopath/pkg/mod/golang.org/x/sys@v0.39.0/unix/asm_linux_mipsx.s
0.6968732584489178,0,0,0,0,0,0,0.0,1,/home/mr1jk1/Documents/eli/yay/src/gopath/pkg/mod/golang.org/x/sys@v0.39.0/unix/asm_linux_ppc64x.s
0.6988597907973259,0,0,0,0,0,0,0.0,1,/home/mr1jk1/Documents/eli/yay/src/gopath/pkg/mod/golang.org/x/sys@v0.39.0/unix/asm_linux_riscv64.s
0.7006793644367841,0,0,0,0,0,0,0.0,1,/home/mr1jk1/Documents/eli/yay/src/gopath/pkg/mod/golang.org/x/sys@v0.39.0/unix/asm_linux_s390x.s
0.676497385751427,0,0,0,0,0,0,0.0,1,/home/mr1jk1/Documents/eli/yay/src/gopath/pkg/mod/golang.org/x/sys@v0.39.0/unix/asm_openbsd_mips64.s
0.6589301738991005,0,0,0,0,0,0,0.0,1,/home/mr1jk1/Documents/eli/yay/src/gopath/pkg/mod/golang.org/x/sys@v0.39.0/unix/asm_solaris_amd64.s
0.6501742007166321,0,0,0,0,0,0,0.0,1,/home/mr1jk1/Documents/eli/yay/src/gopath/pkg/mod/golang.org/x/sys@v0.39.0/unix/asm_zos_s390x.s
0.6351196041611593,0,0,0,0,0,0,0.0,1,/home/mr1jk1/Documents/eli/yay/src/gopath/pkg/mod/golang.org/x/sys@v0.39.0/unix/auxv.go
0.6324433073358318,0,0,0,0,0,0,0.0,1,/home/mr1jk1/Documents/eli/yay/src/gopath/pkg/mod/golang.org/x/sys@v0.39.0/unix/auxv_linux_test.go
0.6303309043181743,0,0,0,0,0,0,0.0,1,/home/mr1jk1/Documents/eli/yay/src/gopath/pkg/mod/golang.org/x/sys@v0.39.0/unix/auxv_unsupported.go
0.642909415231968,0,0,0,0,0,0,0.0,1,/home/mr1jk1/Documents/eli/yay/src/gopath/pkg/mod/golang.org/x/sys@v0.39.0/unix/bluetooth_linux.go
0.6275357286153099,0,0,0,0,0,0,0.0,1,/home/mr1jk1/Documents/eli/yay/src/gopath/pkg/mod/golang.org/x/sys@v0.39.0/unix/bpxsvc_zos.go
0.5901927302598519,0,0,0,0,0,0,0.0,1,/home/mr1jk1/Documents/eli/yay/src/gopath/pkg/mod/golang.org/x/sys@v0.39.0/unix/bpxsvc_zos.s
0.6434811946214567,0,0,0,0,0,0,0.0,1,/home/mr1jk1/Documents/eli/yay/src/gopath/pkg/mod/golang.org/x/sys@v0.39.0/unix/cap_freebsd.go
0.62203468111473,0,0,0,0,0,0,0.0,1,/home/mr1jk1/Documents/eli/yay/src/gopath/pkg/mod/golang.org/x/sys@v0.39.0/unix/constants.go
0.6616916053663069,0,0,0,0,0,0,0.0,1,/home/mr1jk1/Documents/eli/yay/src/gopath/pkg/mod/golang.org/x/sys@v0.39.0/unix/creds_test.go
0.5831677069261796,0,0,0,0,0,0,0.0,1,/home/mr1jk1/Documents/eli/yay/src/gopath/pkg/mod/golang.org/x/sys@v0.39.0/unix/darwin_amd64_test.go
0.5806905787776911,0,0,0,0,0,0,0.0,1,/home/mr1jk1/Documents/eli/yay/src/gopath/pkg/mod/golang.org/x/sys@v0.39.0/unix/darwin_arm64_test.go
0.6089464317078213,0,0,0,0,0,0,0.0,1,/home/mr1jk1/Documents/eli/yay/src/gopath/pkg/mod/golang.org/x/sys@v0.39.0/unix/darwin_test.go
0.6126172520453145,0,0,0,0,0,0,0.0,1,/home/mr1jk1/Documents/eli/yay/src/gopath/pkg/mod/golang.org/x/sys@v0.39.0/unix/dev_aix_ppc.go
0.6316129734366498,0,0,0,0,0,0,0.0,1,/home/mr1jk1/Documents/eli/yay/src/gopath/pkg/mod/golang.org/x/sys@v0.39.0/unix/dev_aix_ppc64.go
0.6086423735972315,0,0,0,0,0,0,0.0,1,/home/mr1jk1/Documents/eli/yay/src/gopath/pkg/mod/golang.org/x/sys@v0.39.0/unix/dev_darwin.go
0.6097085245375704,0,0,0,0,0,0,0.0,1,/home/mr1jk1/Documents/eli/yay/src/gopath/pkg/mod/golang.org/x/sys@v0.39.0/unix/dev_dragonfly.go
0.6068446062868353,0,0,0,0,0,0,0.0,1,/home/mr1jk1/Documents/eli/yay/src/gopath/pkg/mod/golang.org/x/sys@v0.39.0/unix/dev_freebsd.go
0.6216031945884893,0,0,0,0,0,0,0.0,1,/home/mr1jk1/Documents/eli/yay/src/gopath/pkg/mod/golang.org/x/sys@v0.39.0/unix/dev_linux.go
0.6432516203733964,0,0,0,0,0,0,0.0,1,/home/mr1jk1/Documents/eli/yay/src/gopath/pkg/mod/golang.org/x/sys@v0.39.0/unix/dev_linux_test.go
0.6253041858365351,0,0,0,0,0,0,0.0,1,/home/mr1jk1/Documents/eli/yay/src/gopath/pkg/mod/golang.org/x/sys@v0.39.0/unix/dev_netbsd.go
0.6253632721059477,0,0,0,0,0,0,0.0,1,/home/mr1jk1/Documents/eli/yay/src/gopath/pkg/mod/golang.org/x/sys@v0.39.0/unix/dev_openbsd.go
0.6200818972246336,0,0,0,0,0,0,0.0,1,/home/mr1jk1/Documents/eli/yay/src/gopath/pkg/mod/golang.org/x/sys@v0.39.0/unix/dev_zos.go
0.6428643822769811,0,0,0,0,0,0,0.0,1,/home/mr1jk1/Documents/eli/yay/src/gopath/pkg/mod/golang.org/x/sys@v0.39.0/unix/dev_zos_test.go
0.6440479871562641,0,0,0,0,0,0,0.0,1,/home/mr1jk1/Documents/eli/yay/src/gopath/pkg/mod/golang.org/x/sys@v0.39.0/unix/dirent.go
0.6529967008882515,0,0,0,0,0,0,0.0,1,/home/mr1jk1/Documents/eli/yay/src/gopath/pkg/mod/golang.org/x/sys@v0.39.0/unix/dirent_test.go
0.6456643000085343,0,0,0,0,0,0,0.0,1,/home/mr1jk1/Documents/eli/yay/src/gopath/pkg/mod/golang.org/x/sys@v0.39.0/unix/dup3_test.go
0.6044846805704025,0,0,0,0,0,0,0.0,1,/home/mr1jk1/Documents/eli/yay/src/gopath/pkg/mod/golang.org/x/sys@v0.39.0/unix/endian_big.go
0.5975181220798211,0,0,0,0,0,0,0.0,1,/home/mr1jk1/Documents/eli/yay/src/gopath/pkg/mod/golang.org/x/sys@v0.39.0/unix/endian_little.go
0.6114267740264121,0,0,0,0,0,0,0.0,1,/home/mr1jk1/Documents/eli/yay/src/gopath/pkg/mod/golang.org/x/sys@v0.39.0/unix/env_unix.go
0.6310863032483817,0,0,0,0,0,0,0.0,1,/home/mr1jk1/Documents/eli/yay/src/gopath/pkg/mod/golang.org/x/sys@v0.39.0/unix/example_exec_test.go
0.6433005782791806,0,0,0,0,0,0,0.0,1,/home/mr1jk1/Documents/eli/yay/src/gopath/pkg/mod/golang.org/x/sys@v0.39.0/unix/example_flock_test.go
0.6368523722503805,0,0,0,0,0,0,0.0,1,/home/mr1jk1/Documents/eli/yay/src/gopath/pkg/mod/golang.org/x/sys@v0.39.0/unix/example_sysvshm_test.go
0.6152308792679381,0,0,0,0,0,0,0.0,1,/home/mr1jk1/Documents/eli/yay/src/gopath/pkg/mod/golang.org/x/sys@v0.39.0/unix/export_mremap_test.go
0.6313708668954346,0,0,0,0,0,0,0.0,1,/home/mr1jk1/Documents/eli/yay/src/gopath/pkg/mod/golang.org/x/sys@v0.39.0/unix/fcntl.go
0.6160416011656656,0,0,0,0,0,0,0.0,1,/home/mr1jk1/Documents/eli/yay/src/gopath/pkg/mod/golang.org/x/sys@v0.39.0/unix/fcntl_darwin.go
0.6441736396784817,0,0,0,0,0,0,0.0,1,/home/mr1jk1/Documents/eli/yay/src/gopath/pkg/mod/golang.org/x/sys@v0.39.0/unix/fcntl_linux_32bit.go
0.6315745396413852,0,0,0,0,0,0,0.0,1,/home/mr1jk1/Documents/eli/yay/src/gopath/pkg/mod/golang.org/x/sys@v0.39.0/unix/fdset.go
0.6335726143898305,0,0,0,0,0,0,0.0,1,/home/mr1jk1/Documents/eli/yay/src/gopath/pkg/mod/golang.org/x/sys@v0.39.0/unix/fdset_test.go
0.5966794029112957,0,0,0,0,0,0,0.0,1,/home/mr1jk1/Documents/eli/yay/src/gopath/pkg/mod/golang.org/x/sys@v0.39.0/unix/gccgo.go
0.6294119120278511,0,0,0,0,0,0,0.0,1,/home/mr1jk1/Documents/eli/yay/src/gopath/pkg/mod/golang.org/x/sys@v0.39.0/unix/gccgo_c.c
0.628318593909183,0,0,0,0,0,0,0.0,1,/home/mr1jk1/Documents/eli/yay/src/gopath/pkg/mod/golang.org/x/sys@v0.39.0/unix/gccgo_linux_amd64.go
0.6500320028291092,0,0,0,0,0,0,0.0,1,/home/mr1jk1/Documents/eli/yay/src/gopath/pkg/mod/golang.org/x/sys@v0.39.0/unix/getdirentries_test.go
0.6418743785544898,0,0,0,0,0,0,0.0,1,/home/mr1jk1/Documents/eli/yay/src/gopath/pkg/mod/golang.org/x/sys@v0.39.0/unix/getfsstat_test.go
0.6441249161343885,0,0,0,0,0,0,0.0,1,/home/mr1jk1/Documents/eli/yay/src/gopath/pkg/mod/golang.org/x/sys@v0.39.0/unix/getvfsstat_test.go
0.6279578250657043,0,0,0,0,0,0,0.0,1,/home/mr1jk1/Documents/eli/yay/src/gopath/pkg/mod/golang.org/x/sys@v0.39.0/unix/ifreq_linux.go
0.645877356691104,0,0,0,0,0,0,0.0,1,/home/mr1jk1/Documents/eli/yay/src/gopath/pkg/mod/golang.org/x/sys@v0.39.0/unix/ifreq_linux_test.go
0.6469274976208637,0,0,0,0,0,0,0.0,1,/home/mr1jk1/Documents/eli/yay/src/gopath/pkg/mod/golang.org/x/sys@v0.39.0/unix/ioctl_linux.go
0.6018978924984782,0,0,0,0,0,0,0.0,1,/home/mr1jk1/Documents/eli/yay/src/gopath/pkg/mod/golang.org/x/sys@v0.39.0/unix/ioctl_signed.go
0.6035285801911984,0,0,0,0,0,0,0.0,1,/home/mr1jk1/Documents/eli/yay/src/gopath/pkg/mod/golang.org/x/sys@v0.39.0/unix/ioctl_unsigned.go
0.6162827033096842,0,0,0,0,0,0,0.0,1,/home/mr1jk1/Documents/eli/yay/src/gopath/pkg/mod/golang.org/x/sys@v0.39.0/unix/ioctl_zos.go
0.6522025703269809,0,1,0,0,0,0,0.0,1,/home/mr1jk1/Documents/eli/yay/src/gopath/pkg/mod/golang.org/x/sys@v0.39.0/unix/mkall.sh
0.6570218371855603,0,0,0,0,0,0,0.0,1,/home/mr1jk1/Documents/eli/yay/src/gopath/pkg/mod/golang.org/x/sys@v0.39.0/unix/mkasm.go
0.7117867016482924,0,1,0,0,0,0,0.0,1,/home/mr1jk1/Documents/eli/yay/src/gopath/pkg/mod/golang.org/x/sys@v0.39.0/unix/mkerrors.sh
0.6736900589111952,0,0,0,0,0,0,0.0,1,/home/mr1jk1/Documents/eli/yay/src/gopath/pkg/mod/golang.org/x/sys@v0.39.0/unix/mkpost.go
0.6435000121453991,0,0,0,0,0,0,0.0,1,/home/mr1jk1/Documents/eli/yay/src/gopath/pkg/mod/golang.org/x/sys@v0.39.0/unix/mksyscall.go
0.6387122177724379,0,0,0,0,0,0,0.0,1,/home/mr1jk1/Documents/eli/yay/src/gopath/pkg/mod/golang.org/x/sys@v0.39.0/unix/mksyscall_aix_ppc.go
0.6446204750012562,0,0,0,0,0,0,0.0,1,/home/mr1jk1/Documents/eli/yay/src/gopath/pkg/mod/golang.org/x/sys@v0.39.0/unix/mksyscall_aix_ppc64.go
0.6414559592934982,0,0,0,0,0,0,0.0,1,/home/mr1jk1/Documents/eli/yay/src/gopath/pkg/mod/golang.org/x/sys@v0.39.0/unix/mksyscall_solaris.go
0.6625319650729187,0,0,0,0,0,0,0.0,1,/home/mr1jk1/Documents/eli/yay/src/gopath/pkg/mod/golang.org/x/sys@v0.39.0/unix/mksyscall_zos_s390x.go
0.6491524665564379,0,0,0,0,0,0,0.0,1,/home/mr1jk1/Documents/eli/yay/src/gopath/pkg/mod/golang.org/x/sys@v0.39.0/unix/mksysctl_openbsd.go
0.6679224265658967,0,0,0,0,0,0,0.0,1,/home/mr1jk1/Documents/eli/yay/src/gopath/pkg/mod/golang.org/x/sys@v0.39.0/unix/mksysnum.go
0.6245545188693356,0,0,0,0,0,0,0.0,1,/home/mr1jk1/Documents/eli/yay/src/gopath/pkg/mod/golang.org/x/sys@v0.39.0/unix/mmap_nomremap.go
0.6836226143043935,0,0,0,0,0,0,0.0,1,/home/mr1jk1/Documents/eli/yay/src/gopath/pkg/mod/golang.org/x/sys@v0.39.0/unix/mmap_unix_test.go
0.6690156552777584,0,0,0,0,0,0,0.0,1,/home/mr1jk1/Documents/eli/yay/src/gopath/pkg/mod/golang.org/x/sys@v0.39.0/unix/mmap_zos_test.go
0.637467676909419,0,0,0,0,0,0,0.0,1,/home/mr1jk1/Documents/eli/yay/src/gopath/pkg/mod/golang.org/x/sys@v0.39.0/unix/mremap.go
0.6675395145661213,0,0,0,0,0,0,0.0,1,/home/mr1jk1/Documents/eli/yay/src/gopath/pkg/mod/golang.org/x/sys@v0.39.0/unix/mremap_test.go
0.6195497644915257,0,0,0,0,0,0,0.0,1,/home/mr1jk1/Documents/eli/yay/src/gopath/pkg/mod/golang.org/x/sys@v0.39.0/unix/openbsd_test.go
0.6072396687540207,0,0,0,0,0,0,0.0,1,/home/mr1jk1/Documents/eli/yay/src/gopath/pkg/mod/golang.org/x/sys@v0.39.0/unix/pagesize_unix.go
0.6543136372304743,0,0,0,0,0,0,0.0,1,/home/mr1jk1/Documents/eli/yay/src/gopath/pkg/mod/golang.org/x/sys@v0.39.0/unix/pipe2_test.go
0.6071352269406194,0,0,0,0,0,0,0.0,1,/home/mr1jk1/Documents/eli/yay/src/gopath/pkg/mod/golang.org/x/sys@v0.39.0/unix/pledge_openbsd.go
0.6002682743495118,0,0,0,0,0,0,0.0,1,/home/mr1jk1/Documents/eli/yay/src/gopath/pkg/mod/golang.org/x/sys@v0.39.0/unix/ptrace_darwin.go
0.6040793193754632,0,0,0,0,0,0,0.0,1,/home/mr1jk1/Documents/eli/yay/src/gopath/pkg/mod/golang.org/x/sys@v0.39.0/unix/ptrace_ios.go
0.6087281929806678,0,0,0,0,0,0,0.0,1,/home/mr1jk1/Documents/eli/yay/src/gopath/pkg/mod/golang.org/x/sys@v0.39.0/unix/race.go
0.6101930837887486,0,0,0,0,0,0,0.0,1,/home/mr1jk1/Documents/eli/yay/src/gopath/pkg/mod/golang.org/x/sys@v0.39.0/unix/race0.go
0.5994045180382781,0,0,0,0,0,0,0.0,1,/home/mr1jk1/Documents/eli/yay/src/gopath/pkg/mod/golang.org/x/sys@v0.39.0/unix/readdirent_getdents.go
0.6123012334465382,0,0,0,0,0,0,0.0,1,/home/mr1jk1/Documents/eli/yay/src/gopath/pkg/mod/golang.org/x/sys@v0.39.0/unix/readdirent_getdirentries.go
0.62352261435852,0,0,0,0,0,0,0.0,1,/home/mr1jk1/Documents/eli/yay/src/gopath/pkg/mod/golang.org/x/sys@v0.39.0/unix/sendfile_test.go
0.6289977270517968,0,0,0,0,0,0,0.0,1,/home/mr1jk1/Documents/eli/yay/src/gopath/pkg/mod/golang.org/x/sys@v0.39.0/unix/sockcmsg_dragonfly.go
0.6685196007460886,0,0,0,0,0,0,0.0,1,/home/mr1jk1/Documents/eli/yay/src/gopath/pkg/mod/golang.org/x/sys@v0.39.0/unix/sockcmsg_linux.go
0.6385865677250321,0,0,0,0,0,0,0.0,1,/home/mr1jk1/Documents/eli/yay/src/gopath/pkg/mod/golang.org/x/sys@v0.39.0/unix/sockcmsg_unix.go
0.63933566223387,0,0,0,0,0,0,0.0,1,/home/mr1jk1/Documents/eli/yay/src/gopath/pkg/mod/golang.org/x/sys@v0.39.0/unix/sockcmsg_unix_other.go
0.6593032709935674,0,0,0,0,0,0,0.0,1,/home/mr1jk1/Documents/eli/yay/src/gopath/pkg/mod/golang.org/x/sys@v0.39.0/unix/sockcmsg_zos.go
0.6879490057666064,0,0,0,0,0,0,0.0,1,/home/mr1jk1/Documents/eli/yay/src/gopath/pkg/mod/golang.org/x/sys@v0.39.0/unix/symaddr_zos_s390x.s
0.6122845681306556,0,0,0,0,0,0,0.0,1,/home/mr1jk1/Documents/eli/yay/src/gopath/pkg/mod/golang.org/x/sys@v0.39.0/unix/syscall.go
0.6369327956356264,0,0,0,0,0,0,0.0,1,/home/mr1jk1/Documents/eli/yay/src/gopath/pkg/mod/golang.org/x/sys@v0.39.0/unix/syscall_aix.go
0.6134265315284742,0,0,0,0,0,0,0.0,1,/home/mr1jk1/Documents/eli/yay/src/gopath/pkg/mod/golang.org/x/sys@v0.39.0/unix/syscall_aix_ppc.go
0.6182886970561752,0,0,0,0,0,0,0.0,1,/home/mr1jk1/Documents/eli/yay/src/gopath/pkg/mod/golang.org/x/sys@v0.39.0/unix/syscall_aix_ppc64.go
0.6469465466187846,0,0,0,0,0,0,0.0,1,/home/mr1jk1/Documents/eli/yay/src/gopath/pkg/mod/golang.org/x/sys@v0.39.0/unix/syscall_aix_test.go
0.6455165532096097,0,0,0,0,0,0,0.0,1,/home/mr1jk1/Documents/eli/yay/src/gopath/pkg/mod/golang.org/x/sys@v0.39.0/unix/syscall_bsd.go
0.6570559932310063,0,0,0,0,0,0,0.0,1,/home/mr1jk1/Documents/eli/yay/src/gopath/pkg/mod/golang.org/x/sys@v0.39.0/unix/syscall_bsd_test.go
0.6298593306361815,0,0,0,0,0,0,0.0,1,/home/mr1jk1/Documents/eli/yay/src/gopath/pkg/mod/golang.org/x/sys@v0.39.0/unix/syscall_darwin.go
0.6363981742309568,0,0,0,0,0,0,0.0,1,/home/mr1jk1/Documents/eli/yay/src/gopath/pkg/mod/golang.org/x/sys@v0.39.0/unix/syscall_darwin_amd64.go
0.626494670996227,0,0,0,0,0,0,0.0,1,/home/mr1jk1/Documents/eli/yay/src/gopath/pkg/mod/golang.org/x/sys@v0.39.0/unix/syscall_darwin_arm64.go
0.6012442067560099,0,0,0,0,0,0,0.0,1,/home/mr1jk1/Documents/eli/yay/src/gopath/pkg/mod/golang.org/x/sys@v0.39.0/unix/syscall_darwin_libSystem.go
0.6486579422961415,0,0,0,0,0,0,0.0,1,/home/mr1jk1/Documents/eli/yay/src/gopath/pkg/mod/golang.org/x/sys@v0.39.0/unix/syscall_darwin_test.go
0.6335129094904981,0,0,0,0,0,0,0.0,1,/home/mr1jk1/Documents/eli/yay/src/gopath/pkg/mod/golang.org/x/sys@v0.39.0/unix/syscall_dragonfly.go
0.6374978514662051,0,0,0,0,0,0,0.0,1,/home/mr1jk1/Documents/eli/yay/src/gopath/pkg/mod/golang.org/x/sys@v0.39.0/unix/syscall_dragonfly_amd64.go
0.6334879420663594,0,0,0,0,0,0,0.0,1,/home/mr1jk1/Documents/eli/yay/src/gopath/pkg/mod/golang.org/x/sys@v0.39.0/unix/syscall_freebsd.go
0.6404879723673322,0,0,0,0,0,0,0.0,1,/home/mr1jk1/Documents/eli/yay/src/gopath/pkg/mod/golang.org/x/sys@v0.39.0/unix/syscall_freebsd_386.go
0.6388496348173152,0,0,0,0,0,0,0.0,1,/home/mr1jk1/Documents/eli/yay/src/gopath/pkg/mod/golang.org/x/sys@v0.39.0/unix/syscall_freebsd_amd64.go
0.6374383162157076,0,0,0,0,0,0,0.0,1,/home/mr1jk1/Documents/eli/yay/src/gopath/pkg/mod/golang.org/x/sys@v0.39.0/unix/syscall_freebsd_arm.go
0.6367738693826968,0,0,0,0,0,0,0.0,1,/home/mr1jk1/Documents/eli/yay/src/gopath/pkg/mod/golang.org/x/sys@v0.39.0/unix/syscall_freebsd_arm64.go
0.6364738546759,0,0,0,0,0,0,0.0,1,/home/mr1jk1/Documents/eli/yay/src/gopath/pkg/mod/golang.org/x/sys@v0.39.0/unix/syscall_freebsd_riscv64.go
0.6640987796684623,0,0,0,0,0,0,0.0,1,/home/mr1jk1/Documents/eli/yay/src/gopath/pkg/mod/golang.org/x/sys@v0.39.0/unix/syscall_freebsd_test.go
0.6170003445539096,0,0,0,0,0,0,0.0,1,/home/mr1jk1/Documents/eli/yay/src/gopath/pkg/mod/golang.org/x/sys@v0.39.0/unix/syscall_hurd.go
0.6326783918267227,0,0,0,0,0,0,0.0,1,/home/mr1jk1/Documents/eli/yay/src/gopath/pkg/mod/golang.org/x/sys@v0.39.0/unix/syscall_hurd_386.go
0.6179051165899219,0,0,0,0,0,0,0.0,1,/home/mr1jk1/Documents/eli/yay/src/gopath/pkg/mod/golang.org/x/sys@v0.39.0/unix/syscall_illumos.go
0.6568494189209209,0,0,0,0,0,0,0.0,1,/home/mr1jk1/Documents/eli/yay/src/gopath/pkg/mod/golang.org/x/sys@v0.39.0/unix/syscall_internal_bsd_test.go
0.6587342943873654,0,0,0,0,0,0,0.0,1,/home/mr1jk1/Documents/eli/yay/src/gopath/pkg/mod/golang.org/x/sys@v0.39.0/unix/syscall_internal_darwin_test.go
0.6668937301010899,0,0,0,0,0,0,0.0,1,/home/mr1jk1/Documents/eli/yay/src/gopath/pkg/mod/golang.org/x/sys@v0.39.0/unix/syscall_internal_linux_test.go
0.6196309104465056,0,0,0,0,0,0,0.0,1,/home/mr1jk1/Documents/eli/yay/src/gopath/pkg/mod/golang.org/x/sys@v0.39.0/unix/syscall_internal_solaris_test.go
0.6573019729705979,0,0,0,0,0,0,0.0,1,/home/mr1jk1/Documents/eli/yay/src/gopath/pkg/mod/golang.org/x/sys@v0.39.0/unix/syscall_linux.go
0.6413136663271665,0,0,0,0,0,0,0.0,1,/home/mr1jk1/Documents/eli/yay/src/gopath/pkg/mod/golang.org/x/sys@v0.39.0/unix/syscall_linux_386.go
0.6208270995298321,0,0,0,0,0,0,0.0,1,/home/mr1jk1/Documents/eli/yay/src/gopath/pkg/mod/golang.org/x/sys@v0.39.0/unix/syscall_linux_alarm.go
0.6191243417973847,0,0,0,0,0,0,0.0,1,/home/mr1jk1/Documents/eli/yay/src/gopath/pkg/mod/golang.org/x/sys@v0.39.0/unix/syscall_linux_amd64.go
0.6166206061626983,0,0,0,0,0,0,0.0,1,/home/mr1jk1/Documents/eli/yay/src/gopath/pkg/mod/golang.org/x/sys@v0.39.0/unix/syscall_linux_amd64_gc.go
0.6392358157273371,0,0,0,0,0,0,0.0,1,/home/mr1jk1/Documents/eli/yay/src/gopath/pkg/mod/golang.org/x/sys@v0.39.0/unix/syscall_linux_arm.go
0.6306941286630521,0,0,0,0,0,0,0.0,1,/home/mr1jk1/Documents/eli/yay/src/gopath/pkg/mod/golang.org/x/sys@v0.39.0/unix/syscall_linux_arm64.go
0.6061478915768818,0,0,0,0,0,0,0.0,1,/home/mr1jk1/Documents/eli/yay/src/gopath/pkg/mod/golang.org/x/sys@v0.39.0/unix/syscall_linux_gc.go
0.6058888155626306,0,0,0,0,0,0,0.0,1,/home/mr1jk1/Documents/eli/yay/src/gopath/pkg/mod/golang.org/x/sys@v0.39.0/unix/syscall_linux_gc_386.go
0.602384344085771,0,0,0,0,0,0,0.0,1,/home/mr1jk1/Documents/eli/yay/src/gopath/pkg/mod/golang.org/x/sys@v0.39.0/unix/syscall_linux_gc_arm.go
0.6392380789438614,0,0,0,0,0,0,0.0,1,/home/mr1jk1/Documents/eli/yay/src/gopath/pkg/mod/golang.org/x/sys@v0.39.0/unix/syscall_linux_gccgo_386.go
0.6333401133633584,0,0,0,0,0,0,0.0,1,/home/mr1jk1/Documents/eli/yay/src/gopath/pkg/mod/golang.org/x/sys@v0.39.0/unix/syscall_linux_gccgo_arm.go
0.6381136687334376,0,0,0,0,0,0,0.0,1,/home/mr1jk1/Documents/eli/yay/src/gopath/pkg/mod/golang.org/x/sys@v0.39.0/unix/syscall_linux_loong64.go
0.6197144993404965,0,0,0,0,0,0,0.0,1,/home/mr1jk1/Documents/eli/yay/src/gopath/pkg/mod/golang.org/x/sys@v0.39.0/unix/syscall_linux_mips64x.go
0.6298802758577664,0,0,0,0,0,0,0.0,1,/home/mr1jk1/Documents/eli/yay/src/gopath/pkg/mod/golang.org/x/sys@v0.39.0/unix/syscall_linux_mipsx.go
0.631196725878056,0,0,0,0,0,0,0.0,1,/home/mr1jk1/Documents/eli/yay/src/gopath/pkg/mod/golang.org/x/sys@v0.39.0/unix/syscall_linux_ppc.go
0.6176288179504958,0,0,0,0,0,0,0.0,1,/home/mr1jk1/Documents/eli/yay/src/gopath/pkg/mod/golang.org/x/sys@v0.39.0/unix/syscall_linux_ppc64x.go
0.6333803194588853,0,0,0,0,0,0,0.0,1,/home/mr1jk1/Documents/eli/yay/src/gopath/pkg/mod/golang.org/x/sys@v0.39.0/unix/syscall_linux_riscv64.go
0.6298944060308163,0,0,0,0,0,0,0.0,1,/home/mr1jk1/Documents/eli/yay/src/gopath/pkg/mod/golang.org/x/sys@v0.39.0/unix/syscall_linux_s390x.go
0.6135506569896455,0,0,0,0,0,0,0.0,1,/home/mr1jk1/Documents/eli/yay/src/gopath/pkg/mod/golang.org/x/sys@v0.39.0/unix/syscall_linux_sparc64.go
0.6626145816871248,0,0,0,0,0,0,0.0,1,/home/mr1jk1/Documents/eli/yay/src/gopath/pkg/mod/golang.org/x/sys@v0.39.0/unix/syscall_linux_test.go
0.6265387684562442,0,0,0,0,0,0,0.0,1,/home/mr1jk1/Documents/eli/yay/src/gopath/pkg/mod/golang.org/x/sys@v0.39.0/unix/syscall_netbsd.go
0.6292708481736173,0,0,0,0,0,0,0.0,1,/home/mr1jk1/Documents/eli/yay/src/gopath/pkg/mod/golang.org/x/sys@v0.39.0/unix/syscall_netbsd_386.go
0.6293641172171353,0,0,0,0,0,0,0.0,1,/home/mr1jk1/Documents/eli/yay/src/gopath/pkg/mod/golang.org/x/sys@v0.39.0/unix/syscall_netbsd_amd64.go
0.6275192630852445,0,0,0,0,0,0,0.0,1,/home/mr1jk1/Documents/eli/yay/src/gopath/pkg/mod/golang.org/x/sys@v0.39.0/unix/syscall_netbsd_arm.go
0.6296379413875591,0,0,0,0,0,0,0.0,1,/home/mr1jk1/Documents/eli/yay/src/gopath/pkg/mod/golang.org/x/sys@v0.39.0/unix/syscall_netbsd_arm64.go
0.6459082832983059,0,0,0,0,0,0,0.0,1,/home/mr1jk1/Documents/eli/yay/src/gopath/pkg/mod/golang.org/x/sys@v0.39.0/unix/syscall_netbsd_test.go
0.6243985532144212,0,0,0,0,0,0,0.0,1,/home/mr1jk1/Documents/eli/yay/src/gopath/pkg/mod/golang.org/x/sys@v0.39.0/unix/syscall_openbsd.go
0.6377410834143756,0,0,0,0,0,0,0.0,1,/home/mr1jk1/Documents/eli/yay/src/gopath/pkg/mod/golang.org/x/sys@v0.39.0/unix/syscall_openbsd_386.go
0.6361845818785553,0,0,0,0,0,0,0.0,1,/home/mr1jk1/Documents/eli/yay/src/gopath/pkg/mod/golang.org/x/sys@v0.39.0/unix/syscall_openbsd_amd64.go
0.6356589703336827,0,0,0,0,0,0,0.0,1,/home/mr1jk1/Documents/eli/yay/src/gopath/pkg/mod/golang.org/x/sys@v0.39.0/unix/syscall_openbsd_arm.go
0.6360965560828578,0,0,0,0,0,0,0.0,1,/home/mr1jk1/Documents/eli/yay/src/gopath/pkg/mod/golang.org/x/sys@v0.39.0/unix/syscall_openbsd_arm64.go
0.6048847670657285,0,0,0,0,0,0,0.0,1,/home/mr1jk1/Documents/eli/yay/src/gopath/pkg/mod/golang.org/x/sys@v0.39.0/unix/syscall_openbsd_libc.go
0.6342204278229713,0,0,0,0,0,0,0.0,1,/home/mr1jk1/Documents/eli/yay/src/gopath/pkg/mod/golang.org/x/sys@v0.39.0/unix/syscall_openbsd_mips64.go
0.6364154576859518,0,0,0,0,0,0,0.0,1,/home/mr1jk1/Documents/eli/yay/src/gopath/pkg/mod/golang.org/x/sys@v0.39.0/unix/syscall_openbsd_ppc64.go
0.6355444436488191,0,0,0,0,0,0,0.0,1,/home/mr1jk1/Documents/eli/yay/src/gopath/pkg/mod/golang.org/x/sys@v0.39.0/unix/syscall_openbsd_riscv64.go
0.6480802902668006,0,0,0,0,0,0,0.0,1,/home/mr1jk1/Documents/eli/yay/src/gopath/pkg/mod/golang.org/x/sys@v0.39.0/unix/syscall_openbsd_test.go
0.635184308250633,0,0,0,0,0,0,0.0,1,/home/mr1jk1/Documents/eli/yay/src/gopath/pkg/mod/golang.org/x/sys@v0.39.0/unix/syscall_solaris.go
0.622473713198189,0,0,0,0,0,0,0.0,1,/home/mr1jk1/Documents/eli/yay/src/gopath/pkg/mod/golang.org/x/sys@v0.39.0/unix/syscall_solaris_amd64.go
0.6429693916249597,0,0,0,0,0,0,0.0,1,/home/mr1jk1/Documents/eli/yay/src/gopath/pkg/mod/golang.org/x/sys@v0.39.0/unix/syscall_solaris_test.go
0.6495641023890458,0,0,0,0,0,0,0.0,1,/home/mr1jk1/Documents/eli/yay/src/gopath/pkg/mod/golang.org/x/sys@v0.39.0/unix/syscall_test.go
0.6326430365512321,0,0,0,0,0,0,0.0,1,/home/mr1jk1/Documents/eli/yay/src/gopath/pkg/mod/golang.org/x/sys@v0.39.0/unix/syscall_unix.go
0.6118205102559984,0,0,0,0,0,0,0.0,1,/home/mr1jk1/Documents/eli/yay/src/gopath/pkg/mod/golang.org/x/sys@v0.39.0/unix/syscall_unix_gc.go
0.6068882922622213,0,0,0,0,0,0,0.0,1,/home/mr1jk1/Documents/eli/yay/src/gopath/pkg/mod/golang.org/x/sys@v0.39.0/unix/syscall_unix_gc_ppc64x.go
0.6593223196187414,0,0,0,0,0,0,0.0,1,/home/mr1jk1/Documents/eli/yay/src/gopath/pkg/mod/golang.org/x/sys@v0.39.0/unix/syscall_unix_test.go
0.6602889746214795,0,0,0,0,0,0,0.0,1,/home/mr1jk1/Documents/eli/yay/src/gopath/pkg/mod/golang.org/x/sys@v0.39.0/unix/syscall_zos_s390x.go
0.6628262490551748,0,0,0,0,0,0,0.0,1,/home/mr1jk1/Documents/eli/yay/src/gopath/pkg/mod/golang.org/x/sys@v0.39.0/unix/syscall_zos_test.go
0.6389809236293582,0,0,0,0,0,0,0.0,1,/home/mr1jk1/Documents/eli/yay/src/gopath/pkg/mod/golang.org/x/sys@v0.39.0/unix/sysctl_netbsd_test.go
0.6333206638616363,0,0,0,0,0,0,0.0,1,/home/mr1jk1/Documents/eli/yay/src/gopath/pkg/mod/golang.org/x/sys@v0.39.0/unix/sysvshm_linux.go
0.6135391249823076,0,0,0,0,0,0,0.0,1,/home/mr1jk1/Documents/eli/yay/src/gopath/pkg/mod/golang.org/x/sys@v0.39.0/unix/sysvshm_unix.go
0.6091316515178499,0,0,0,0,0,0,0.0,1,/home/mr1jk1/Documents/eli/yay/src/gopath/pkg/mod/golang.org/x/sys@v0.39.0/unix/sysvshm_unix_other.go
0.6634973063083524,0,0,0,0,0,0,0.0,1,/home/mr1jk1/Documents/eli/yay/src/gopath/pkg/mod/golang.org/x/sys@v0.39.0/unix/sysvshm_unix_test.go
0.6065238395356665,0,0,0,0,0,0,0.0,1,/home/mr1jk1/Documents/eli/yay/src/gopath/pkg/mod/golang.org/x/sys@v0.39.0/unix/timestruct.go
0.6482631563052897,0,0,0,0,0,0,0.0,1,/home/mr1jk1/Documents/eli/yay/src/gopath/pkg/mod/golang.org/x/sys@v0.39.0/unix/timestruct_test.go
0.6481941334317558,0,0,0,0,0,0,0.0,1,/home/mr1jk1/Documents/eli/yay/src/gopath/pkg/mod/golang.org/x/sys@v0.39.0/unix/types_aix.go
0.6493135358265044,0,0,0,0,0,0,0.0,1,/home/mr1jk1/Documents/eli/yay/src/gopath/pkg/mod/golang.org/x/sys@v0.39.0/unix/types_darwin.go
0.6487590370779317,0,0,0,0,0,0,0.0,1,/home/mr1jk1/Documents/eli/yay/src/gopath/pkg/mod/golang.org/x/sys@v0.39.0/unix/types_dragonfly.go
0.6510419072439533,0,0,0,0,0,0,0.0,1,/home/mr1jk1/Documents/eli/yay/src/gopath/pkg/mod/golang.org/x/sys@v0.39.0/unix/types_freebsd.go
0.6570618978455861,0,0,0,0,0,0,0.0,1,/home/mr1jk1/Documents/eli/yay/src/gopath/pkg/mod/golang.org/x/sys@v0.39.0/unix/types_netbsd.go
0.6496985699601214,0,0,0,0,0,0,0.0,1,/home/mr1jk1/Documents/eli/yay/src/gopath/pkg/mod/golang.org/x/sys@v0.39.0/unix/types_openbsd.go
0.6669563954994311,0,0,0,0,0,0,0.0,1,/home/mr1jk1/Documents/eli/yay/src/gopath/pkg/mod/golang.org/x/sys@v0.39.0/unix/types_solaris.go
0.6136421019309841,0,0,0,0,0,0,0.0,1,/home/mr1jk1/Documents/eli/yay/src/gopath/pkg/mod/golang.org/x/sys@v0.39.0/unix/unveil_openbsd.go
0.6172834582462203,0,0,0,0,0,0,0.0,1,/home/mr1jk1/Documents/eli/yay/src/gopath/pkg/mod/golang.org/x/sys@v0.39.0/unix/vgetrandom_linux.go
0.6229946624037962,0,0,0,0,0,0,0.0,1,/home/mr1jk1/Documents/eli/yay/src/gopath/pkg/mod/golang.org/x/sys@v0.39.0/unix/vgetrandom_unsupported.go
0.6191551135506441,0,0,0,0,0,0,0.0,1,/home/mr1jk1/Documents/eli/yay/src/gopath/pkg/mod/golang.org/x/sys@v0.39.0/unix/xattr_bsd.go
0.6239319075848891,0,0,0,0,0,0,0.0,1,/home/mr1jk1/Documents/eli/yay/src/gopath/pkg/mod/golang.org/x/sys@v0.39.0/unix/xattr_test.go
0.6198858789944243,0,0,0,0,0,0,0.0,1,/home/mr1jk1/Documents/eli/yay/src/gopath/pkg/mod/golang.org/x/sys@v0.39.0/unix/xattr_zos_test.go
0.5180392710307893,0,0,0,0,0,0,0.0,1,/home/mr1jk1/Documents/eli/yay/src/gopath/pkg/mod/golang.org/x/sys@v0.39.0/unix/zerrors_aix_ppc.go
0.519784076414206,0,0,0,0,0,0,0.0,1,/home/mr1jk1/Documents/eli/yay/src/gopath/pkg/mod/golang.org/x/sys@v0.39.0/unix/zerrors_aix_ppc64.go
0.4347629585494091,0,0,0,0,0,0,0.0,1,/home/mr1jk1/Documents/eli/yay/src/gopath/pkg/mod/golang.org/x/sys@v0.39.0/unix/zerrors_darwin_amd64.go
0.4347613875523647,0,0,0,0,0,0,0.0,1,/home/mr1jk1/Documents/eli/yay/src/gopath/pkg/mod/golang.org/x/sys@v0.39.0/unix/zerrors_darwin_arm64.go
0.46580421230925856,0,0,0,0,0,0,0.0,1,/home/mr1jk1/Documents/eli/yay/src/gopath/pkg/mod/golang.org/x/sys@v0.39.0/unix/zerrors_dragonfly_amd64.go
0.4911666708039126,0,0,0,0,0,0,0.0,1,/home/mr1jk1/Documents/eli/yay/src/gopath/pkg/mod/golang.org/x/sys@v0.39.0/unix/zerrors_freebsd_386.go
0.4911205380312945,0,0,0,0,0,0,0.0,1,/home/mr1jk1/Documents/eli/yay/src/gopath/pkg/mod/golang.org/x/sys@v0.39.0/unix/zerrors_freebsd_amd64.go
0.4911689172023915,0,0,0,0,0,0,0.0,1,/home/mr1jk1/Documents/eli/yay/src/gopath/pkg/mod/golang.org/x/sys@v0.39.0/unix/zerrors_freebsd_arm.go
0.4913122394785068,0,0,0,0,0,0,0.0,1,/home/mr1jk1/Documents/eli/yay/src/gopath/pkg/mod/golang.org/x/sys@v0.39.0/unix/zerrors_freebsd_arm64.go
0.49173759974688597,0,0,0,0,0,0,0.0,1,/home/mr1jk1/Documents/eli/yay/src/gopath/pkg/mod/golang.org/x/sys@v0.39.0/unix/zerrors_freebsd_riscv64.go
0.39478314008018633,0,0,0,0,0,0,0.0,1,/home/mr1jk1/Documents/eli/yay/src/gopath/pkg/mod/golang.org/x/sys@v0.39.0/unix/zerrors_linux.go
0.5528718595717613,0,0,0,0,0,0,0.0,1,/home/mr1jk1/Documents/eli/yay/src/gopath/pkg/mod/golang.org/x/sys@v0.39.0/unix/zerrors_linux_386.go
0.5530659121733521,0,0,0,0,0,0,0.0,1,/home/mr1jk1/Documents/eli/yay/src/gopath/pkg/mod/golang.org/x/sys@v0.39.0/unix/zerrors_linux_amd64.go
0.5527025085302826,0,0,0,0,0,0,0.0,1,/home/mr1jk1/Documents/eli/yay/src/gopath/pkg/mod/golang.org/x/sys@v0.39.0/unix/zerrors_linux_arm.go
0.5521831403835906,0,0,0,0,0,0,0.0,1,/home/mr1jk1/Documents/eli/yay/src/gopath/pkg/mod/golang.org/x/sys@v0.39.0/unix/zerrors_linux_arm64.go
0.5532863774902426,0,0,0,0,0,0,0.0,1,/home/mr1jk1/Documents/eli/yay/src/gopath/pkg/mod/golang.org/x/sys@v0.39.0/unix/zerrors_linux_loong64.go
0.5548512514647754,0,0,0,0,0,0,0.0,1,/home/mr1jk1/Documents/eli/yay/src/gopath/pkg/mod/golang.org/x/sys@v0.39.0/unix/zerrors_linux_mips.go
0.5549641724668912,0,0,0,0,0,0,0.0,1,/home/mr1jk1/Documents/eli/yay/src/gopath/pkg/mod/golang.org/x/sys@v0.39.0/unix/zerrors_linux_mips64.go
0.5550022526723987,0,0,0,0,0,0,0.0,1,/home/mr1jk1/Documents/eli/yay/src/gopath/pkg/mod/golang.org/x/sys@v0.39.0/unix/zerrors_linux_mips64le.go
0.5548894227801027,0,0,0,0,0,0,0.0,1,/home/mr1jk1/Documents/eli/yay/src/gopath/pkg/mod/golang.org/x/sys@v0.39.0/unix/zerrors_linux_mipsle.go
0.5426934693764404,0,0,0,0,0,0,0.0,1,/home/mr1jk1/Documents/eli/yay/src/gopath/pkg/mod/golang.org/x/sys@v0.39.0/unix/zerrors_linux_ppc.go
0.5421868768412026,0,0,0,0,0,0,0.0,1,/home/mr1jk1/Documents/eli/yay/src/gopath/pkg/mod/golang.org/x/sys@v0.39.0/unix/zerrors_linux_ppc64.go
0.5422280464638736,0,0,0,0,0,0,0.0,1,/home/mr1jk1/Documents/eli/yay/src/gopath/pkg/mod/golang.org/x/sys@v0.39.0/unix/zerrors_linux_ppc64le.go
0.5534618525169556,0,0,0,0,0,0,0.0,1,/home/mr1jk1/Documents/eli/yay/src/gopath/pkg/mod/golang.org/x/sys@v0.39.0/unix/zerrors_linux_riscv64.go
0.5431411850892307,0,0,0,0,0,0,0.0,1,/home/mr1jk1/Documents/eli/yay/src/gopath/pkg/mod/golang.org/x/sys@v0.39.0/unix/zerrors_linux_s390x.go
0.5381415285994047,0,0,0,0,0,0,0.0,1,/home/mr1jk1/Documents/eli/yay/src/gopath/pkg/mod/golang.org/x/sys@v0.39.0/unix/zerrors_linux_sparc64.go
0.4724043968114462,0,0,0,0,0,0,0.0,1,/home/mr1jk1/Documents/eli/yay/src/gopath/pkg/mod/golang.org/x/sys@v0.39.0/unix/zerrors_netbsd_386.go
0.47259185531891235,0,0,0,0,0,0,0.0,1,/home/mr1jk1/Documents/eli/yay/src/gopath/pkg/mod/golang.org/x/sys@v0.39.0/unix/zerrors_netbsd_amd64.go
0.4731155608656301,0,0,0,0,0,0,0.0,1,/home/mr1jk1/Documents/eli/yay/src/gopath/pkg/mod/golang.org/x/sys@v0.39.0/unix/zerrors_netbsd_arm.go
0.4725902869581221,0,0,0,0,0,0,0.0,1,/home/mr1jk1/Documents/eli/yay/src/gopath/pkg/mod/golang.org/x/sys@v0.39.0/unix/zerrors_netbsd_arm64.go
0.4724748519922549,0,0,0,0,0,0,0.0,1,/home/mr1jk1/Documents/eli/yay/src/gopath/pkg/mod/golang.org/x/sys@v0.39.0/unix/zerrors_openbsd_386.go
0.4723691191248114,0,0,0,0,0,0,0.0,1,/home/mr1jk1/Documents/eli/yay/src/gopath/pkg/mod/golang.org/x/sys@v0.39.0/unix/zerrors_openbsd_amd64.go
0.47233313278962424,0,0,0,0,0,0,0.0,1,/home/mr1jk1/Documents/eli/yay/src/gopath/pkg/mod/golang.org/x/sys@v0.39.0/unix/zerrors_openbsd_arm.go
0.47236785506335544,0,0,0,0,0,0,0.0,1,/home/mr1jk1/Documents/eli/yay/src/gopath/pkg/mod/golang.org/x/sys@v0.39.0/unix/zerrors_openbsd_arm64.go
0.4723680988981544,0,0,0,0,0,0,0.0,1,/home/mr1jk1/Documents/eli/yay/src/gopath/pkg/mod/golang.org/x/sys@v0.39.0/unix/zerrors_openbsd_mips64.go
0.4721493975623639,0,0,0,0,0,0,0.0,1,/home/mr1jk1/Documents/eli/yay/src/gopath/pkg/mod/golang.org/x/sys@v0.39.0/unix/zerrors_openbsd_ppc64.go
0.4721791057527999,0,0,0,0,0,0,0.0,1,/home/mr1jk1/Documents/eli/yay/src/gopath/pkg/mod/golang.org/x/sys@v0.39.0/unix/zerrors_openbsd_riscv64.go
0.5127764311671668,0,0,0,0,0,0,0.0,1,/home/mr1jk1/Documents/eli/yay/src/gopath/pkg/mod/golang.org/x/sys@v0.39.0/unix/zerrors_solaris_amd64.go
0.5599235777960019,0,0,0,0,0,0,0.0,1,/home/mr1jk1/Documents/eli/yay/src/gopath/pkg/mod/golang.org/x/sys@v0.39.0/unix/zerrors_zos_s390x.go
0.6152065373649529,0,0,0,0,0,0,0.0,1,/home/mr1jk1/Documents/eli/yay/src/gopath/pkg/mod/golang.org/x/sys@v0.39.0/unix/zptrace_armnn_linux.go
0.6303593313564617,0,0,0,0,0,0,0.0,1,/home/mr1jk1/Documents/eli/yay/src/gopath/pkg/mod/golang.org/x/sys@v0.39.0/unix/zptrace_linux_arm64.go
0.6123989543158332,0,0,0,0,0,0,0.0,1,/home/mr1jk1/Documents/eli/yay/src/gopath/pkg/mod/golang.org/x/sys@v0.39.0/unix/zptrace_mipsnn_linux.go
0.6125476618886274,0,0,0,0,0,0,0.0,1,/home/mr1jk1/Documents/eli/yay/src/gopath/pkg/mod/golang.org/x/sys@v0.39.0/unix/zptrace_mipsnnle_linux.go
0.6007747641641038,0,0,0,0,0,0,0.0,1,/home/mr1jk1/Documents/eli/yay/src/gopath/pkg/mod/golang.org/x/sys@v0.39.0/unix/zptrace_x86_linux.go
0.6593411133195368,0,0,0,0,0,0,0.0,1,/home/mr1jk1/Documents/eli/yay/src/gopath/pkg/mod/golang.org/x/sys@v0.39.0/unix/zsymaddr_zos_s390x.s
0.6501806513086459,0,0,0,0,0,0,0.0,1,/home/mr1jk1/Documents/eli/yay/src/gopath/pkg/mod/golang.org/x/sys@v0.39.0/unix/zsyscall_aix_ppc.go
0.6518285322908091,0,0,0,0,0,0,0.0,1,/home/mr1jk1/Documents/eli/yay/src/gopath/pkg/mod/golang.org/x/sys@v0.39.0/unix/zsyscall_aix_ppc64.go
0.6608206951301413,0,0,0,0,0,0,0.0,1,/home/mr1jk1/Documents/eli/yay/src/gopath/pkg/mod/golang.org/x/sys@v0.39.0/unix/zsyscall_aix_ppc64_gc.go
0.6418350675322879,0,0,0,0,0,0,0.0,1,/home/mr1jk1/Documents/eli/yay/src/gopath/pkg/mod/golang.org/x/sys@v0.39.0/unix/zsyscall_aix_ppc64_gccgo.go
0.6586230916624102,0,0,0,0,0,0,0.0,1,/home/mr1jk1/Documents/eli/yay/src/gopath/pkg/mod/golang.org/x/sys@v0.39.0/unix/zsyscall_darwin_amd64.go
0.6683818949712022,0,0,0,0,0,0,0.0,1,/home/mr1jk1/Documents/eli/yay/src/gopath/pkg/mod/golang.org/x/sys@v0.39.0/unix/zsyscall_darwin_amd64.s
0.6581024792662269,0,0,0,0,0,0,0.0,1,/home/mr1jk1/Documents/eli/yay/src/gopath/pkg/mod/golang.org/x/sys@v0.39.0/unix/zsyscall_darwin_arm64.go
0.6668729356638949,0,0,0,0,0,0,0.0,1,/home/mr1jk1/Documents/eli/yay/src/gopath/pkg/mod/golang.org/x/sys@v0.39.0/unix/zsyscall_darwin_arm64.s
0.6563986958989791,0,0,0,0,0,0,0.0,1,/home/mr1jk1/Documents/eli/yay/src/gopath/pkg/mod/golang.org/x/sys@v0.39.0/unix/zsyscall_dragonfly_amd64.go
0.6558899513384776,0,0,0,0,0,0,0.0,1,/home/mr1jk1/Documents/eli/yay/src/gopath/pkg/mod/golang.org/x/sys@v0.39.0/unix/zsyscall_freebsd_386.go
0.6551228741055727,0,0,0,0,0,0,0.0,1,/home/mr1jk1/Documents/eli/yay/src/gopath/pkg/mod/golang.org/x/sys@v0.39.0/unix/zsyscall_freebsd_amd64.go
0.6557647722932577,0,0,0,0,0,0,0.0,1,/home/mr1jk1/Documents/eli/yay/src/gopath/pkg/mod/golang.org/x/sys@v0.39.0/unix/zsyscall_freebsd_arm.go
0.6550985160403411,0,0,0,0,0,0,0.0,1,/home/mr1jk1/Documents/eli/yay/src/gopath/pkg/mod/golang.org/x/sys@v0.39.0/unix/zsyscall_freebsd_arm64.go
0.6551193446008321,0,0,0,0,0,0,0.0,1,/home/mr1jk1/Documents/eli/yay/src/gopath/pkg/mod/golang.org/x/sys@v0.39.0/unix/zsyscall_freebsd_riscv64.go
0.6603471442897094,0,0,0,0,0,0,0.0,1,/home/mr1jk1/Documents/eli/yay/src/gopath/pkg/mod/golang.org/x/sys@v0.39.0/unix/zsyscall_illumos_amd64.go
0.65828366361702,0,0,0,0,0,0,0.0,1,/home/mr1jk1/Documents/eli/yay/src/gopath/pkg/mod/golang.org/x/sys@v0.39.0/unix/zsyscall_linux.go
0.658935792731111,0,0,0,0,0,0,0.0,1,/home/mr1jk1/Documents/eli/yay/src/gopath/pkg/mod/golang.org/x/sys@v0.39.0/unix/zsyscall_linux_386.go
0.6556911226116995,0,0,0,0,0,0,0.0,1,/home/mr1jk1/Documents/eli/yay/src/gopath/pkg/mod/golang.org/x/sys@v0.39.0/unix/zsyscall_linux_amd64.go
0.6583849059829766,0,0,0,0,0,0,0.0,1,/home/mr1jk1/Documents/eli/yay/src/gopath/pkg/mod/golang.org/x/sys@v0.39.0/unix/zsyscall_linux_arm.go
0.6556879730162485,0,0,0,0,0,0,0.0,1,/home/mr1jk1/Documents/eli/yay/src/gopath/pkg/mod/golang.org/x/sys@v0.39.0/unix/zsyscall_linux_arm64.go
0.6563386978195294,0,0,0,0,0,0,0.0,1,/home/mr1jk1/Documents/eli/yay/src/gopath/pkg/mod/golang.org/x/sys@v0.39.0/unix/zsyscall_linux_loong64.go
0.6574795521700534,0,0,0,0,0,0,0.0,1,/home/mr1jk1/Documents/eli/yay/src/gopath/pkg/mod/golang.org/x/sys@v0.39.0/unix/zsyscall_linux_mips.go
0.6557559481643005,0,0,0,0,0,0,0.0,1,/home/mr1jk1/Documents/eli/yay/src/gopath/pkg/mod/golang.org/x/sys@v0.39.0/unix/zsyscall_linux_mips64.go
0.6557130714939075,0,0,0,0,0,0,0.0,1,/home/mr1jk1/Documents/eli/yay/src/gopath/pkg/mod/golang.org/x/sys@v0.39.0/unix/zsyscall_linux_mips64le.go
0.6574539790055252,0,0,0,0,0,0,0.0,1,/home/mr1jk1/Documents/eli/yay/src/gopath/pkg/mod/golang.org/x/sys@v0.39.0/unix/zsyscall_linux_mipsle.go
0.6572902978245845,0,0,0,0,0,0,0.0,1,/home/mr1jk1/Documents/eli/yay/src/gopath/pkg/mod/golang.org/x/sys@v0.39.0/unix/zsyscall_linux_ppc.go
0.6554053701663953,0,0,0,0,0,0,0.0,1,/home/mr1jk1/Documents/eli/yay/src/gopath/pkg/mod/golang.org/x/sys@v0.39.0/unix/zsyscall_linux_ppc64.go
0.655403845652176,0,0,0,0,0,0,0.0,1,/home/mr1jk1/Documents/eli/yay/src/gopath/pkg/mod/golang.org/x/sys@v0.39.0/unix/zsyscall_linux_ppc64le.go
0.6564800063329556,0,0,0,0,0,0,0.0,1,/home/mr1jk1/Documents/eli/yay/src/gopath/pkg/mod/golang.org/x/sys@v0.39.0/unix/zsyscall_linux_riscv64.go
0.6562118137283482,0,0,0,0,0,0,0.0,1,/home/mr1jk1/Documents/eli/yay/src/gopath/pkg/mod/golang.org/x/sys@v0.39.0/unix/zsyscall_linux_s390x.go
0.6553762644874108,0,0,0,0,0,0,0.0,1,/home/mr1jk1/Documents/eli/yay/src/gopath/pkg/mod/golang.org/x/sys@v0.39.0/unix/zsyscall_linux_sparc64.go
0.6558229561746179,0,0,0,0,0,0,0.0,1,/home/mr1jk1/Documents/eli/yay/src/gopath/pkg/mod/golang.org/x/sys@v0.39.0/unix/zsyscall_netbsd_386.go
0.6551221084409794,0,0,0,0,0,0,0.0,1,/home/mr1jk1/Documents/eli/yay/src/gopath/pkg/mod/golang.org/x/sys@v0.39.0/unix/zsyscall_netbsd_amd64.go
0.6556871733614309,0,0,0,0,0,0,0.0,1,/home/mr1jk1/Documents/eli/yay/src/gopath/pkg/mod/golang.org/x/sys@v0.39.0/unix/zsyscall_netbsd_arm.go
0.6550967961247933,0,0,0,0,0,0,0.0,1,/home/mr1jk1/Documents/eli/yay/src/gopath/pkg/mod/golang.org/x/sys@v0.39.0/unix/zsyscall_netbsd_arm64.go
0.6568685822306907,0,0,0,0,0,0,0.0,1,/home/mr1jk1/Documents/eli/yay/src/gopath/pkg/mod/golang.org/x/sys@v0.39.0/unix/zsyscall_openbsd_386.go
0.667002482411353,0,0,0,0,0,0,0.0,1,/home/mr1jk1/Documents/eli/yay/src/gopath/pkg/mod/golang.org/x/sys@v0.39.0/unix/zsyscall_openbsd_386.s
0.6563739365316077,0,0,0,0,0,0,0.0,1,/home/mr1jk1/Documents/eli/yay/src/gopath/pkg/mod/golang.org/x/sys@v0.39.0/unix/zsyscall_openbsd_amd64.go
0.667112816019372,0,0,0,0,0,0,0.0,1,/home/mr1jk1/Documents/eli/yay/src/gopath/pkg/mod/golang.org/x/sys@v0.39.0/unix/zsyscall_openbsd_amd64.s
0.6567604640462023,0,0,0,0,0,0,0.0,1,/home/mr1jk1/Documents/eli/yay/src/gopath/pkg/mod/golang.org/x/sys@v0.39.0/unix/zsyscall_openbsd_arm.go
0.666865618405303,0,0,0,0,0,0,0.0,1,/home/mr1jk1/Documents/eli/yay/src/gopath/pkg/mod/golang.org/x/sys@v0.39.0/unix/zsyscall_openbsd_arm.s
0.6563632619649921,0,0,0,0,0,0,0.0,1,/home/mr1jk1/Documents/eli/yay/src/gopath/pkg/mod/golang.org/x/sys@v0.39.0/unix/zsyscall_openbsd_arm64.go
0.6671111410146597,0,0,0,0,0,0,0.0,1,/home/mr1jk1/Documents/eli/yay/src/gopath/pkg/mod/golang.org/x/sys@v0.39.0/unix/zsyscall_openbsd_arm64.s
0.6563700578805912,0,0,0,0,0,0,0.0,1,/home/mr1jk1/Documents/eli/yay/src/gopath/pkg/mod/golang.org/x/sys@v0.39.0/unix/zsyscall_openbsd_mips64.go
0.6671153760760735,0,0,0,0,0,0,0.0,1,/home/mr1jk1/Documents/eli/yay/src/gopath/pkg/mod/golang.org/x/sys@v0.39.0/unix/zsyscall_openbsd_mips64.s
0.6563705931185354,0,0,0,0,0,0,0.0,1,/home/mr1jk1/Documents/eli/yay/src/gopath/pkg/mod/golang.org/x/sys@v0.39.0/unix/zsyscall_openbsd_ppc64.go
0.6662504892124794,0,0,0,0,0,0,0.0,1,/home/mr1jk1/Documents/eli/yay/src/gopath/pkg/mod/golang.org/x/sys@v0.39.0/unix/zsyscall_openbsd_ppc64.s
0.6563714020858388,0,0,0,0,0,0,0.0,1,/home/mr1jk1/Documents/eli/yay/src/gopath/pkg/mod/golang.org/x/sys@v0.39.0/unix/zsyscall_openbsd_riscv64.go
0.6671318768527349,0,0,0,0,0,0,0.0,1,/home/mr1jk1/Documents/eli/yay/src/gopath/pkg/mod/golang.org/x/sys@v0.39.0/unix/zsyscall_openbsd_riscv64.s
0.6623702852999748,0,0,0,0,0,0,0.0,1,/home/mr1jk1/Documents/eli/yay/src/gopath/pkg/mod/golang.org/x/sys@v0.39.0/unix/zsyscall_solaris_amd64.go
0.6674986320295229,0,0,0,0,0,0,0.0,1,/home/mr1jk1/Documents/eli/yay/src/gopath/pkg/mod/golang.org/x/sys@v0.39.0/unix/zsyscall_zos_s390x.go
0.6187866409224878,0,0,0,0,0,0,0.0,1,/home/mr1jk1/Documents/eli/yay/src/gopath/pkg/mod/golang.org/x/sys@v0.39.0/unix/zsysctl_openbsd_386.go
0.6187785722168857,0,0,0,0,0,0,0.0,1,/home/mr1jk1/Documents/eli/yay/src/gopath/pkg/mod/golang.org/x/sys@v0.39.0/unix/zsysctl_openbsd_amd64.go
0.6187489392662816,0,0,0,0,0,0,0.0,1,/home/mr1jk1/Documents/eli/yay/src/gopath/pkg/mod/golang.org/x/sys@v0.39.0/unix/zsysctl_openbsd_arm.go
0.61877013315449,0,0,0,0,0,0,0.0,1,/home/mr1jk1/Documents/eli/yay/src/gopath/pkg/mod/golang.org/x/sys@v0.39.0/unix/zsysctl_openbsd_arm64.go
0.6187595927549572,0,0,0,0,0,0,0.0,1,/home/mr1jk1/Documents/eli/yay/src/gopath/pkg/mod/golang.org/x/sys@v0.39.0/unix/zsysctl_openbsd_mips64.go
0.6187646140333427,0,0,0,0,0,0,0.0,1,/home/mr1jk1/Documents/eli/yay/src/gopath/pkg/mod/golang.org/x/sys@v0.39.0/unix/zsysctl_openbsd_ppc64.go
0.6188020922671364,0,0,0,0,0,0,0.0,1,/home/mr1jk1/Documents/eli/yay/src/gopath/pkg/mod/golang.org/x/sys@v0.39.0/unix/zsysctl_openbsd_riscv64.go
0.4316430850793493,0,0,0,0,0,0,0.0,1,/home/mr1jk1/Documents/eli/yay/src/gopath/pkg/mod/golang.org/x/sys@v0.39.0/unix/zsysnum_darwin_amd64.go
0.431052396489267,0,0,0,0,0,0,0.0,1,/home/mr1jk1/Documents/eli/yay/src/gopath/pkg/mod/golang.org/x/sys@v0.39.0/unix/zsysnum_darwin_arm64.go
0.6047603715170479,0,0,0,0,0,0,0.0,1,/home/mr1jk1/Documents/eli/yay/src/gopath/pkg/mod/golang.org/x/sys@v0.39.0/unix/zsysnum_dragonfly_amd64.go
0.6008533653166058,0,0,0,0,0,0,0.0,1,/home/mr1jk1/Documents/eli/yay/src/gopath/pkg/mod/golang.org/x/sys@v0.39.0/unix/zsysnum_freebsd_386.go
0.600848074008706,0,0,0,0,0,0,0.0,1,/home/mr1jk1/Documents/eli/yay/src/gopath/pkg/mod/golang.org/x/sys@v0.39.0/unix/zsysnum_freebsd_amd64.go
0.6008247806576968,0,0,0,0,0,0,0.0,1,/home/mr1jk1/Documents/eli/yay/src/gopath/pkg/mod/golang.org/x/sys@v0.39.0/unix/zsysnum_freebsd_arm.go
0.6008486556945258,0,0,0,0,0,0,0.0,1,/home/mr1jk1/Documents/eli/yay/src/gopath/pkg/mod/golang.org/x/sys@v0.39.0/unix/zsysnum_freebsd_arm64.go
0.6008525689515652,0,0,0,0,0,0,0.0,1,/home/mr1jk1/Documents/eli/yay/src/gopath/pkg/mod/golang.org/x/sys@v0.39.0/unix/zsysnum_freebsd_riscv64.go
0.41727582662842,0,0,0,0,0,0,0.0,1,/home/mr1jk1/Documents/eli/yay/src/gopath/pkg/mod/golang.org/x/sys@v0.39.0/unix/zsysnum_linux_386.go
0.4568563855548156,0,0,0,0,0,0,0.0,1,/home/mr1jk1/Documents/eli/yay/src/gopath/pkg/mod/golang.org/x/sys@v0.39.0/unix/zsysnum_linux_amd64.go
0.4225862689673192,0,0,0,0,0,0,0.0,1,/home/mr1jk1/Documents/eli/yay/src/gopath/pkg/mod/golang.org/x/sys@v0.39.0/unix/zsysnum_linux_arm.go
0.46474473471266126,0,0,0,0,0,0,0.0,1,/home/mr1jk1/Documents/eli/yay/src/gopath/pkg/mod/golang.org/x/sys@v0.39.0/unix/zsysnum_linux_arm64.go
0.4644005755174827,0,0,0,0,0,0,0.0,1,/home/mr1jk1/Documents/eli/yay/src/gopath/pkg/mod/golang.org/x/sys@v0.39.0/unix/zsysnum_linux_loong64.go
0.4261208436964054,0,0,0,0,0,0,0.0,1,/home/mr1jk1/Documents/eli/yay/src/gopath/pkg/mod/golang.org/x/sys@v0.39.0/unix/zsysnum_linux_mips.go
0.46763991977106484,0,0,0,0,0,0,0.0,1,/home/mr1jk1/Documents/eli/yay/src/gopath/pkg/mod/golang.org/x/sys@v0.39.0/unix/zsysnum_linux_mips64.go
0.46800270504370145,0,0,0,0,0,0,0.0,1,/home/mr1jk1/Documents/eli/yay/src/gopath/pkg/mod/golang.org/x/sys@v0.39.0/unix/zsysnum_linux_mips64le.go
0.4264213434527135,0,0,0,0,0,0,0.0,1,/home/mr1jk1/Documents/eli/yay/src/gopath/pkg/mod/golang.org/x/sys@v0.39.0/unix/zsysnum_linux_mipsle.go
0.4180038343894746,0,0,0,0,0,0,0.0,1,/home/mr1jk1/Documents/eli/yay/src/gopath/pkg/mod/golang.org/x/sys@v0.39.0/unix/zsysnum_linux_ppc.go
0.4532846564156132,0,0,0,0,0,0,0.0,1,/home/mr1jk1/Documents/eli/yay/src/gopath/pkg/mod/golang.org/x/sys@v0.39.0/unix/zsysnum_linux_ppc64.go
0.45362945120235526,0,0,0,0,0,0,0.0,1,/home/mr1jk1/Documents/eli/yay/src/gopath/pkg/mod/golang.org/x/sys@v0.39.0/unix/zsysnum_linux_ppc64le.go
0.4651060636380244,0,0,0,0,0,0,0.0,1,/home/mr1jk1/Documents/eli/yay/src/gopath/pkg/mod/golang.org/x/sys@v0.39.0/unix/zsysnum_linux_riscv64.go
0.4592038761420992,0,0,0,0,0,0,0.0,1,/home/mr1jk1/Documents/eli/yay/src/gopath/pkg/mod/golang.org/x/sys@v0.39.0/unix/zsysnum_linux_s390x.go
0.4573702807313432,0,0,0,0,0,0,0.0,1,/home/mr1jk1/Documents/eli/yay/src/gopath/pkg/mod/golang.org/x/sys@v0.39.0/unix/zsysnum_linux_sparc64.go
0.6227045424339697,0,0,0,0,0,0,0.0,1,/home/mr1jk1/Documents/eli/yay/src/gopath/pkg/mod/golang.org/x/sys@v0.39.0/unix/zsysnum_netbsd_386.go
0.622696005349752,0,0,0,0,0,0,0.0,1,/home/mr1jk1/Documents/eli/yay/src/gopath/pkg/mod/golang.org/x/sys@v0.39.0/unix/zsysnum_netbsd_amd64.go
0.6226654263841545,0,0,0,0,0,0,0.0,1,/home/mr1jk1/Documents/eli/yay/src/gopath/pkg/mod/golang.org/x/sys@v0.39.0/unix/zsysnum_netbsd_arm.go
0.6225931371379805,0,0,0,0,0,0,0.0,1,/home/mr1jk1/Documents/eli/yay/src/gopath/pkg/mod/golang.org/x/sys@v0.39.0/unix/zsysnum_netbsd_arm64.go
0.6239137496120549,0,0,0,0,0,0,0.0,1,/home/mr1jk1/Documents/eli/yay/src/gopath/pkg/mod/golang.org/x/sys@v0.39.0/unix/zsysnum_openbsd_386.go
0.6239083620633512,0,0,0,0,0,0,0.0,1,/home/mr1jk1/Documents/eli/yay/src/gopath/pkg/mod/golang.org/x/sys@v0.39.0/unix/zsysnum_openbsd_amd64.go
0.6238597235276078,0,0,0,0,0,0,0.0,1,/home/mr1jk1/Documents/eli/yay/src/gopath/pkg/mod/golang.org/x/sys@v0.39.0/unix/zsysnum_openbsd_arm.go
0.6238914946720999,0,0,0,0,0,0,0.0,1,/home/mr1jk1/Documents/eli/yay/src/gopath/pkg/mod/golang.org/x/sys@v0.39.0/unix/zsysnum_openbsd_arm64.go
0.6240603163234952,0,0,0,0,0,0,0.0,1,/home/mr1jk1/Documents/eli/yay/src/gopath/pkg/mod/golang.org/x/sys@v0.39.0/unix/zsysnum_openbsd_mips64.go
0.623761378304472,0,0,0,0,0,0,0.0,1,/home/mr1jk1/Documents/eli/yay/src/gopath/pkg/mod/golang.org/x/sys@v0.39.0/unix/zsysnum_openbsd_ppc64.go
0.6238857172195558,0,0,0,0,0,0,0.0,1,/home/mr1jk1/Documents/eli/yay/src/gopath/pkg/mod/golang.org/x/sys@v0.39.0/unix/zsysnum_openbsd_riscv64.go
0.44436402299770117,0,0,0,0,0,0,0.0,1,/home/mr1jk1/Documents/eli/yay/src/gopath/pkg/mod/golang.org/x/sys@v0.39.0/unix/zsysnum_zos_s390x.go
0.6273550019272051,0,0,0,0,0,0,0.0,1,/home/mr1jk1/Documents/eli/yay/src/gopath/pkg/mod/golang.org/x/sys@v0.39.0/unix/ztypes_aix_ppc.go
0.6281687023714329,0,0,0,0,0,0,0.0,1,/home/mr1jk1/Documents/eli/yay/src/gopath/pkg/mod/golang.org/x/sys@v0.39.0/unix/ztypes_aix_ppc64.go
0.6132152168515828,0,0,0,0,0,0,0.0,1,/home/mr1jk1/Documents/eli/yay/src/gopath/pkg/mod/golang.org/x/sys@v0.39.0/unix/ztypes_darwin_amd64.go
0.6132104934608849,0,0,0,0,0,0,0.0,1,/home/mr1jk1/Documents/eli/yay/src/gopath/pkg/mod/golang.org/x/sys@v0.39.0/unix/ztypes_darwin_arm64.go
0.6229899080184597,0,0,0,0,0,0,0.0,1,/home/mr1jk1/Documents/eli/yay/src/gopath/pkg/mod/golang.org/x/sys@v0.39.0/unix/ztypes_dragonfly_amd64.go
0.6192018696823073,0,0,0,0,0,0,0.0,1,/home/mr1jk1/Documents/eli/yay/src/gopath/pkg/mod/golang.org/x/sys@v0.39.0/unix/ztypes_freebsd_386.go
0.6200927257279046,0,0,0,0,0,0,0.0,1,/home/mr1jk1/Documents/eli/yay/src/gopath/pkg/mod/golang.org/x/sys@v0.39.0/unix/ztypes_freebsd_amd64.go
0.6214880201448478,0,0,0,0,0,0,0.0,1,/home/mr1jk1/Documents/eli/yay/src/gopath/pkg/mod/golang.org/x/sys@v0.39.0/unix/ztypes_freebsd_arm.go
0.6225741513636472,0,0,0,0,0,0,0.0,1,/home/mr1jk1/Documents/eli/yay/src/gopath/pkg/mod/golang.org/x/sys@v0.39.0/unix/ztypes_freebsd_arm64.go
0.6213743617082625,0,0,0,0,0,0,0.0,1,/home/mr1jk1/Documents/eli/yay/src/gopath/pkg/mod/golang.org/x/sys@v0.39.0/unix/ztypes_freebsd_riscv64.go
0.5129117409324395,0,0,0,0,0,0,0.0,1,/home/mr1jk1/Documents/eli/yay/src/gopath/pkg/mod/golang.org/x/sys@v0.39.0/unix/ztypes_linux.go
0.6055985169099918,0,0,0,0,0,0,0.0,1,/home/mr1jk1/Documents/eli/yay/src/gopath/pkg/mod/golang.org/x/sys@v0.39.0/unix/ztypes_linux_386.go
0.6050578430323238,0,0,0,0,0,0,0.0,1,/home/mr1jk1/Documents/eli/yay/src/gopath/pkg/mod/golang.org/x/sys@v0.39.0/unix/ztypes_linux_amd64.go
0.6065046451108062,0,0,0,0,0,0,0.0,1,/home/mr1jk1/Documents/eli/yay/src/gopath/pkg/mod/golang.org/x/sys@v0.39.0/unix/ztypes_linux_arm.go
0.6074017789482009,0,0,0,0,0,0,0.0,1,/home/mr1jk1/Documents/eli/yay/src/gopath/pkg/mod/golang.org/x/sys@v0.39.0/unix/ztypes_linux_arm64.go
0.6072339705633273,0,0,0,0,0,0,0.0,1,/home/mr1jk1/Documents/eli/yay/src/gopath/pkg/mod/golang.org/x/sys@v0.39.0/unix/ztypes_linux_loong64.go
0.6066469658706062,0,0,0,0,0,0,0.0,1,/home/mr1jk1/Documents/eli/yay/src/gopath/pkg/mod/golang.org/x/sys@v0.39.0/unix/ztypes_linux_mips.go
0.6072212543123169,0,0,0,0,0,0,0.0,1,/home/mr1jk1/Documents/eli/yay/src/gopath/pkg/mod/golang.org/x/sys@v0.39.0/unix/ztypes_linux_mips64.go
0.6072454331290169,0,0,0,0,0,0,0.0,1,/home/mr1jk1/Documents/eli/yay/src/gopath/pkg/mod/golang.org/x/sys@v0.39.0/unix/ztypes_linux_mips64le.go
0.6066716936800237,0,0,0,0,0,0,0.0,1,/home/mr1jk1/Documents/eli/yay/src/gopath/pkg/mod/golang.org/x/sys@v0.39.0/unix/ztypes_linux_mipsle.go
0.6044636696910588,0,0,0,0,0,0,0.0,1,/home/mr1jk1/Documents/eli/yay/src/gopath/pkg/mod/golang.org/x/sys@v0.39.0/unix/ztypes_linux_ppc.go
0.6057087884287938,0,0,0,0,0,0,0.0,1,/home/mr1jk1/Documents/eli/yay/src/gopath/pkg/mod/golang.org/x/sys@v0.39.0/unix/ztypes_linux_ppc64.go
0.6057340149851292,0,0,0,0,0,0,0.0,1,/home/mr1jk1/Documents/eli/yay/src/gopath/pkg/mod/golang.org/x/sys@v0.39.0/unix/ztypes_linux_ppc64le.go
0.6204581025919259,0,0,0,0,0,0,0.0,1,/home/mr1jk1/Documents/eli/yay/src/gopath/pkg/mod/golang.org/x/sys@v0.39.0/unix/ztypes_linux_riscv64.go
0.6058540927842806,0,0,0,0,0,0,0.0,1,/home/mr1jk1/Documents/eli/yay/src/gopath/pkg/mod/golang.org/x/sys@v0.39.0/unix/ztypes_linux_s390x.go
0.6067392131400219,0,0,0,0,0,0,0.0,1,/home/mr1jk1/Documents/eli/yay/src/gopath/pkg/mod/golang.org/x/sys@v0.39.0/unix/ztypes_linux_sparc64.go
0.6013935192299286,0,0,0,0,0,0,0.0,1,/home/mr1jk1/Documents/eli/yay/src/gopath/pkg/mod/golang.org/x/sys@v0.39.0/unix/ztypes_netbsd_386.go
0.5999496082569858,0,0,0,0,0,0,0.0,1,/home/mr1jk1/Documents/eli/yay/src/gopath/pkg/mod/golang.org/x/sys@v0.39.0/unix/ztypes_netbsd_amd64.go
0.6002251913843853,0,0,0,0,0,0,0.0,1,/home/mr1jk1/Documents/eli/yay/src/gopath/pkg/mod/golang.org/x/sys@v0.39.0/unix/ztypes_netbsd_arm.go
0.599944971688918,0,0,0,0,0,0,0.0,1,/home/mr1jk1/Documents/eli/yay/src/gopath/pkg/mod/golang.org/x/sys@v0.39.0/unix/ztypes_netbsd_arm64.go
0.5943007194138216,0,0,0,0,0,0,0.0,1,/home/mr1jk1/Documents/eli/yay/src/gopath/pkg/mod/golang.org/x/sys@v0.39.0/unix/ztypes_openbsd_386.go
0.5949850849242082,0,0,0,0,0,0,0.0,1,/home/mr1jk1/Documents/eli/yay/src/gopath/pkg/mod/golang.org/x/sys@v0.39.0/unix/ztypes_openbsd_amd64.go
0.5942247322874601,0,0,0,0,0,0,0.0,1,/home/mr1jk1/Documents/eli/yay/src/gopath/pkg/mod/golang.org/x/sys@v0.39.0/unix/ztypes_openbsd_arm.go
0.5953939077323428,0,0,0,0,0,0,0.0,1,/home/mr1jk1/Documents/eli/yay/src/gopath/pkg/mod/golang.org/x/sys@v0.39.0/unix/ztypes_openbsd_arm64.go
0.5953928366991553,0,0,0,0,0,0,0.0,1,/home/mr1jk1/Documents/eli/yay/src/gopath/pkg/mod/golang.org/x/sys@v0.39.0/unix/ztypes_openbsd_mips64.go
0.5955619539217334,0,0,0,0,0,0,0.0,1,/home/mr1jk1/Documents/eli/yay/src/gopath/pkg/mod/golang.org/x/sys@v0.39.0/unix/ztypes_openbsd_ppc64.go
0.5955789019404807,0,0,0,0,0,0,0.0,1,/home/mr1jk1/Documents/eli/yay/src/gopath/pkg/mod/golang.org/x/sys@v0.39.0/unix/ztypes_openbsd_riscv64.go
0.6402488795437387,0,0,0,0,0,0,0.0,1,/home/mr1jk1/Documents/eli/yay/src/gopath/pkg/mod/golang.org/x/sys@v0.39.0/unix/ztypes_solaris_amd64.go
0.607601181602141,0,0,0,0,0,0,0.0,1,/home/mr1jk1/Documents/eli/yay/src/gopath/pkg/mod/golang.org/x/sys@v0.39.0/unix/ztypes_zos_s390x.go
0.6034615054026466,0,0,0,0,0,0,0.0,1,/home/mr1jk1/Documents/eli/yay/src/gopath/pkg/mod/golang.org/x/sys@v0.39.0/windows/aliases.go
0.644045559939707,0,0,0,0,0,0,0.0625,1,/home/mr1jk1/Documents/eli/yay/src/gopath/pkg/mod/golang.org/x/sys@v0.39.0/windows/dll_windows.go
0.6203813074441225,0,0,0,0,0,0,0.0,1,/home/mr1jk1/Documents/eli/yay/src/gopath/pkg/mod/golang.org/x/sys@v0.39.0/windows/env_windows.go
0.6625584026079178,0,0,0,0,0,0,0.0,1,/home/mr1jk1/Documents/eli/yay/src/gopath/pkg/mod/golang.org/x/sys@v0.39.0/windows/env_windows_test.go
0.6602009759267575,0,0,0,0,0,0,0.0,1,/home/mr1jk1/Documents/eli/yay/src/gopath/pkg/mod/golang.org/x/sys@v0.39.0/windows/eventlog.go
0.6428858519107935,0,0,0,0,0,0,0.0625,1,/home/mr1jk1/Documents/eli/yay/src/gopath/pkg/mod/golang.org/x/sys@v0.39.0/windows/exec_windows.go
0.601778942201229,0,0,0,0,0,0,0.0,1,/home/mr1jk1/Documents/eli/yay/src/gopath/pkg/mod/golang.org/x/sys@v0.39.0/windows/memory_windows.go
0.7026362137208911,0,0,0,0,0,0,0.0,1,/home/mr1jk1/Documents/eli/yay/src/gopath/pkg/mod/golang.org/x/sys@v0.39.0/windows/mkerrors.bash
0.7188554074008635,0,0,0,0,0,0,0.0,1,/home/mr1jk1/Documents/eli/yay/src/gopath/pkg/mod/golang.org/x/sys@v0.39.0/windows/mkknownfolderids.bash
0.5951492523956206,0,0,0,0,0,0,0.0,1,/home/mr1jk1/Documents/eli/yay/src/gopath/pkg/mod/golang.org/x/sys@v0.39.0/windows/mksyscall.go
0.607172758370249,0,0,0,0,0,0,0.0,1,/home/mr1jk1/Documents/eli/yay/src/gopath/pkg/mod/golang.org/x/sys@v0.39.0/windows/race.go
0.607722254048235,0,0,0,0,0,0,0.0,1,/home/mr1jk1/Documents/eli/yay/src/gopath/pkg/mod/golang.org/x/sys@v0.39.0/windows/race0.go
0.6622418651661938,0,0,0,0,0,0,0.0,1,/home/mr1jk1/Documents/eli/yay/src/gopath/pkg/mod/golang.org/x/sys@v0.39.0/windows/security_windows.go
0.6574011047541336,0,0,0,0,0,0,0.0,1,/home/mr1jk1/Documents/eli/yay/src/gopath/pkg/mod/golang.org/x/sys@v0.39.0/windows/service.go
0.6583228152265781,0,0,0,0,0,0,0.0,1,/home/mr1jk1/Documents/eli/yay/src/gopath/pkg/mod/golang.org/x/sys@v0.39.0/windows/setupapi_windows.go
0.6303414094388281,0,0,0,0,0,0,0.0,1,/home/mr1jk1/Documents/eli/yay/src/gopath/pkg/mod/golang.org/x/sys@v0.39.0/windows/str.go
0.6202157038207822,0,0,0,0,0,0,0.0,1,/home/mr1jk1/Documents/eli/yay/src/gopath/pkg/mod/golang.org/x/sys@v0.39.0/windows/syscall.go
0.6566427021472584,0,0,0,0,0,0,0.0625,1,/home/mr1jk1/Documents/eli/yay/src/gopath/pkg/mod/golang.org/x/sys@v0.39.0/windows/syscall_test.go
0.6614495112743791,0,0,0,0,0,0,0.1875,1,/home/mr1jk1/Documents/eli/yay/src/gopath/pkg/mod/golang.org/x/sys@v0.39.0/windows/syscall_windows.go
0.6807526529975517,0,0,0,0,0,0,0.25,1,/home/mr1jk1/Documents/eli/yay/src/gopath/pkg/mod/golang.org/x/sys@v0.39.0/windows/syscall_windows_test.go
0.6431611882689625,0,0,0,0,0,0,0.125,1,/home/mr1jk1/Documents/eli/yay/src/gopath/pkg/mod/golang.org/x/sys@v0.39.0/windows/types_windows.go
0.6205220326822589,0,0,0,0,0,0,0.0,1,/home/mr1jk1/Documents/eli/yay/src/gopath/pkg/mod/golang.org/x/sys@v0.39.0/windows/types_windows_386.go
0.6283686138414889,0,0,0,0,0,0,0.0,1,/home/mr1jk1/Documents/eli/yay/src/gopath/pkg/mod/golang.org/x/sys@v0.39.0/windows/types_windows_amd64.go
0.6208833648269705,0,0,0,0,0,0,0.0,1,/home/mr1jk1/Documents/eli/yay/src/gopath/pkg/mod/golang.org/x/sys@v0.39.0/windows/types_windows_arm.go
0.6283686138414889,0,0,0,0,0,0,0.0,1,/home/mr1jk1/Documents/eli/yay/src/gopath/pkg/mod/golang.org/x/sys@v0.39.0/windows/types_windows_arm64.go
0.4345069479048556,0,0,0,0,0,0,0.1875,1,/home/mr1jk1/Documents/eli/yay/src/gopath/pkg/mod/golang.org/x/sys@v0.39.0/windows/zerrors_windows.go
0.6224772838719982,0,0,0,0,0,0,0.0,1,/home/mr1jk1/Documents/eli/yay/src/gopath/pkg/mod/golang.org/x/sys@v0.39.0/windows/zknownfolderids_windows.go
0.6270231985212965,0,0,0,0,0,0,0.1875,1,/home/mr1jk1/Documents/eli/yay/src/gopath/pkg/mod/golang.org/x/sys@v0.39.0/windows/zsyscall_windows.go
0.6393139947277184,0,0,0,0,0,0,0.0625,1,/home/mr1jk1/Documents/eli/yay/src/gopath/pkg/mod/golang.org/x/sys@v0.39.0/windows/mkwinsyscall/mkwinsyscall.go
0.6313367302805647,0,0,0,0,0,0,0.0,1,/home/mr1jk1/Documents/eli/yay/src/gopath/pkg/mod/golang.org/x/sys@v0.39.0/windows/mkwinsyscall/mkwinsyscall_test.go
0.6169616022432396,0,0,0,0,0,0,0.0,1,/home/mr1jk1/Documents/eli/yay/src/gopath/pkg/mod/golang.org/x/sys@v0.39.0/windows/registry/export_test.go
0.6533384594782734,0,0,0,0,0,0,0.0,1,/home/mr1jk1/Documents/eli/yay/src/gopath/pkg/mod/golang.org/x/sys@v0.39.0/windows/registry/key.go
0.5982342404619249,0,0,0,0,0,0,0.0,1,/home/mr1jk1/Documents/eli/yay/src/gopath/pkg/mod/golang.org/x/sys@v0.39.0/windows/registry/mksyscall.go
0.6567627466590271,0,0,0,0,0,0,0.0,1,/home/mr1jk1/Documents/eli/yay/src/gopath/pkg/mod/golang.org/x/sys@v0.39.0/windows/registry/registry_test.go
0.6518533008674705,0,0,0,0,0,0,0.0,1,/home/mr1jk1/Documents/eli/yay/src/gopath/pkg/mod/golang.org/x/sys@v0.39.0/windows/registry/syscall.go
0.6449503809777005,0,0,0,0,0,0,0.0,1,/home/mr1jk1/Documents/eli/yay/src/gopath/pkg/mod/golang.org/x/sys@v0.39.0/windows/registry/value.go
0.6437821679171587,0,0,0,0,0,0,0.0,1,/home/mr1jk1/Documents/eli/yay/src/gopath/pkg/mod/golang.org/x/sys@v0.39.0/windows/registry/zsyscall_windows.go
0.6598095224437105,0,0,0,0,0,0,0.0,1,/home/mr1jk1/Documents/eli/yay/src/gopath/pkg/mod/golang.org/x/sys@v0.39.0/windows/svc/security.go
0.6500684999994978,0,0,0,0,0,0,0.0,1,/home/mr1jk1/Documents/eli/yay/src/gopath/pkg/mod/golang.org/x/sys@v0.39.0/windows/svc/service.go
0.6488119600116238,0,0,0,0,0,0,0.0,1,/home/mr1jk1/Documents/eli/yay/src/gopath/pkg/mod/golang.org/x/sys@v0.39.0/windows/svc/svc_test.go
0.5995815958152636,0,0,0,0,0,0,0.0,1,/home/mr1jk1/Documents/eli/yay/src/gopath/pkg/mod/golang.org/x/sys@v0.39.0/windows/testdata/README
0.7696635218814611,1,0,0,1,1,0,0.0,1,/home/mr1jk1/Documents/eli/yay/src/gopath/pkg/mod/golang.org/x/sys@v0.39.0/windows/testdata/ev-signed-file.exe
0.599328895817898,0,0,0,0,0,0,0.0,1,/home/mr1jk1/Documents/eli/yay/src/gopath/pkg/mod/golang.org/x/sys@v0.39.0/windows/svc/debug/log.go
0.6245582552980299,0,0,0,0,0,0,0.0,1,/home/mr1jk1/Documents/eli/yay/src/gopath/pkg/mod/golang.org/x/sys@v0.39.0/windows/svc/debug/service.go
0.6437433362578467,0,0,0,0,0,0,0.0,1,/home/mr1jk1/Documents/eli/yay/src/gopath/pkg/mod/golang.org/x/sys@v0.39.0/windows/svc/eventlog/install.go
0.6260211717059645,0,0,0,0,0,0,0.0,1,/home/mr1jk1/Documents/eli/yay/src/gopath/pkg/mod/golang.org/x/sys@v0.39.0/windows/svc/eventlog/log.go
0.6230337486737151,0,0,0,0,0,0,0.0,1,/home/mr1jk1/Documents/eli/yay/src/gopath/pkg/mod/golang.org/x/sys@v0.39.0/windows/svc/eventlog/log_test.go
0.6309784695808481,0,0,0,0,0,0,0.0,1,/home/mr1jk1/Documents/eli/yay/src/gopath/pkg/mod/golang.org/x/sys@v0.39.0/windows/svc/example/beep.go
0.6129834342416105,0,0,0,0,0,0,0.0,1,/home/mr1jk1/Documents/eli/yay/src/gopath/pkg/mod/golang.org/x/sys@v0.39.0/windows/svc/example/install.go
0.6199865365009036,0,0,0,0,0,0,0.0,1,/home/mr1jk1/Documents/eli/yay/src/gopath/pkg/mod/golang.org/x/sys@v0.39.0/windows/svc/example/main.go
0.6099595230458807,0,0,0,0,0,0,0.0,1,/home/mr1jk1/Documents/eli/yay/src/gopath/pkg/mod/golang.org/x/sys@v0.39.0/windows/svc/example/manage.go
0.6388225630165499,0,0,0,0,0,0,0.0,1,/home/mr1jk1/Documents/eli/yay/src/gopath/pkg/mod/golang.org/x/sys@v0.39.0/windows/svc/example/service.go
0.6575438301670643,0,0,0,0,0,0,0.0,1,/home/mr1jk1/Documents/eli/yay/src/gopath/pkg/mod/golang.org/x/sys@v0.39.0/windows/svc/mgr/config.go
0.6442416370381145,0,0,0,0,0,0,0.0,1,/home/mr1jk1/Documents/eli/yay/src/gopath/pkg/mod/golang.org/x/sys@v0.39.0/windows/svc/mgr/mgr.go
0.6366642351111639,0,0,0,0,0,0,0.0,1,/home/mr1jk1/Documents/eli/yay/src/gopath/pkg/mod/golang.org/x/sys@v0.39.0/windows/svc/mgr/mgr_test.go
0.6420495612315992,0,0,0,0,0,0,0.0,1,/home/mr1jk1/Documents/eli/yay/src/gopath/pkg/mod/golang.org/x/sys@v0.39.0/windows/svc/mgr/recovery.go
0.6478281044569745,0,0,0,0,0,0,0.0,1,/home/mr1jk1/Documents/eli/yay/src/gopath/pkg/mod/golang.org/x/sys@v0.39.0/windows/svc/mgr/service.go
0.642700522858789,0,0,0,0,0,0,0.0,1,/home/mr1jk1/Documents/eli/yay/src/gopath/pkg/mod/golang.org/x/sys@v0.39.0/unix/linux/Dockerfile
0.6642792423057292,0,0,0,0,0,0,0.0,1,/home/mr1jk1/Documents/eli/yay/src/gopath/pkg/mod/golang.org/x/sys@v0.39.0/unix/linux/mkall.go
0.6637995562648459,0,0,0,0,0,0,0.0,1,/home/mr1jk1/Documents/eli/yay/src/gopath/pkg/mod/golang.org/x/sys@v0.39.0/unix/linux/mksysnum.go
0.569847241275919,0,0,0,0,0,0,0.0,1,/home/mr1jk1/Documents/eli/yay/src/gopath/pkg/mod/golang.org/x/sys@v0.39.0/unix/linux/types.go
0.6260434413206711,0,0,0,0,0,0,0.0,1,/home/mr1jk1/Documents/eli/yay/src/gopath/pkg/mod/golang.org/x/sys@v0.39.0/unix/internal/mkmerge/mkmerge.go
0.6772585788132066,0,0,0,0,0,0,0.0,1,/home/mr1jk1/Documents/eli/yay/src/gopath/pkg/mod/golang.org/x/sys@v0.39.0/unix/internal/mkmerge/mkmerge_test.go
0.609446757258587,0,0,0,0,0,0,0.0,1,/home/mr1jk1/Documents/eli/yay/src/gopath/pkg/mod/golang.org/x/net@v0.48.0/bpf/asm.go
0.6318200580034852,0,0,0,0,0,0,0.0,1,/home/mr1jk1/Documents/eli/yay/src/gopath/pkg/mod/golang.org/x/net@v0.48.0/bpf/constants.go
0.6069772585875679,0,0,0,0,0,0,0.0,1,/home/mr1jk1/Documents/eli/yay/src/gopath/pkg/mod/golang.org/x/net@v0.48.0/bpf/doc.go
0.646015601341618,0,0,0,0,0,0,0.0,1,/home/mr1jk1/Documents/eli/yay/src/gopath/pkg/mod/golang.org/x/net@v0.48.0/bpf/instructions.go
0.6584344166223761,0,0,0,0,0,0,0.0,1,/home/mr1jk1/Documents/eli/yay/src/gopath/pkg/mod/golang.org/x/net@v0.48.0/bpf/instructions_test.go
0.5981736871361553,0,0,0,0,0,0,0.0,1,/home/mr1jk1/Documents/eli/yay/src/gopath/pkg/mod/golang.org/x/net@v0.48.0/bpf/setter.go
0.6303657636597617,0,0,0,0,0,0,0.0,1,/home/mr1jk1/Documents/eli/yay/src/gopath/pkg/mod/golang.org/x/net@v0.48.0/bpf/vm.go
0.648898849501809,0,0,0,0,0,0,0.0,1,/home/mr1jk1/Documents/eli/yay/src/gopath/pkg/mod/golang.org/x/net@v0.48.0/bpf/vm_aluop_test.go
0.633094750218284,0,0,0,0,0,0,0.0,1,/home/mr1jk1/Documents/eli/yay/src/gopath/pkg/mod/golang.org/x/net@v0.48.0/bpf/vm_bpf_test.go
0.648536195842988,0,0,0,0,0,0,0.0,1,/home/mr1jk1/Documents/eli/yay/src/gopath/pkg/mod/golang.org/x/net@v0.48.0/bpf/vm_extension_test.go
0.6500905811780209,0,0,0,0,0,0,0.0,1,/home/mr1jk1/Documents/eli/yay/src/gopath/pkg/mod/golang.org/x/net@v0.48.0/bpf/vm_instructions.go
0.6465732721662474,0,0,0,0,0,0,0.0,1,/home/mr1jk1/Documents/eli/yay/src/gopath/pkg/mod/golang.org/x/net@v0.48.0/bpf/vm_jump_test.go
0.6548793782165132,0,0,0,0,0,0,0.0,1,/home/mr1jk1/Documents/eli/yay/src/gopath/pkg/mod/golang.org/x/net@v0.48.0/bpf/vm_load_test.go
0.6407635650036757,0,0,0,0,0,0,0.0,1,/home/mr1jk1/Documents/eli/yay/src/gopath/pkg/mod/golang.org/x/net@v0.48.0/bpf/vm_ret_test.go
0.6491700263373448,0,0,0,0,0,0,0.0,1,/home/mr1jk1/Documents/eli/yay/src/gopath/pkg/mod/golang.org/x/net@v0.48.0/bpf/vm_scratch_test.go
0.6438274897511898,0,0,0,0,0,0,0.0,1,/home/mr1jk1/Documents/eli/yay/src/gopath/pkg/mod/golang.org/x/net@v0.48.0/bpf/vm_test.go
0.5825954579365766,0,0,0,0,0,0,0.0,1,/home/mr1jk1/Documents/eli/yay/src/gopath/pkg/mod/golang.org/x/net@v0.48.0/context/context.go
0.6260273705714889,0,0,0,0,0,0,0.0,1,/home/mr1jk1/Documents/eli/yay/src/gopath/pkg/mod/golang.org/x/net@v0.48.0/dict/dict.go
0.6218251307454793,0,0,0,0,0,0,0.0,1,/home/mr1jk1/Documents/eli/yay/src/gopath/pkg/mod/golang.org/x/net@v0.48.0/html/comment_test.go
0.546246089787809,0,0,0,0,0,0,0.0,1,/home/mr1jk1/Documents/eli/yay/src/gopath/pkg/mod/golang.org/x/net@v0.48.0/html/const.go
0.6109677897813951,0,0,0,0,0,0,0.0,1,/home/mr1jk1/Documents/eli/yay/src/gopath/pkg/mod/golang.org/x/net@v0.48.0/html/doc.go
0.6327748505390275,0,0,0,0,0,0,0.0,1,/home/mr1jk1/Documents/eli/yay/src/gopath/pkg/mod/golang.org/x/net@v0.48.0/html/doctype.go
0.4362607136083622,0,0,0,0,0,0,0.0,1,/home/mr1jk1/Documents/eli/yay/src/gopath/pkg/mod/golang.org/x/net@v0.48.0/html/entity.go
0.6331522048217758,0,0,0,0,0,0,0.0,1,/home/mr1jk1/Documents/eli/yay/src/gopath/pkg/mod/golang.org/x/net@v0.48.0/html/entity_test.go
0.6467356983587135,0,0,0,0,0,0,0.0,1,/home/mr1jk1/Documents/eli/yay/src/gopath/pkg/mod/golang.org/x/net@v0.48.0/html/escape.go
0.6540692855650182,0,0,0,0,0,0,0.0,1,/home/mr1jk1/Documents/eli/yay/src/gopath/pkg/mod/golang.org/x/net@v0.48.0/html/escape_test.go
0.6453373217100142,0,0,0,0,0,0,0.0,1,/home/mr1jk1/Documents/eli/yay/src/gopath/pkg/mod/golang.org/x/net@v0.48.0/html/example_test.go
0.5799701139126598,0,0,0,0,0,0,0.0,1,/home/mr1jk1/Documents/eli/yay/src/gopath/pkg/mod/golang.org/x/net@v0.48.0/html/foreign.go
0.6108312943516306,0,0,0,0,0,0,0.0,1,/home/mr1jk1/Documents/eli/yay/src/gopath/pkg/mod/golang.org/x/net@v0.48.0/html/iter.go
0.6468212900295239,0,0,0,0,0,0,0.0,1,/home/mr1jk1/Documents/eli/yay/src/gopath/pkg/mod/golang.org/x/net@v0.48.0/html/iter_test.go
0.6271148889853352,0,0,0,0,0,0,0.0,1,/home/mr1jk1/Documents/eli/yay/src/gopath/pkg/mod/golang.org/x/net@v0.48.0/html/node.go
0.6143614669208919,0,0,0,0,0,0,0.0,1,/home/mr1jk1/Documents/eli/yay/src/gopath/pkg/mod/golang.org/x/net@v0.48.0/html/node_test.go
0.6315242573437203,0,0,0,0,0,0,0.0,1,/home/mr1jk1/Documents/eli/yay/src/gopath/pkg/mod/golang.org/x/net@v0.48.0/html/parse.go
0.6373892597315154,0,0,0,0,0,0,0.0,1,/home/mr1jk1/Documents/eli/yay/src/gopath/pkg/mod/golang.org/x/net@v0.48.0/html/parse_test.go
0.6126621054191244,0,0,0,0,0,0,0.0,1,/home/mr1jk1/Documents/eli/yay/src/gopath/pkg/mod/golang.org/x/net@v0.48.0/html/render.go
0.6525525994798158,0,0,0,0,0,0,0.0,1,/home/mr1jk1/Documents/eli/yay/src/gopath/pkg/mod/golang.org/x/net@v0.48.0/html/render_test.go
0.6340432473529588,0,0,0,0,0,0,0.0,1,/home/mr1jk1/Documents/eli/yay/src/gopath/pkg/mod/golang.org/x/net@v0.48.0/html/token.go
0.6698590393660476,0,0,0,0,0,0,0.0,1,/home/mr1jk1/Documents/eli/yay/src/gopath/pkg/mod/golang.org/x/net@v0.48.0/html/token_test.go
0.3415198614205713,0,0,0,0,0,0,0.0,1,/home/mr1jk1/Documents/eli/yay/src/gopath/pkg/mod/golang.org/x/net@v0.48.0/http2/.gitignore
0.6254014482315763,0,0,0,0,0,0,0.0,1,/home/mr1jk1/Documents/eli/yay/src/gopath/pkg/mod/golang.org/x/net@v0.48.0/http2/ascii.go
0.6345658561507834,0,0,0,0,0,0,0.0,1,/home/mr1jk1/Documents/eli/yay/src/gopath/pkg/mod/golang.org/x/net@v0.48.0/http2/ascii_test.go
0.6218569462299481,0,0,0,0,0,0,0.0,1,/home/mr1jk1/Documents/eli/yay/src/gopath/pkg/mod/golang.org/x/net@v0.48.0/http2/ciphers.go
0.6078144165642055,0,0,0,0,0,0,0.0,1,/home/mr1jk1/Documents/eli/yay/src/gopath/pkg/mod/golang.org/x/net@v0.48.0/http2/ciphers_test.go
0.6147889125263336,0,0,0,0,0,0,0.0,1,/home/mr1jk1/Documents/eli/yay/src/gopath/pkg/mod/golang.org/x/net@v0.48.0/http2/client_conn_pool.go
0.6233526526403481,0,0,0,0,0,0,0.0,1,/home/mr1jk1/Documents/eli/yay/src/gopath/pkg/mod/golang.org/x/net@v0.48.0/http2/clientconn_test.go
0.6403628988863462,0,0,0,0,0,0,0.0,1,/home/mr1jk1/Documents/eli/yay/src/gopath/pkg/mod/golang.org/x/net@v0.48.0/http2/config.go
0.6280356356642252,0,0,0,0,0,0,0.0,1,/home/mr1jk1/Documents/eli/yay/src/gopath/pkg/mod/golang.org/x/net@v0.48.0/http2/config_go125.go
0.626990096807609,0,0,0,0,0,0,0.0,1,/home/mr1jk1/Documents/eli/yay/src/gopath/pkg/mod/golang.org/x/net@v0.48.0/http2/config_go126.go
0.6460128880904459,0,0,0,0,0,0,0.0,1,/home/mr1jk1/Documents/eli/yay/src/gopath/pkg/mod/golang.org/x/net@v0.48.0/http2/config_test.go
0.6363989934099501,0,0,0,0,0,0,0.0,1,/home/mr1jk1/Documents/eli/yay/src/gopath/pkg/mod/golang.org/x/net@v0.48.0/http2/connframes_test.go
0.6412189474670401,0,0,0,0,0,0,0.0,1,/home/mr1jk1/Documents/eli/yay/src/gopath/pkg/mod/golang.org/x/net@v0.48.0/http2/databuffer.go
0.6589308592365146,0,0,0,0,0,0,0.0,1,/home/mr1jk1/Documents/eli/yay/src/gopath/pkg/mod/golang.org/x/net@v0.48.0/http2/databuffer_test.go
0.6217288783027431,0,0,0,0,0,0,0.0,1,/home/mr1jk1/Documents/eli/yay/src/gopath/pkg/mod/golang.org/x/net@v0.48.0/http2/errors.go
0.6463511637984861,0,0,0,0,0,0,0.0,1,/home/mr1jk1/Documents/eli/yay/src/gopath/pkg/mod/golang.org/x/net@v0.48.0/http2/errors_test.go
0.6090747242598578,0,0,0,0,0,0,0.0,1,/home/mr1jk1/Documents/eli/yay/src/gopath/pkg/mod/golang.org/x/net@v0.48.0/http2/flow.go
0.6304285482000916,0,0,0,0,0,0,0.0,1,/home/mr1jk1/Documents/eli/yay/src/gopath/pkg/mod/golang.org/x/net@v0.48.0/http2/flow_test.go
0.6413752550740279,0,0,0,0,0,0,0.0,1,/home/mr1jk1/Documents/eli/yay/src/gopath/pkg/mod/golang.org/x/net@v0.48.0/http2/frame.go
0.6537284790153636,0,0,0,0,0,0,0.0,1,/home/mr1jk1/Documents/eli/yay/src/gopath/pkg/mod/golang.org/x/net@v0.48.0/http2/frame_test.go
0.6452587617779355,0,0,0,0,0,0,0.0,1,/home/mr1jk1/Documents/eli/yay/src/gopath/pkg/mod/golang.org/x/net@v0.48.0/http2/gotrack.go
0.6231079930423938,0,0,0,0,0,0,0.0,1,/home/mr1jk1/Documents/eli/yay/src/gopath/pkg/mod/golang.org/x/net@v0.48.0/http2/gotrack_test.go
0.6438912139902481,0,0,0,0,0,0,0.0,1,/home/mr1jk1/Documents/eli/yay/src/gopath/pkg/mod/golang.org/x/net@v0.48.0/http2/http2.go
0.6456608197432904,0,0,0,0,0,0,0.0,1,/home/mr1jk1/Documents/eli/yay/src/gopath/pkg/mod/golang.org/x/net@v0.48.0/http2/http2_test.go
0.6202099425772895,0,0,0,0,0,0,0.0,1,/home/mr1jk1/Documents/eli/yay/src/gopath/pkg/mod/golang.org/x/net@v0.48.0/http2/netconn_test.go
0.6033993623587559,0,0,0,0,0,0,0.0,1,/home/mr1jk1/Documents/eli/yay/src/gopath/pkg/mod/golang.org/x/net@v0.48.0/http2/pipe.go
0.6397671976347198,0,0,0,0,0,0,0.0,1,/home/mr1jk1/Documents/eli/yay/src/gopath/pkg/mod/golang.org/x/net@v0.48.0/http2/pipe_test.go
0.6315539672843803,0,0,0,0,0,0,0.0,1,/home/mr1jk1/Documents/eli/yay/src/gopath/pkg/mod/golang.org/x/net@v0.48.0/http2/server.go
0.6481567455217003,0,0,0,0,0,0,0.0,1,/home/mr1jk1/Documents/eli/yay/src/gopath/pkg/mod/golang.org/x/net@v0.48.0/http2/server_push_test.go
0.6494457573814902,0,0,0,0,0,0,0.0,1,/home/mr1jk1/Documents/eli/yay/src/gopath/pkg/mod/golang.org/x/net@v0.48.0/http2/server_test.go
0.6191330772302652,0,0,0,0,0,0,0.0,1,/home/mr1jk1/Documents/eli/yay/src/gopath/pkg/mod/golang.org/x/net@v0.48.0/http2/synctest_go124_test.go
0.6160452622505046,0,0,0,0,0,0,0.0,1,/home/mr1jk1/Documents/eli/yay/src/gopath/pkg/mod/golang.org/x/net@v0.48.0/http2/synctest_go125_test.go
0.6319394947265942,0,0,0,0,0,0,0.0,1,/home/mr1jk1/Documents/eli/yay/src/gopath/pkg/mod/golang.org/x/net@v0.48.0/http2/transport.go
0.6496952365414675,0,0,0,0,0,0,0.0,1,/home/mr1jk1/Documents/eli/yay/src/gopath/pkg/mod/golang.org/x/net@v0.48.0/http2/transport_test.go
0.5996001627361446,0,0,0,0,0,0,0.0,1,/home/mr1jk1/Documents/eli/yay/src/gopath/pkg/mod/golang.org/x/net@v0.48.0/http2/unencrypted.go
0.6322723889636453,0,0,0,0,0,0,0.0,1,/home/mr1jk1/Documents/eli/yay/src/gopath/pkg/mod/golang.org/x/net@v0.48.0/http2/write.go
0.6162660557685485,0,0,0,0,0,0,0.0,1,/home/mr1jk1/Documents/eli/yay/src/gopath/pkg/mod/golang.org/x/net@v0.48.0/http2/writesched.go
0.6520669162761431,0,0,0,0,0,0,0.0,1,/home/mr1jk1/Documents/eli/yay/src/gopath/pkg/mod/golang.org/x/net@v0.48.0/http2/writesched_benchmarks_test.go
0.6319439592029612,0,0,0,0,0,0,0.0,1,/home/mr1jk1/Documents/eli/yay/src/gopath/pkg/mod/golang.org/x/net@v0.48.0/http2/writesched_priority_rfc7540.go
0.6626876648099581,0,0,0,0,0,0,0.0,1,/home/mr1jk1/Documents/eli/yay/src/gopath/pkg/mod/golang.org/x/net@v0.48.0/http2/writesched_priority_rfc7540_test.go
0.6220118413068366,0,0,0,0,0,0,0.0,1,/home/mr1jk1/Documents/eli/yay/src/gopath/pkg/mod/golang.org/x/net@v0.48.0/http2/writesched_priority_rfc9218.go
0.6405494841892352,0,0,0,0,0,0,0.0,1,/home/mr1jk1/Documents/eli/yay/src/gopath/pkg/mod/golang.org/x/net@v0.48.0/http2/writesched_priority_rfc9218_test.go
0.633001397855799,0,0,0,0,0,0,0.0,1,/home/mr1jk1/Documents/eli/yay/src/gopath/pkg/mod/golang.org/x/net@v0.48.0/http2/writesched_random.go
0.6513606128108368,0,0,0,0,0,0,0.0,1,/home/mr1jk1/Documents/eli/yay/src/gopath/pkg/mod/golang.org/x/net@v0.48.0/http2/writesched_random_test.go
0.6280542922506904,0,0,0,0,0,0,0.0,1,/home/mr1jk1/Documents/eli/yay/src/gopath/pkg/mod/golang.org/x/net@v0.48.0/http2/writesched_roundrobin.go
0.647933588675347,0,0,0,0,0,0,0.0,1,/home/mr1jk1/Documents/eli/yay/src/gopath/pkg/mod/golang.org/x/net@v0.48.0/http2/writesched_roundrobin_test.go
0.6462894743827731,0,0,0,0,0,0,0.0,1,/home/mr1jk1/Documents/eli/yay/src/gopath/pkg/mod/golang.org/x/net@v0.48.0/http2/writesched_test.go
0.6563976337823482,0,0,0,0,0,0,0.0,1,/home/mr1jk1/Documents/eli/yay/src/gopath/pkg/mod/golang.org/x/net@v0.48.0/icmp/diag_test.go
0.6218353631783395,0,0,0,0,0,0,0.0,1,/home/mr1jk1/Documents/eli/yay/src/gopath/pkg/mod/golang.org/x/net@v0.48.0/icmp/dstunreach.go
0.6445396476598215,0,0,0,0,0,0,0.0,1,/home/mr1jk1/Documents/eli/yay/src/gopath/pkg/mod/golang.org/x/net@v0.48.0/icmp/echo.go
0.6242190521418222,0,0,0,0,0,0,0.0,1,/home/mr1jk1/Documents/eli/yay/src/gopath/pkg/mod/golang.org/x/net@v0.48.0/icmp/endpoint.go
0.6650495825925672,0,0,0,0,0,0,0.0,1,/home/mr1jk1/Documents/eli/yay/src/gopath/pkg/mod/golang.org/x/net@v0.48.0/icmp/example_test.go
0.6341575602858135,0,0,0,0,0,0,0.0,1,/home/mr1jk1/Documents/eli/yay/src/gopath/pkg/mod/golang.org/x/net@v0.48.0/icmp/extension.go
0.6343850504293329,0,0,0,0,0,0,0.0,1,/home/mr1jk1/Documents/eli/yay/src/gopath/pkg/mod/golang.org/x/net@v0.48.0/icmp/extension_test.go
0.642069398240202,0,0,0,0,0,0,0.0,1,/home/mr1jk1/Documents/eli/yay/src/gopath/pkg/mod/golang.org/x/net@v0.48.0/icmp/helper_posix.go
0.6450615586531483,0,0,0,0,0,0,0.0,1,/home/mr1jk1/Documents/eli/yay/src/gopath/pkg/mod/golang.org/x/net@v0.48.0/icmp/interface.go
0.6607421456672771,0,0,0,0,0,0,0.0,1,/home/mr1jk1/Documents/eli/yay/src/gopath/pkg/mod/golang.org/x/net@v0.48.0/icmp/ipv4.go
0.6497628353824136,0,0,0,0,0,0,0.0,1,/home/mr1jk1/Documents/eli/yay/src/gopath/pkg/mod/golang.org/x/net@v0.48.0/icmp/ipv4_test.go
0.6440449695257839,0,0,0,0,0,0,0.0,1,/home/mr1jk1/Documents/eli/yay/src/gopath/pkg/mod/golang.org/x/net@v0.48.0/icmp/ipv6.go
0.6558563804849383,0,0,0,0,0,0,0.0,1,/home/mr1jk1/Documents/eli/yay/src/gopath/pkg/mod/golang.org/x/net@v0.48.0/icmp/listen_posix.go
0.6412652134505031,0,0,0,0,0,0,0.0,1,/home/mr1jk1/Documents/eli/yay/src/gopath/pkg/mod/golang.org/x/net@v0.48.0/icmp/listen_stub.go
0.6501646033173817,0,0,0,0,0,0,0.0,1,/home/mr1jk1/Documents/eli/yay/src/gopath/pkg/mod/golang.org/x/net@v0.48.0/icmp/message.go
0.6502535204591491,0,0,0,0,0,0,0.0,1,/home/mr1jk1/Documents/eli/yay/src/gopath/pkg/mod/golang.org/x/net@v0.48.0/icmp/message_test.go
0.6130797693626833,0,0,0,0,0,0,0.0,1,/home/mr1jk1/Documents/eli/yay/src/gopath/pkg/mod/golang.org/x/net@v0.48.0/icmp/messagebody.go
0.646835993559806,0,0,0,0,0,0,0.0,1,/home/mr1jk1/Documents/eli/yay/src/gopath/pkg/mod/golang.org/x/net@v0.48.0/icmp/mpls.go
0.6309464551394286,0,0,0,0,0,0,0.0,1,/home/mr1jk1/Documents/eli/yay/src/gopath/pkg/mod/golang.org/x/net@v0.48.0/icmp/multipart.go
0.6407587356239054,0,0,0,0,0,0,0.0,1,/home/mr1jk1/Documents/eli/yay/src/gopath/pkg/mod/golang.org/x/net@v0.48.0/icmp/multipart_test.go
0.6370324934007879,0,0,0,0,0,0,0.0,1,/home/mr1jk1/Documents/eli/yay/src/gopath/pkg/mod/golang.org/x/net@v0.48.0/icmp/packettoobig.go
0.6272322777748552,0,0,0,0,0,0,0.0,1,/home/mr1jk1/Documents/eli/yay/src/gopath/pkg/mod/golang.org/x/net@v0.48.0/icmp/paramprob.go
0.6186581852216467,0,0,0,0,0,0,0.0,1,/home/mr1jk1/Documents/eli/yay/src/gopath/pkg/mod/golang.org/x/net@v0.48.0/icmp/sys_freebsd.go
0.6233141210377012,0,0,0,0,0,0,0.0,1,/home/mr1jk1/Documents/eli/yay/src/gopath/pkg/mod/golang.org/x/net@v0.48.0/icmp/timeexceeded.go
0.6606164925660173,0,0,0,0,0,0,0.0,1,/home/mr1jk1/Documents/eli/yay/src/gopath/pkg/mod/golang.org/x/net@v0.48.0/idna/example_test.go
0.6035026562925464,0,0,0,0,0,0,0.0,1,/home/mr1jk1/Documents/eli/yay/src/gopath/pkg/mod/golang.org/x/net@v0.48.0/idna/go118.go
0.6379168767497643,0,0,0,0,0,0,0.0,1,/home/mr1jk1/Documents/eli/yay/src/gopath/pkg/mod/golang.org/x/net@v0.48.0/idna/idna10.0.0.go
0.6374345085323639,0,0,0,0,0,0,0.0,1,/home/mr1jk1/Documents/eli/yay/src/gopath/pkg/mod/golang.org/x/net@v0.48.0/idna/idna9.0.0.go
0.6766322011081312,0,0,0,0,0,0,0.0,1,/home/mr1jk1/Documents/eli/yay/src/gopath/pkg/mod/golang.org/x/net@v0.48.0/idna/idna_test.go
0.6021853009675975,0,0,0,0,0,0,0.0,1,/home/mr1jk1/Documents/eli/yay/src/gopath/pkg/mod/golang.org/x/net@v0.48.0/idna/pre_go118.go
0.6277366639058755,0,0,0,0,0,0,0.0,1,/home/mr1jk1/Documents/eli/yay/src/gopath/pkg/mod/golang.org/x/net@v0.48.0/idna/punycode.go
0.6829851711853634,0,0,0,0,0,0,0.0,1,/home/mr1jk1/Documents/eli/yay/src/gopath/pkg/mod/golang.org/x/net@v0.48.0/idna/punycode_test.go
0.5719194208970557,0,0,0,0,0,0,0.0,1,/home/mr1jk1/Documents/eli/yay/src/gopath/pkg/mod/golang.org/x/net@v0.48.0/idna/tables10.0.0.go
0.5721560699807534,0,0,0,0,0,0,0.0,1,/home/mr1jk1/Documents/eli/yay/src/gopath/pkg/mod/golang.org/x/net@v0.48.0/idna/tables11.0.0.go
0.5721086606479605,0,0,0,0,0,0,0.0,1,/home/mr1jk1/Documents/eli/yay/src/gopath/pkg/mod/golang.org/x/net@v0.48.0/idna/tables12.0.0.go
0.5677023059435121,0,0,0,0,0,0,0.0,1,/home/mr1jk1/Documents/eli/yay/src/gopath/pkg/mod/golang.org/x/net@v0.48.0/idna/tables13.0.0.go
0.5652569706839727,0,0,0,0,0,0,0.0,1,/home/mr1jk1/Documents/eli/yay/src/gopath/pkg/mod/golang.org/x/net@v0.48.0/idna/tables15.0.0.go
0.5722318637156313,0,0,0,0,0,0,0.0,1,/home/mr1jk1/Documents/eli/yay/src/gopath/pkg/mod/golang.org/x/net@v0.48.0/idna/tables9.0.0.go
0.6215186895749719,0,0,0,0,0,0,0.0,1,/home/mr1jk1/Documents/eli/yay/src/gopath/pkg/mod/golang.org/x/net@v0.48.0/idna/trie.go
0.6409741689690361,0,0,0,0,0,0,0.0,1,/home/mr1jk1/Documents/eli/yay/src/gopath/pkg/mod/golang.org/x/net@v0.48.0/idna/trie12.0.0.go
0.6388964795557497,0,0,0,0,0,0,0.0,1,/home/mr1jk1/Documents/eli/yay/src/gopath/pkg/mod/golang.org/x/net@v0.48.0/idna/trie13.0.0.go
0.6072135929150336,0,0,0,0,0,0,0.0,1,/home/mr1jk1/Documents/eli/yay/src/gopath/pkg/mod/golang.org/x/net@v0.48.0/idna/trieval.go
0.633538705275016,0,0,0,0,0,0,0.0,1,/home/mr1jk1/Documents/eli/yay/src/gopath/pkg/mod/golang.org/x/net@v0.48.0/ipv4/batch.go
0.657997382641317,0,0,0,0,0,0,0.0,1,/home/mr1jk1/Documents/eli/yay/src/gopath/pkg/mod/golang.org/x/net@v0.48.0/ipv4/bpf_test.go
0.6192356444464349,0,0,0,0,0,0,0.0,1,/home/mr1jk1/Documents/eli/yay/src/gopath/pkg/mod/golang.org/x/net@v0.48.0/ipv4/control.go
0.6527518151879123,0,0,0,0,0,0,0.0,1,/home/mr1jk1/Documents/eli/yay/src/gopath/pkg/mod/golang.org/x/net@v0.48.0/ipv4/control_bsd.go
0.6587406930030217,0,0,0,0,0,0,0.0,1,/home/mr1jk1/Documents/eli/yay/src/gopath/pkg/mod/golang.org/x/net@v0.48.0/ipv4/control_pktinfo.go
0.6162665152315558,0,0,0,0,0,0,0.0,1,/home/mr1jk1/Documents/eli/yay/src/gopath/pkg/mod/golang.org/x/net@v0.48.0/ipv4/control_stub.go
0.6469504604138323,0,0,0,0,0,0,0.0,1,/home/mr1jk1/Documents/eli/yay/src/gopath/pkg/mod/golang.org/x/net@v0.48.0/ipv4/control_test.go
0.6418738507030283,0,0,0,0,0,0,0.0,1,/home/mr1jk1/Documents/eli/yay/src/gopath/pkg/mod/golang.org/x/net@v0.48.0/ipv4/control_unix.go
0.6172850014121496,0,0,0,0,0,0,0.0,1,/home/mr1jk1/Documents/eli/yay/src/gopath/pkg/mod/golang.org/x/net@v0.48.0/ipv4/control_windows.go
0.643614947390679,0,0,0,0,0,0,0.0,1,/home/mr1jk1/Documents/eli/yay/src/gopath/pkg/mod/golang.org/x/net@v0.48.0/ipv4/control_zos.go
0.62869363161645,0,0,0,0,0,0,0.0,1,/home/mr1jk1/Documents/eli/yay/src/gopath/pkg/mod/golang.org/x/net@v0.48.0/ipv4/defs_aix.go
0.6115240989137528,0,0,0,0,0,0,0.0,1,/home/mr1jk1/Documents/eli/yay/src/gopath/pkg/mod/golang.org/x/net@v0.48.0/ipv4/defs_darwin.go
0.6277578681985956,0,0,0,0,0,0,0.0,1,/home/mr1jk1/Documents/eli/yay/src/gopath/pkg/mod/golang.org/x/net@v0.48.0/ipv4/defs_dragonfly.go
0.6127780759338689,0,0,0,0,0,0,0.0,1,/home/mr1jk1/Documents/eli/yay/src/gopath/pkg/mod/golang.org/x/net@v0.48.0/ipv4/defs_freebsd.go
0.6146507765643419,0,0,0,0,0,0,0.0,1,/home/mr1jk1/Documents/eli/yay/src/gopath/pkg/mod/golang.org/x/net@v0.48.0/ipv4/defs_linux.go
0.6277578681985956,0,0,0,0,0,0,0.0,1,/home/mr1jk1/Documents/eli/yay/src/gopath/pkg/mod/golang.org/x/net@v0.48.0/ipv4/defs_netbsd.go
0.6277578681985956,0,0,0,0,0,0,0.0,1,/home/mr1jk1/Documents/eli/yay/src/gopath/pkg/mod/golang.org/x/net@v0.48.0/ipv4/defs_openbsd.go
0.6115240989137528,0,0,0,0,0,0,0.0,1,/home/mr1jk1/Documents/eli/yay/src/gopath/pkg/mod/golang.org/x/net@v0.48.0/ipv4/defs_solaris.go
0.6201227321040376,0,0,0,0,0,0,0.0,1,/home/mr1jk1/Documents/eli/yay/src/gopath/pkg/mod/golang.org/x/net@v0.48.0/ipv4/dgramopt.go
0.6314592575762146,0,0,0,0,0,0,0.0,1,/home/mr1jk1/Documents/eli/yay/src/gopath/pkg/mod/golang.org/x/net@v0.48.0/ipv4/doc.go
0.61518324508677,0,0,0,0,0,0,0.0,1,/home/mr1jk1/Documents/eli/yay/src/gopath/pkg/mod/golang.org/x/net@v0.48.0/ipv4/endpoint.go
0.6181788382362889,0,0,0,0,0,0,0.0,1,/home/mr1jk1/Documents/eli/yay/src/gopath/pkg/mod/golang.org/x/net@v0.48.0/ipv4/errors_other_test.go
0.6258478038262716,0,0,0,0,0,0,0.0,1,/home/mr1jk1/Documents/eli/yay/src/gopath/pkg/mod/golang.org/x/net@v0.48.0/ipv4/errors_unix_test.go
0.661330387588952,0,0,0,0,0,0,0.0,1,/home/mr1jk1/Documents/eli/yay/src/gopath/pkg/mod/golang.org/x/net@v0.48.0/ipv4/example_test.go
0.5960689974434206,0,0,0,0,0,0,0.0,1,/home/mr1jk1/Documents/eli/yay/src/gopath/pkg/mod/golang.org/x/net@v0.48.0/ipv4/export_test.go
0.643869718551772,0,0,0,0,0,0,0.0,1,/home/mr1jk1/Documents/eli/yay/src/gopath/pkg/mod/golang.org/x/net@v0.48.0/ipv4/gen.go
0.6189726192035868,0,0,0,0,0,0,0.0,1,/home/mr1jk1/Documents/eli/yay/src/gopath/pkg/mod/golang.org/x/net@v0.48.0/ipv4/genericopt.go
0.6547033767923037,0,0,0,0,0,0,0.0,1,/home/mr1jk1/Documents/eli/yay/src/gopath/pkg/mod/golang.org/x/net@v0.48.0/ipv4/header.go
0.6363546577847516,0,0,0,0,0,0,0.0,1,/home/mr1jk1/Documents/eli/yay/src/gopath/pkg/mod/golang.org/x/net@v0.48.0/ipv4/header_test.go
0.648592708865908,0,0,0,0,0,0,0.0,1,/home/mr1jk1/Documents/eli/yay/src/gopath/pkg/mod/golang.org/x/net@v0.48.0/ipv4/helper.go
0.6361312294740863,0,0,0,0,0,0,0.0,1,/home/mr1jk1/Documents/eli/yay/src/gopath/pkg/mod/golang.org/x/net@v0.48.0/ipv4/helper_posix_test.go
0.6049504858596635,0,0,0,0,0,0,0.0,1,/home/mr1jk1/Documents/eli/yay/src/gopath/pkg/mod/golang.org/x/net@v0.48.0/ipv4/helper_stub_test.go
0.612548192687821,0,0,0,0,0,0,0.0,1,/home/mr1jk1/Documents/eli/yay/src/gopath/pkg/mod/golang.org/x/net@v0.48.0/ipv4/iana.go
0.6181809388766628,0,0,0,0,0,0,0.0,1,/home/mr1jk1/Documents/eli/yay/src/gopath/pkg/mod/golang.org/x/net@v0.48.0/ipv4/icmp.go
0.6486737518727295,0,0,0,0,0,0,0.0,1,/home/mr1jk1/Documents/eli/yay/src/gopath/pkg/mod/golang.org/x/net@v0.48.0/ipv4/icmp_linux.go
0.6307852475254989,0,0,0,0,0,0,0.0,1,/home/mr1jk1/Documents/eli/yay/src/gopath/pkg/mod/golang.org/x/net@v0.48.0/ipv4/icmp_stub.go
0.6623960665933794,0,0,0,0,0,0,0.0,1,/home/mr1jk1/Documents/eli/yay/src/gopath/pkg/mod/golang.org/x/net@v0.48.0/ipv4/icmp_test.go
0.6497659501394006,0,0,0,0,0,0,0.0,1,/home/mr1jk1/Documents/eli/yay/src/gopath/pkg/mod/golang.org/x/net@v0.48.0/ipv4/multicast_test.go
0.6436009303261346,0,0,0,0,0,0,0.0,1,/home/mr1jk1/Documents/eli/yay/src/gopath/pkg/mod/golang.org/x/net@v0.48.0/ipv4/multicastlistener_test.go
0.6590594517888982,0,0,0,0,0,0,0.0,1,/home/mr1jk1/Documents/eli/yay/src/gopath/pkg/mod/golang.org/x/net@v0.48.0/ipv4/multicastsockopt_test.go
0.6387465243746023,0,0,0,0,0,0,0.0,1,/home/mr1jk1/Documents/eli/yay/src/gopath/pkg/mod/golang.org/x/net@v0.48.0/ipv4/packet.go
0.623301216287713,0,0,0,0,0,0,0.0,1,/home/mr1jk1/Documents/eli/yay/src/gopath/pkg/mod/golang.org/x/net@v0.48.0/ipv4/payload.go
0.6467981105981766,0,0,0,0,0,0,0.0,1,/home/mr1jk1/Documents/eli/yay/src/gopath/pkg/mod/golang.org/x/net@v0.48.0/ipv4/payload_cmsg.go
0.6092513988011632,0,0,0,0,0,0,0.0,1,/home/mr1jk1/Documents/eli/yay/src/gopath/pkg/mod/golang.org/x/net@v0.48.0/ipv4/payload_nocmsg.go
0.6576738633955708,0,0,0,0,0,0,0.0,1,/home/mr1jk1/Documents/eli/yay/src/gopath/pkg/mod/golang.org/x/net@v0.48.0/ipv4/readwrite_test.go
0.5569617236120273,0,0,0,0,0,0,0.0,1,/home/mr1jk1/Documents/eli/yay/src/gopath/pkg/mod/golang.org/x/net@v0.48.0/ipv4/sockopt.go
0.6346708136649619,0,0,0,0,0,0,0.0,1,/home/mr1jk1/Documents/eli/yay/src/gopath/pkg/mod/golang.org/x/net@v0.48.0/ipv4/sockopt_posix.go
0.6222443020521434,0,0,0,0,0,0,0.0,1,/home/mr1jk1/Documents/eli/yay/src/gopath/pkg/mod/golang.org/x/net@v0.48.0/ipv4/sockopt_stub.go
0.6550578705584577,0,0,0,0,0,0,0.0,1,/home/mr1jk1/Documents/eli/yay/src/gopath/pkg/mod/golang.org/x/net@v0.48.0/ipv4/sys_aix.go
0.625598095080677,0,0,0,0,0,0,0.0,1,/home/mr1jk1/Documents/eli/yay/src/gopath/pkg/mod/golang.org/x/net@v0.48.0/ipv4/sys_asmreq.go
0.623343456739191,0,0,0,0,0,0,0.0,1,/home/mr1jk1/Documents/eli/yay/src/gopath/pkg/mod/golang.org/x/net@v0.48.0/ipv4/sys_asmreq_stub.go
0.6467841226258851,0,0,0,0,0,0,0.0,1,/home/mr1jk1/Documents/eli/yay/src/gopath/pkg/mod/golang.org/x/net@v0.48.0/ipv4/sys_asmreqn.go
0.6260928211476419,0,0,0,0,0,0,0.0,1,/home/mr1jk1/Documents/eli/yay/src/gopath/pkg/mod/golang.org/x/net@v0.48.0/ipv4/sys_asmreqn_stub.go
0.6492645776024004,0,0,0,0,0,0,0.0,1,/home/mr1jk1/Documents/eli/yay/src/gopath/pkg/mod/golang.org/x/net@v0.48.0/ipv4/sys_bpf.go
0.6291304579782256,0,0,0,0,0,0,0.0,1,/home/mr1jk1/Documents/eli/yay/src/gopath/pkg/mod/golang.org/x/net@v0.48.0/ipv4/sys_bpf_stub.go
0.6499402524136443,0,0,0,0,0,0,0.0,1,/home/mr1jk1/Documents/eli/yay/src/gopath/pkg/mod/golang.org/x/net@v0.48.0/ipv4/sys_bsd.go
0.6618206759093676,0,0,0,0,0,0,0.0,1,/home/mr1jk1/Documents/eli/yay/src/gopath/pkg/mod/golang.org/x/net@v0.48.0/ipv4/sys_darwin.go
0.6486734884651515,0,0,0,0,0,0,0.0,1,/home/mr1jk1/Documents/eli/yay/src/gopath/pkg/mod/golang.org/x/net@v0.48.0/ipv4/sys_dragonfly.go
0.6681089939141021,0,0,0,0,0,0,0.0,1,/home/mr1jk1/Documents/eli/yay/src/gopath/pkg/mod/golang.org/x/net@v0.48.0/ipv4/sys_freebsd.go
0.661967220703697,0,0,0,0,0,0,0.0,1,/home/mr1jk1/Documents/eli/yay/src/gopath/pkg/mod/golang.org/x/net@v0.48.0/ipv4/sys_linux.go
0.6631908271685448,0,0,0,0,0,0,0.0,1,/home/mr1jk1/Documents/eli/yay/src/gopath/pkg/mod/golang.org/x/net@v0.48.0/ipv4/sys_solaris.go
0.6541414993100878,0,0,0,0,0,0,0.0,1,/home/mr1jk1/Documents/eli/yay/src/gopath/pkg/mod/golang.org/x/net@v0.48.0/ipv4/sys_ssmreq.go
0.6247277608442254,0,0,0,0,0,0,0.0,1,/home/mr1jk1/Documents/eli/yay/src/gopath/pkg/mod/golang.org/x/net@v0.48.0/ipv4/sys_ssmreq_stub.go
0.6282684840025342,0,0,0,0,0,0,0.0,1,/home/mr1jk1/Documents/eli/yay/src/gopath/pkg/mod/golang.org/x/net@v0.48.0/ipv4/sys_stub.go
0.6586356883830204,0,0,0,0,0,0,0.0,1,/home/mr1jk1/Documents/eli/yay/src/gopath/pkg/mod/golang.org/x/net@v0.48.0/ipv4/sys_windows.go
0.6690312535444483,0,0,0,0,0,0,0.0,1,/home/mr1jk1/Documents/eli/yay/src/gopath/pkg/mod/golang.org/x/net@v0.48.0/ipv4/sys_zos.go
0.6586323896620682,0,0,0,0,0,0,0.0,1,/home/mr1jk1/Documents/eli/yay/src/gopath/pkg/mod/golang.org/x/net@v0.48.0/ipv4/unicast_test.go
0.6463747460581164,0,0,0,0,0,0,0.0,1,/home/mr1jk1/Documents/eli/yay/src/gopath/pkg/mod/golang.org/x/net@v0.48.0/ipv4/unicastsockopt_test.go
0.63102911511388,0,0,0,0,0,0,0.0,1,/home/mr1jk1/Documents/eli/yay/src/gopath/pkg/mod/golang.org/x/net@v0.48.0/ipv4/zsys_aix_ppc64.go
0.6318574074801433,0,0,0,0,0,0,0.0,1,/home/mr1jk1/Documents/eli/yay/src/gopath/pkg/mod/golang.org/x/net@v0.48.0/ipv4/zsys_darwin.go
0.6280300517684181,0,0,0,0,0,0,0.0,1,/home/mr1jk1/Documents/eli/yay/src/gopath/pkg/mod/golang.org/x/net@v0.48.0/ipv4/zsys_dragonfly.go
0.6255071797206277,0,0,0,0,0,0,0.0,1,/home/mr1jk1/Documents/eli/yay/src/gopath/pkg/mod/golang.org/x/net@v0.48.0/ipv4/zsys_freebsd_386.go
0.627541232213821,0,0,0,0,0,0,0.0,1,/home/mr1jk1/Documents/eli/yay/src/gopath/pkg/mod/golang.org/x/net@v0.48.0/ipv4/zsys_freebsd_amd64.go
0.627541232213821,0,0,0,0,0,0,0.0,1,/home/mr1jk1/Documents/eli/yay/src/gopath/pkg/mod/golang.org/x/net@v0.48.0/ipv4/zsys_freebsd_arm.go
0.6254087049103032,0,0,0,0,0,0,0.0,1,/home/mr1jk1/Documents/eli/yay/src/gopath/pkg/mod/golang.org/x/net@v0.48.0/ipv4/zsys_freebsd_arm64.go
0.6254087049103032,0,0,0,0,0,0,0.0,1,/home/mr1jk1/Documents/eli/yay/src/gopath/pkg/mod/golang.org/x/net@v0.48.0/ipv4/zsys_freebsd_riscv64.go
0.6237275893868467,0,0,0,0,0,0,0.0,1,/home/mr1jk1/Documents/eli/yay/src/gopath/pkg/mod/golang.org/x/net@v0.48.0/ipv4/zsys_linux_386.go
0.6261975835342067,0,0,0,0,0,0,0.0,1,/home/mr1jk1/Documents/eli/yay/src/gopath/pkg/mod/golang.org/x/net@v0.48.0/ipv4/zsys_linux_amd64.go
0.6237275893868467,0,0,0,0,0,0,0.0,1,/home/mr1jk1/Documents/eli/yay/src/gopath/pkg/mod/golang.org/x/net@v0.48.0/ipv4/zsys_linux_arm.go
0.6261975835342067,0,0,0,0,0,0,0.0,1,/home/mr1jk1/Documents/eli/yay/src/gopath/pkg/mod/golang.org/x/net@v0.48.0/ipv4/zsys_linux_arm64.go
0.6277507788935794,0,0,0,0,0,0,0.0,1,/home/mr1jk1/Documents/eli/yay/src/gopath/pkg/mod/golang.org/x/net@v0.48.0/ipv4/zsys_linux_loong64.go
0.6237275893868467,0,0,0,0,0,0,0.0,1,/home/mr1jk1/Documents/eli/yay/src/gopath/pkg/mod/golang.org/x/net@v0.48.0/ipv4/zsys_linux_mips.go
0.6261975835342067,0,0,0,0,0,0,0.0,1,/home/mr1jk1/Documents/eli/yay/src/gopath/pkg/mod/golang.org/x/net@v0.48.0/ipv4/zsys_linux_mips64.go
0.6261975835342067,0,0,0,0,0,0,0.0,1,/home/mr1jk1/Documents/eli/yay/src/gopath/pkg/mod/golang.org/x/net@v0.48.0/ipv4/zsys_linux_mips64le.go
0.6237275893868467,0,0,0,0,0,0,0.0,1,/home/mr1jk1/Documents/eli/yay/src/gopath/pkg/mod/golang.org/x/net@v0.48.0/ipv4/zsys_linux_mipsle.go
0.6237166865069389,0,0,0,0,0,0,0.0,1,/home/mr1jk1/Documents/eli/yay/src/gopath/pkg/mod/golang.org/x/net@v0.48.0/ipv4/zsys_linux_ppc.go
0.6261975835342067,0,0,0,0,0,0,0.0,1,/home/mr1jk1/Documents/eli/yay/src/gopath/pkg/mod/golang.org/x/net@v0.48.0/ipv4/zsys_linux_ppc64.go
0.6261975835342067,0,0,0,0,0,0,0.0,1,/home/mr1jk1/Documents/eli/yay/src/gopath/pkg/mod/golang.org/x/net@v0.48.0/ipv4/zsys_linux_ppc64le.go
0.6280108962635542,0,0,0,0,0,0,0.0,1,/home/mr1jk1/Documents/eli/yay/src/gopath/pkg/mod/golang.org/x/net@v0.48.0/ipv4/zsys_linux_riscv64.go
0.6261975835342067,0,0,0,0,0,0,0.0,1,/home/mr1jk1/Documents/eli/yay/src/gopath/pkg/mod/golang.org/x/net@v0.48.0/ipv4/zsys_linux_s390x.go
0.6263818258387389,0,0,0,0,0,0,0.0,1,/home/mr1jk1/Documents/eli/yay/src/gopath/pkg/mod/golang.org/x/net@v0.48.0/ipv4/zsys_netbsd.go
0.6268085843726724,0,0,0,0,0,0,0.0,1,/home/mr1jk1/Documents/eli/yay/src/gopath/pkg/mod/golang.org/x/net@v0.48.0/ipv4/zsys_openbsd.go
0.6366419917200097,0,0,0,0,0,0,0.0,1,/home/mr1jk1/Documents/eli/yay/src/gopath/pkg/mod/golang.org/x/net@v0.48.0/ipv4/zsys_solaris.go
0.6279448554278428,0,0,0,0,0,0,0.0,1,/home/mr1jk1/Documents/eli/yay/src/gopath/pkg/mod/golang.org/x/net@v0.48.0/ipv4/zsys_zos_s390x.go
0.6229067121376463,0,0,0,0,0,0,0.0,1,/home/mr1jk1/Documents/eli/yay/src/gopath/pkg/mod/golang.org/x/net@v0.48.0/ipv6/batch.go
0.6564244080613085,0,0,0,0,0,0,0.0,1,/home/mr1jk1/Documents/eli/yay/src/gopath/pkg/mod/golang.org/x/net@v0.48.0/ipv6/bpf_test.go
0.6258657913902811,0,0,0,0,0,0,0.0,1,/home/mr1jk1/Documents/eli/yay/src/gopath/pkg/mod/golang.org/x/net@v0.48.0/ipv6/control.go
0.6757095783541321,0,0,0,0,0,0,0.0,1,/home/mr1jk1/Documents/eli/yay/src/gopath/pkg/mod/golang.org/x/net@v0.48.0/ipv6/control_rfc2292_unix.go
0.6720323313029071,0,0,0,0,0,0,0.0,1,/home/mr1jk1/Documents/eli/yay/src/gopath/pkg/mod/golang.org/x/net@v0.48.0/ipv6/control_rfc3542_unix.go
0.6168220707871114,0,0,0,0,0,0,0.0,1,/home/mr1jk1/Documents/eli/yay/src/gopath/pkg/mod/golang.org/x/net@v0.48.0/ipv6/control_stub.go
0.6496093568792725,0,0,0,0,0,0,0.0,1,/home/mr1jk1/Documents/eli/yay/src/gopath/pkg/mod/golang.org/x/net@v0.48.0/ipv6/control_test.go
0.6368893888960333,0,0,0,0,0,0,0.0,1,/home/mr1jk1/Documents/eli/yay/src/gopath/pkg/mod/golang.org/x/net@v0.48.0/ipv6/control_unix.go
0.6179737066463094,0,0,0,0,0,0,0.0,1,/home/mr1jk1/Documents/eli/yay/src/gopath/pkg/mod/golang.org/x/net@v0.48.0/ipv6/control_windows.go
0.6231406551402283,0,0,0,0,0,0,0.0,1,/home/mr1jk1/Documents/eli/yay/src/gopath/pkg/mod/golang.org/x/net@v0.48.0/ipv6/defs_aix.go
0.6266582266451911,0,0,0,0,0,0,0.0,1,/home/mr1jk1/Documents/eli/yay/src/gopath/pkg/mod/golang.org/x/net@v0.48.0/ipv6/defs_darwin.go
0.6295429127773943,0,0,0,0,0,0,0.0,1,/home/mr1jk1/Documents/eli/yay/src/gopath/pkg/mod/golang.org/x/net@v0.48.0/ipv6/defs_dragonfly.go
0.6231406551402283,0,0,0,0,0,0,0.0,1,/home/mr1jk1/Documents/eli/yay/src/gopath/pkg/mod/golang.org/x/net@v0.48.0/ipv6/defs_freebsd.go
0.6279315364783382,0,0,0,0,0,0,0.0,1,/home/mr1jk1/Documents/eli/yay/src/gopath/pkg/mod/golang.org/x/net@v0.48.0/ipv6/defs_linux.go
0.6295429127773943,0,0,0,0,0,0,0.0,1,/home/mr1jk1/Documents/eli/yay/src/gopath/pkg/mod/golang.org/x/net@v0.48.0/ipv6/defs_netbsd.go
0.6295429127773943,0,0,0,0,0,0,0.0,1,/home/mr1jk1/Documents/eli/yay/src/gopath/pkg/mod/golang.org/x/net@v0.48.0/ipv6/defs_openbsd.go
0.6216451525912424,0,0,0,0,0,0,0.0,1,/home/mr1jk1/Documents/eli/yay/src/gopath/pkg/mod/golang.org/x/net@v0.48.0/ipv6/defs_solaris.go
0.6190837987831348,0,0,0,0,0,0,0.0,1,/home/mr1jk1/Documents/eli/yay/src/gopath/pkg/mod/golang.org/x/net@v0.48.0/ipv6/dgramopt.go
0.6320768787293903,0,0,0,0,0,0,0.0,1,/home/mr1jk1/Documents/eli/yay/src/gopath/pkg/mod/golang.org/x/net@v0.48.0/ipv6/doc.go
0.620139268725212,0,0,0,0,0,0,0.0,1,/home/mr1jk1/Documents/eli/yay/src/gopath/pkg/mod/golang.org/x/net@v0.48.0/ipv6/endpoint.go
0.6190126419597041,0,0,0,0,0,0,0.0,1,/home/mr1jk1/Documents/eli/yay/src/gopath/pkg/mod/golang.org/x/net@v0.48.0/ipv6/errors_other_test.go
0.6265637309318234,0,0,0,0,0,0,0.0,1,/home/mr1jk1/Documents/eli/yay/src/gopath/pkg/mod/golang.org/x/net@v0.48.0/ipv6/errors_unix_test.go
0.6641612742750971,0,0,0,0,0,0,0.0,1,/home/mr1jk1/Documents/eli/yay/src/gopath/pkg/mod/golang.org/x/net@v0.48.0/ipv6/example_test.go
0.5960689974434206,0,0,0,0,0,0,0.0,1,/home/mr1jk1/Documents/eli/yay/src/gopath/pkg/mod/golang.org/x/net@v0.48.0/ipv6/export_test.go
0.6454529655188739,0,0,0,0,0,0,0.0,1,/home/mr1jk1/Documents/eli/yay/src/gopath/pkg/mod/golang.org/x/net@v0.48.0/ipv6/gen.go
0.6174393089864889,0,0,0,0,0,0,0.0,1,/home/mr1jk1/Documents/eli/yay/src/gopath/pkg/mod/golang.org/x/net@v0.48.0/ipv6/genericopt.go
0.6430028747655954,0,0,0,0,0,0,0.0,1,/home/mr1jk1/Documents/eli/yay/src/gopath/pkg/mod/golang.org/x/net@v0.48.0/ipv6/header.go
0.6409266136512191,0,0,0,0,0,0,0.0,1,/home/mr1jk1/Documents/eli/yay/src/gopath/pkg/mod/golang.org/x/net@v0.48.0/ipv6/header_test.go
0.6274048090715121,0,0,0,0,0,0,0.0,1,/home/mr1jk1/Documents/eli/yay/src/gopath/pkg/mod/golang.org/x/net@v0.48.0/ipv6/helper.go
0.636665668291253,0,0,0,0,0,0,0.0,1,/home/mr1jk1/Documents/eli/yay/src/gopath/pkg/mod/golang.org/x/net@v0.48.0/ipv6/helper_posix_test.go
0.6358369236384979,0,0,0,0,0,0,0.0,1,/home/mr1jk1/Documents/eli/yay/src/gopath/pkg/mod/golang.org/x/net@v0.48.0/ipv6/helper_stub_test.go
0.6410115156729139,0,0,0,0,0,0,0.0,1,/home/mr1jk1/Documents/eli/yay/src/gopath/pkg/mod/golang.org/x/net@v0.48.0/ipv6/helper_unix_test.go
0.6214794547433218,0,0,0,0,0,0,0.0,1,/home/mr1jk1/Documents/eli/yay/src/gopath/pkg/mod/golang.org/x/net@v0.48.0/ipv6/helper_windows_test.go
0.6037234316981833,0,0,0,0,0,0,0.0,1,/home/mr1jk1/Documents/eli/yay/src/gopath/pkg/mod/golang.org/x/net@v0.48.0/ipv6/iana.go
0.6203163736980435,0,0,0,0,0,0,0.0,1,/home/mr1jk1/Documents/eli/yay/src/gopath/pkg/mod/golang.org/x/net@v0.48.0/ipv6/icmp.go
0.6611550386311549,0,0,0,0,0,0,0.0,1,/home/mr1jk1/Documents/eli/yay/src/gopath/pkg/mod/golang.org/x/net@v0.48.0/ipv6/icmp_bsd.go
0.6629126576425314,0,0,0,0,0,0,0.0,1,/home/mr1jk1/Documents/eli/yay/src/gopath/pkg/mod/golang.org/x/net@v0.48.0/ipv6/icmp_linux.go
0.6648623417834428,0,0,0,0,0,0,0.0,1,/home/mr1jk1/Documents/eli/yay/src/gopath/pkg/mod/golang.org/x/net@v0.48.0/ipv6/icmp_solaris.go
0.6360976894810354,0,0,0,0,0,0,0.0,1,/home/mr1jk1/Documents/eli/yay/src/gopath/pkg/mod/golang.org/x/net@v0.48.0/ipv6/icmp_stub.go
0.6597156036908968,0,0,0,0,0,0,0.0,1,/home/mr1jk1/Documents/eli/yay/src/gopath/pkg/mod/golang.org/x/net@v0.48.0/ipv6/icmp_test.go
0.6347448675370871,0,0,0,0,0,0,0.0,1,/home/mr1jk1/Documents/eli/yay/src/gopath/pkg/mod/golang.org/x/net@v0.48.0/ipv6/icmp_windows.go
0.658499066827102,0,0,0,0,0,0,0.0,1,/home/mr1jk1/Documents/eli/yay/src/gopath/pkg/mod/golang.org/x/net@v0.48.0/ipv6/icmp_zos.go
0.6143298309961246,0,0,0,0,0,0,0.0,1,/home/mr1jk1/Documents/eli/yay/src/gopath/pkg/mod/golang.org/x/net@v0.48.0/ipv6/mocktransponder_test.go
0.6600494413575169,0,0,0,0,0,0,0.0,1,/home/mr1jk1/Documents/eli/yay/src/gopath/pkg/mod/golang.org/x/net@v0.48.0/ipv6/multicast_test.go
0.6458841237128589,0,0,0,0,0,0,0.0,1,/home/mr1jk1/Documents/eli/yay/src/gopath/pkg/mod/golang.org/x/net@v0.48.0/ipv6/multicastlistener_test.go
0.6590814526387582,0,0,0,0,0,0,0.0,1,/home/mr1jk1/Documents/eli/yay/src/gopath/pkg/mod/golang.org/x/net@v0.48.0/ipv6/multicastsockopt_test.go
0.6237337422392701,0,0,0,0,0,0,0.0,1,/home/mr1jk1/Documents/eli/yay/src/gopath/pkg/mod/golang.org/x/net@v0.48.0/ipv6/payload.go
0.6409736776124038,0,0,0,0,0,0,0.0,1,/home/mr1jk1/Documents/eli/yay/src/gopath/pkg/mod/golang.org/x/net@v0.48.0/ipv6/payload_cmsg.go
0.6098634830809666,0,0,0,0,0,0,0.0,1,/home/mr1jk1/Documents/eli/yay/src/gopath/pkg/mod/golang.org/x/net@v0.48.0/ipv6/payload_nocmsg.go
0.6601849081035241,0,0,0,0,0,0,0.0,1,/home/mr1jk1/Documents/eli/yay/src/gopath/pkg/mod/golang.org/x/net@v0.48.0/ipv6/readwrite_test.go
0.5830137000060991,0,0,0,0,0,0,0.0,1,/home/mr1jk1/Documents/eli/yay/src/gopath/pkg/mod/golang.org/x/net@v0.48.0/ipv6/sockopt.go
0.6377994482099325,0,0,0,0,0,0,0.0,1,/home/mr1jk1/Documents/eli/yay/src/gopath/pkg/mod/golang.org/x/net@v0.48.0/ipv6/sockopt_posix.go
0.6212637910967356,0,0,0,0,0,0,0.0,1,/home/mr1jk1/Documents/eli/yay/src/gopath/pkg/mod/golang.org/x/net@v0.48.0/ipv6/sockopt_stub.go
0.6480008960816075,0,0,0,0,0,0,0.0,1,/home/mr1jk1/Documents/eli/yay/src/gopath/pkg/mod/golang.org/x/net@v0.48.0/ipv6/sockopt_test.go
0.6706696487414898,0,0,0,0,0,0,0.0,1,/home/mr1jk1/Documents/eli/yay/src/gopath/pkg/mod/golang.org/x/net@v0.48.0/ipv6/sys_aix.go
0.6476987910426405,0,0,0,0,0,0,0.0,1,/home/mr1jk1/Documents/eli/yay/src/gopath/pkg/mod/golang.org/x/net@v0.48.0/ipv6/sys_asmreq.go
0.6261382069089446,0,0,0,0,0,0,0.0,1,/home/mr1jk1/Documents/eli/yay/src/gopath/pkg/mod/golang.org/x/net@v0.48.0/ipv6/sys_asmreq_stub.go
0.6488444095351735,0,0,0,0,0,0,0.0,1,/home/mr1jk1/Documents/eli/yay/src/gopath/pkg/mod/golang.org/x/net@v0.48.0/ipv6/sys_bpf.go
0.6291304579782256,0,0,0,0,0,0,0.0,1,/home/mr1jk1/Documents/eli/yay/src/gopath/pkg/mod/golang.org/x/net@v0.48.0/ipv6/sys_bpf_stub.go
0.6648385357798187,0,0,0,0,0,0,0.0,1,/home/mr1jk1/Documents/eli/yay/src/gopath/pkg/mod/golang.org/x/net@v0.48.0/ipv6/sys_bsd.go
0.6715754212281904,0,0,0,0,0,0,0.0,1,/home/mr1jk1/Documents/eli/yay/src/gopath/pkg/mod/golang.org/x/net@v0.48.0/ipv6/sys_darwin.go
0.6738761731579695,0,0,0,0,0,0,0.0,1,/home/mr1jk1/Documents/eli/yay/src/gopath/pkg/mod/golang.org/x/net@v0.48.0/ipv6/sys_freebsd.go
0.6718763832481823,0,0,0,0,0,0,0.0,1,/home/mr1jk1/Documents/eli/yay/src/gopath/pkg/mod/golang.org/x/net@v0.48.0/ipv6/sys_linux.go
0.6715995254876894,0,0,0,0,0,0,0.0,1,/home/mr1jk1/Documents/eli/yay/src/gopath/pkg/mod/golang.org/x/net@v0.48.0/ipv6/sys_solaris.go
0.6573210919845067,0,0,0,0,0,0,0.0,1,/home/mr1jk1/Documents/eli/yay/src/gopath/pkg/mod/golang.org/x/net@v0.48.0/ipv6/sys_ssmreq.go
0.6269749706267084,0,0,0,0,0,0,0.0,1,/home/mr1jk1/Documents/eli/yay/src/gopath/pkg/mod/golang.org/x/net@v0.48.0/ipv6/sys_ssmreq_stub.go
0.6289610047781574,0,0,0,0,0,0,0.0,1,/home/mr1jk1/Documents/eli/yay/src/gopath/pkg/mod/golang.org/x/net@v0.48.0/ipv6/sys_stub.go
0.6703253108286557,0,0,0,0,0,0,0.0,1,/home/mr1jk1/Documents/eli/yay/src/gopath/pkg/mod/golang.org/x/net@v0.48.0/ipv6/sys_windows.go
0.6718639442645231,0,0,0,0,0,0,0.0,1,/home/mr1jk1/Documents/eli/yay/src/gopath/pkg/mod/golang.org/x/net@v0.48.0/ipv6/sys_zos.go
0.6589480571107412,0,0,0,0,0,0,0.0,1,/home/mr1jk1/Documents/eli/yay/src/gopath/pkg/mod/golang.org/x/net@v0.48.0/ipv6/unicast_test.go
0.6434118325431497,0,0,0,0,0,0,0.0,1,/home/mr1jk1/Documents/eli/yay/src/gopath/pkg/mod/golang.org/x/net@v0.48.0/ipv6/unicastsockopt_test.go
0.6384962075437355,0,0,0,0,0,0,0.0,1,/home/mr1jk1/Documents/eli/yay/src/gopath/pkg/mod/golang.org/x/net@v0.48.0/ipv6/zsys_aix_ppc64.go
0.6400980851269118,0,0,0,0,0,0,0.0,1,/home/mr1jk1/Documents/eli/yay/src/gopath/pkg/mod/golang.org/x/net@v0.48.0/ipv6/zsys_darwin.go
0.6374123413972789,0,0,0,0,0,0,0.0,1,/home/mr1jk1/Documents/eli/yay/src/gopath/pkg/mod/golang.org/x/net@v0.48.0/ipv6/zsys_dragonfly.go
0.6324447221122227,0,0,0,0,0,0,0.0,1,/home/mr1jk1/Documents/eli/yay/src/gopath/pkg/mod/golang.org/x/net@v0.48.0/ipv6/zsys_freebsd_386.go
0.634829476004238,0,0,0,0,0,0,0.0,1,/home/mr1jk1/Documents/eli/yay/src/gopath/pkg/mod/golang.org/x/net@v0.48.0/ipv6/zsys_freebsd_amd64.go
0.634829476004238,0,0,0,0,0,0,0.0,1,/home/mr1jk1/Documents/eli/yay/src/gopath/pkg/mod/golang.org/x/net@v0.48.0/ipv6/zsys_freebsd_arm.go
0.6321026305196803,0,0,0,0,0,0,0.0,1,/home/mr1jk1/Documents/eli/yay/src/gopath/pkg/mod/golang.org/x/net@v0.48.0/ipv6/zsys_freebsd_arm64.go
0.6321026305196803,0,0,0,0,0,0,0.0,1,/home/mr1jk1/Documents/eli/yay/src/gopath/pkg/mod/golang.org/x/net@v0.48.0/ipv6/zsys_freebsd_riscv64.go
0.628531420927275,0,0,0,0,0,0,0.0,1,/home/mr1jk1/Documents/eli/yay/src/gopath/pkg/mod/golang.org/x/net@v0.48.0/ipv6/zsys_linux_386.go
0.6311710882690518,0,0,0,0,0,0,0.0,1,/home/mr1jk1/Documents/eli/yay/src/gopath/pkg/mod/golang.org/x/net@v0.48.0/ipv6/zsys_linux_amd64.go
0.628531420927275,0,0,0,0,0,0,0.0,1,/home/mr1jk1/Documents/eli/yay/src/gopath/pkg/mod/golang.org/x/net@v0.48.0/ipv6/zsys_linux_arm.go
0.6311710882690518,0,0,0,0,0,0,0.0,1,/home/mr1jk1/Documents/eli/yay/src/gopath/pkg/mod/golang.org/x/net@v0.48.0/ipv6/zsys_linux_arm64.go
0.6323743582476516,0,0,0,0,0,0,0.0,1,/home/mr1jk1/Documents/eli/yay/src/gopath/pkg/mod/golang.org/x/net@v0.48.0/ipv6/zsys_linux_loong64.go
0.628531420927275,0,0,0,0,0,0,0.0,1,/home/mr1jk1/Documents/eli/yay/src/gopath/pkg/mod/golang.org/x/net@v0.48.0/ipv6/zsys_linux_mips.go
0.6311710882690518,0,0,0,0,0,0,0.0,1,/home/mr1jk1/Documents/eli/yay/src/gopath/pkg/mod/golang.org/x/net@v0.48.0/ipv6/zsys_linux_mips64.go
0.6311710882690518,0,0,0,0,0,0,0.0,1,/home/mr1jk1/Documents/eli/yay/src/gopath/pkg/mod/golang.org/x/net@v0.48.0/ipv6/zsys_linux_mips64le.go
0.628531420927275,0,0,0,0,0,0,0.0,1,/home/mr1jk1/Documents/eli/yay/src/gopath/pkg/mod/golang.org/x/net@v0.48.0/ipv6/zsys_linux_mipsle.go
0.6285290329548849,0,0,0,0,0,0,0.0,1,/home/mr1jk1/Documents/eli/yay/src/gopath/pkg/mod/golang.org/x/net@v0.48.0/ipv6/zsys_linux_ppc.go
0.6311710882690518,0,0,0,0,0,0,0.0,1,/home/mr1jk1/Documents/eli/yay/src/gopath/pkg/mod/golang.org/x/net@v0.48.0/ipv6/zsys_linux_ppc64.go
0.6311710882690518,0,0,0,0,0,0,0.0,1,/home/mr1jk1/Documents/eli/yay/src/gopath/pkg/mod/golang.org/x/net@v0.48.0/ipv6/zsys_linux_ppc64le.go
0.6324750733512141,0,0,0,0,0,0,0.0,1,/home/mr1jk1/Documents/eli/yay/src/gopath/pkg/mod/golang.org/x/net@v0.48.0/ipv6/zsys_linux_riscv64.go
0.6311710882690518,0,0,0,0,0,0,0.0,1,/home/mr1jk1/Documents/eli/yay/src/gopath/pkg/mod/golang.org/x/net@v0.48.0/ipv6/zsys_linux_s390x.go
0.6366476716843428,0,0,0,0,0,0,0.0,1,/home/mr1jk1/Documents/eli/yay/src/gopath/pkg/mod/golang.org/x/net@v0.48.0/ipv6/zsys_netbsd.go
0.6369702835833118,0,0,0,0,0,0,0.0,1,/home/mr1jk1/Documents/eli/yay/src/gopath/pkg/mod/golang.org/x/net@v0.48.0/ipv6/zsys_openbsd.go
0.6370496024984562,0,0,0,0,0,0,0.0,1,/home/mr1jk1/Documents/eli/yay/src/gopath/pkg/mod/golang.org/x/net@v0.48.0/ipv6/zsys_solaris.go
0.628160827960893,0,0,0,0,0,0,0.0,1,/home/mr1jk1/Documents/eli/yay/src/gopath/pkg/mod/golang.org/x/net@v0.48.0/ipv6/zsys_zos_s390x.go
0.6327887173050554,0,0,0,0,0,0,0.0,1,/home/mr1jk1/Documents/eli/yay/src/gopath/pkg/mod/golang.org/x/net@v0.48.0/lif/address.go
0.6597823882708733,0,0,0,0,0,0,0.0,1,/home/mr1jk1/Documents/eli/yay/src/gopath/pkg/mod/golang.org/x/net@v0.48.0/lif/address_test.go
0.642257924170734,0,0,0,0,0,0,0.0,1,/home/mr1jk1/Documents/eli/yay/src/gopath/pkg/mod/golang.org/x/net@v0.48.0/lif/binary.go
0.653344823794891,0,0,0,0,0,0,0.0,1,/home/mr1jk1/Documents/eli/yay/src/gopath/pkg/mod/golang.org/x/net@v0.48.0/lif/defs_solaris.go
0.6250937302708106,0,0,0,0,0,0,0.0,1,/home/mr1jk1/Documents/eli/yay/src/gopath/pkg/mod/golang.org/x/net@v0.48.0/lif/lif.go
0.6530029317592628,0,0,0,0,0,0,0.0,1,/home/mr1jk1/Documents/eli/yay/src/gopath/pkg/mod/golang.org/x/net@v0.48.0/lif/link.go
0.6370169535600075,0,0,0,0,0,0,0.0,1,/home/mr1jk1/Documents/eli/yay/src/gopath/pkg/mod/golang.org/x/net@v0.48.0/lif/link_test.go
0.6264661430445726,0,0,0,0,0,0,0.0,1,/home/mr1jk1/Documents/eli/yay/src/gopath/pkg/mod/golang.org/x/net@v0.48.0/lif/sys.go
0.6490970228181094,0,0,0,0,0,0,0.0,1,/home/mr1jk1/Documents/eli/yay/src/gopath/pkg/mod/golang.org/x/net@v0.48.0/lif/sys_solaris_amd64.s
0.6174315354160932,0,0,0,0,0,0,0.0,1,/home/mr1jk1/Documents/eli/yay/src/gopath/pkg/mod/golang.org/x/net@v0.48.0/lif/syscall.go
0.6407170221846662,0,0,0,0,0,0,0.0,1,/home/mr1jk1/Documents/eli/yay/src/gopath/pkg/mod/golang.org/x/net@v0.48.0/lif/zsys_solaris_amd64.go
0.6392681897238941,0,0,0,0,0,0,0.0,1,/home/mr1jk1/Documents/eli/yay/src/gopath/pkg/mod/golang.org/x/net@v0.48.0/nettest/conntest.go
0.6117869655774381,0,0,0,0,0,0,0.0,1,/home/mr1jk1/Documents/eli/yay/src/gopath/pkg/mod/golang.org/x/net@v0.48.0/nettest/conntest_test.go
0.6424327665296642,0,0,0,0,0,0,0.0,1,/home/mr1jk1/Documents/eli/yay/src/gopath/pkg/mod/golang.org/x/net@v0.48.0/nettest/nettest.go
0.6056339763538311,0,0,0,0,0,0,0.0,1,/home/mr1jk1/Documents/eli/yay/src/gopath/pkg/mod/golang.org/x/net@v0.48.0/nettest/nettest_stub.go
0.6380148808775794,0,0,0,0,0,0,0.0,1,/home/mr1jk1/Documents/eli/yay/src/gopath/pkg/mod/golang.org/x/net@v0.48.0/nettest/nettest_unix.go
0.6205992325840123,0,0,0,0,0,0,0.0,1,/home/mr1jk1/Documents/eli/yay/src/gopath/pkg/mod/golang.org/x/net@v0.48.0/nettest/nettest_windows.go
0.5899607967036957,0,0,0,0,0,0,0.0,1,/home/mr1jk1/Documents/eli/yay/src/gopath/pkg/mod/golang.org/x/net@v0.48.0/netutil/listen.go
0.6201525854221472,0,0,0,0,0,0,0.0,1,/home/mr1jk1/Documents/eli/yay/src/gopath/pkg/mod/golang.org/x/net@v0.48.0/netutil/listen_test.go
0.5979399873149741,0,0,0,0,0,0,0.0,1,/home/mr1jk1/Documents/eli/yay/src/gopath/pkg/mod/golang.org/x/net@v0.48.0/proxy/dial.go
0.6358265408918599,0,0,0,0,0,0,0.0,1,/home/mr1jk1/Documents/eli/yay/src/gopath/pkg/mod/golang.org/x/net@v0.48.0/proxy/dial_test.go
0.5908045155608735,0,0,0,0,0,0,0.0,1,/home/mr1jk1/Documents/eli/yay/src/gopath/pkg/mod/golang.org/x/net@v0.48.0/proxy/direct.go
0.6228942120807793,0,0,0,0,0,0,0.0,1,/home/mr1jk1/Documents/eli/yay/src/gopath/pkg/mod/golang.org/x/net@v0.48.0/proxy/per_host.go
0.6555629322565695,0,0,0,0,0,0,0.0,1,/home/mr1jk1/Documents/eli/yay/src/gopath/pkg/mod/golang.org/x/net@v0.48.0/proxy/per_host_test.go
0.6304578448684115,0,0,0,0,0,0,0.0,1,/home/mr1jk1/Documents/eli/yay/src/gopath/pkg/mod/golang.org/x/net@v0.48.0/proxy/proxy.go
0.6584530892064622,0,0,0,0,0,0,0.0,1,/home/mr1jk1/Documents/eli/yay/src/gopath/pkg/mod/golang.org/x/net@v0.48.0/proxy/proxy_test.go
0.6306325290069096,0,0,0,0,0,0,0.0,1,/home/mr1jk1/Documents/eli/yay/src/gopath/pkg/mod/golang.org/x/net@v0.48.0/proxy/socks5.go
0.5954338341944224,0,0,0,0,0,0,0.0,1,/home/mr1jk1/Documents/eli/yay/src/gopath/pkg/mod/golang.org/x/net@v0.48.0/publicsuffix/example_test.go
0.640854335565281,0,0,0,0,0,0,0.0,1,/home/mr1jk1/Documents/eli/yay/src/gopath/pkg/mod/golang.org/x/net@v0.48.0/publicsuffix/gen.go
0.6385808302768304,0,0,0,0,0,0,0.0,1,/home/mr1jk1/Documents/eli/yay/src/gopath/pkg/mod/golang.org/x/net@v0.48.0/publicsuffix/list.go
0.6591635184677914,0,0,0,0,0,0,0.0,1,/home/mr1jk1/Documents/eli/yay/src/gopath/pkg/mod/golang.org/x/net@v0.48.0/publicsuffix/list_test.go
0.6237227731890161,0,0,0,0,0,0,0.0,1,/home/mr1jk1/Documents/eli/yay/src/gopath/pkg/mod/golang.org/x/net@v0.48.0/publicsuffix/table.go
0.5765107345550533,0,0,0,0,0,0,0.0,1,/home/mr1jk1/Documents/eli/yay/src/gopath/pkg/mod/golang.org/x/net@v0.48.0/publicsuffix/table_test.go
0.6275217076949445,0,0,0,0,0,0,0.0,1,/home/mr1jk1/Documents/eli/yay/src/gopath/pkg/mod/golang.org/x/net@v0.48.0/quic/ack_delay.go
0.5960274364040138,0,0,0,0,0,0,0.0,1,/home/mr1jk1/Documents/eli/yay/src/gopath/pkg/mod/golang.org/x/net@v0.48.0/quic/ack_delay_test.go
0.6195815944304626,0,0,0,0,0,0,0.0,1,/home/mr1jk1/Documents/eli/yay/src/gopath/pkg/mod/golang.org/x/net@v0.48.0/quic/acks.go
0.6293859209553494,0,0,0,0,0,0,0.0,1,/home/mr1jk1/Documents/eli/yay/src/gopath/pkg/mod/golang.org/x/net@v0.48.0/quic/acks_test.go
0.6254760223813068,0,0,0,0,0,0,0.0,1,/home/mr1jk1/Documents/eli/yay/src/gopath/pkg/mod/golang.org/x/net@v0.48.0/quic/atomic_bits.go
0.6516064933410939,0,0,0,0,0,0,0.0,1,/home/mr1jk1/Documents/eli/yay/src/gopath/pkg/mod/golang.org/x/net@v0.48.0/quic/bench_test.go
0.6099659399208427,0,0,0,0,0,0,0.0,1,/home/mr1jk1/Documents/eli/yay/src/gopath/pkg/mod/golang.org/x/net@v0.48.0/quic/config.go
0.625115015652109,0,0,0,0,0,0,0.0,1,/home/mr1jk1/Documents/eli/yay/src/gopath/pkg/mod/golang.org/x/net@v0.48.0/quic/config_test.go
0.6193424008956346,0,0,0,0,0,0,0.0,1,/home/mr1jk1/Documents/eli/yay/src/gopath/pkg/mod/golang.org/x/net@v0.48.0/quic/congestion_reno.go
0.6385426247387821,0,0,0,0,0,0,0.0,1,/home/mr1jk1/Documents/eli/yay/src/gopath/pkg/mod/golang.org/x/net@v0.48.0/quic/congestion_reno_test.go
0.623060417994063,0,0,0,0,0,0,0.0,1,/home/mr1jk1/Documents/eli/yay/src/gopath/pkg/mod/golang.org/x/net@v0.48.0/quic/conn.go
0.6035144925266438,0,0,0,0,0,0,0.0,1,/home/mr1jk1/Documents/eli/yay/src/gopath/pkg/mod/golang.org/x/net@v0.48.0/quic/conn_async_test.go
0.6115365684554972,0,0,0,0,0,0,0.0,1,/home/mr1jk1/Documents/eli/yay/src/gopath/pkg/mod/golang.org/x/net@v0.48.0/quic/conn_close.go
0.6399435725938877,0,0,0,0,0,0,0.0,1,/home/mr1jk1/Documents/eli/yay/src/gopath/pkg/mod/golang.org/x/net@v0.48.0/quic/conn_close_test.go
0.6136964553835925,0,0,0,0,0,0,0.0,1,/home/mr1jk1/Documents/eli/yay/src/gopath/pkg/mod/golang.org/x/net@v0.48.0/quic/conn_flow.go
0.6533986875010999,0,0,0,0,0,0,0.0,1,/home/mr1jk1/Documents/eli/yay/src/gopath/pkg/mod/golang.org/x/net@v0.48.0/quic/conn_flow_test.go
0.6253749401717623,0,0,0,0,0,0,0.0,1,/home/mr1jk1/Documents/eli/yay/src/gopath/pkg/mod/golang.org/x/net@v0.48.0/quic/conn_id.go
0.6462788319646993,0,0,0,0,0,0,0.0,1,/home/mr1jk1/Documents/eli/yay/src/gopath/pkg/mod/golang.org/x/net@v0.48.0/quic/conn_id_test.go
0.6236391353449897,0,0,0,0,0,0,0.0,1,/home/mr1jk1/Documents/eli/yay/src/gopath/pkg/mod/golang.org/x/net@v0.48.0/quic/conn_loss.go
0.6560071918340694,0,0,0,0,0,0,0.0,1,/home/mr1jk1/Documents/eli/yay/src/gopath/pkg/mod/golang.org/x/net@v0.48.0/quic/conn_loss_test.go
0.6414131879529639,0,0,0,0,0,0,0.0,1,/home/mr1jk1/Documents/eli/yay/src/gopath/pkg/mod/golang.org/x/net@v0.48.0/quic/conn_recv.go
0.6497308300625664,0,0,0,0,0,0,0.0,1,/home/mr1jk1/Documents/eli/yay/src/gopath/pkg/mod/golang.org/x/net@v0.48.0/quic/conn_recv_test.go
0.6288566615274533,0,0,0,0,0,0,0.0,1,/home/mr1jk1/Documents/eli/yay/src/gopath/pkg/mod/golang.org/x/net@v0.48.0/quic/conn_send.go
0.6382140676569918,0,0,0,0,0,0,0.0,1,/home/mr1jk1/Documents/eli/yay/src/gopath/pkg/mod/golang.org/x/net@v0.48.0/quic/conn_send_test.go
0.6134049861910443,0,0,0,0,0,0,0.0,1,/home/mr1jk1/Documents/eli/yay/src/gopath/pkg/mod/golang.org/x/net@v0.48.0/quic/conn_streams.go
0.6334584491628313,0,0,0,0,0,0,0.0,1,/home/mr1jk1/Documents/eli/yay/src/gopath/pkg/mod/golang.org/x/net@v0.48.0/quic/conn_streams_test.go
0.6378222939017831,0,0,0,0,0,0,0.0,1,/home/mr1jk1/Documents/eli/yay/src/gopath/pkg/mod/golang.org/x/net@v0.48.0/quic/conn_test.go
0.6073424284867387,0,0,0,0,0,0,0.0,1,/home/mr1jk1/Documents/eli/yay/src/gopath/pkg/mod/golang.org/x/net@v0.48.0/quic/crypto_stream.go
0.6180696326154443,0,0,0,0,0,0,0.0,1,/home/mr1jk1/Documents/eli/yay/src/gopath/pkg/mod/golang.org/x/net@v0.48.0/quic/crypto_stream_test.go
0.6491801531218462,0,0,0,0,0,0,0.0,1,/home/mr1jk1/Documents/eli/yay/src/gopath/pkg/mod/golang.org/x/net@v0.48.0/quic/dgram.go
0.5793095938162297,0,0,0,0,0,0,0.0,1,/home/mr1jk1/Documents/eli/yay/src/gopath/pkg/mod/golang.org/x/net@v0.48.0/quic/doc.go
0.6263755266080402,0,0,0,0,0,0,0.0,1,/home/mr1jk1/Documents/eli/yay/src/gopath/pkg/mod/golang.org/x/net@v0.48.0/quic/endpoint.go
0.6383976087943503,0,0,0,0,0,0,0.0,1,/home/mr1jk1/Documents/eli/yay/src/gopath/pkg/mod/golang.org/x/net@v0.48.0/quic/endpoint_test.go
0.6307339707684636,0,0,0,0,0,0,0.0,1,/home/mr1jk1/Documents/eli/yay/src/gopath/pkg/mod/golang.org/x/net@v0.48.0/quic/errors.go
0.6541996326775298,0,0,0,0,0,0,0.0,1,/home/mr1jk1/Documents/eli/yay/src/gopath/pkg/mod/golang.org/x/net@v0.48.0/quic/frame_debug.go
0.5932362294944197,0,0,0,0,0,0,0.0,1,/home/mr1jk1/Documents/eli/yay/src/gopath/pkg/mod/golang.org/x/net@v0.48.0/quic/gate.go
0.6255091863144558,0,0,0,0,0,0,0.0,1,/home/mr1jk1/Documents/eli/yay/src/gopath/pkg/mod/golang.org/x/net@v0.48.0/quic/gate_test.go
0.6472604387195803,0,0,0,0,0,0,0.0,1,/home/mr1jk1/Documents/eli/yay/src/gopath/pkg/mod/golang.org/x/net@v0.48.0/quic/gotraceback_test.go
0.6112736573213396,0,0,0,0,0,0,0.0,1,/home/mr1jk1/Documents/eli/yay/src/gopath/pkg/mod/golang.org/x/net@v0.48.0/quic/idle.go
0.6369076913756897,0,0,0,0,0,0,0.0,1,/home/mr1jk1/Documents/eli/yay/src/gopath/pkg/mod/golang.org/x/net@v0.48.0/quic/idle_test.go
0.6319595494665665,0,0,0,0,0,0,0.0,1,/home/mr1jk1/Documents/eli/yay/src/gopath/pkg/mod/golang.org/x/net@v0.48.0/quic/key_update_test.go
0.6571967966552319,0,0,0,0,0,0,0.0,1,/home/mr1jk1/Documents/eli/yay/src/gopath/pkg/mod/golang.org/x/net@v0.48.0/quic/log.go
0.6308351084697607,0,0,0,0,0,0,0.0,1,/home/mr1jk1/Documents/eli/yay/src/gopath/pkg/mod/golang.org/x/net@v0.48.0/quic/loss.go
0.6489414824571581,0,0,0,0,0,0,0.0,1,/home/mr1jk1/Documents/eli/yay/src/gopath/pkg/mod/golang.org/x/net@v0.48.0/quic/loss_test.go
0.6246887094599173,0,0,0,0,0,0,0.0,1,/home/mr1jk1/Documents/eli/yay/src/gopath/pkg/mod/golang.org/x/net@v0.48.0/quic/main_test.go
0.6152016895107637,0,0,0,0,0,0,0.0,1,/home/mr1jk1/Documents/eli/yay/src/gopath/pkg/mod/golang.org/x/net@v0.48.0/quic/math.go
0.6109027996182468,0,0,0,0,0,0,0.0,1,/home/mr1jk1/Documents/eli/yay/src/gopath/pkg/mod/golang.org/x/net@v0.48.0/quic/pacer.go
0.6328188144856538,0,0,0,0,0,0,0.0,1,/home/mr1jk1/Documents/eli/yay/src/gopath/pkg/mod/golang.org/x/net@v0.48.0/quic/pacer_test.go
0.6421493953109219,0,0,0,0,0,0,0.0,1,/home/mr1jk1/Documents/eli/yay/src/gopath/pkg/mod/golang.org/x/net@v0.48.0/quic/packet.go
0.6742003666922431,0,0,0,0,0,0,0.0,1,/home/mr1jk1/Documents/eli/yay/src/gopath/pkg/mod/golang.org/x/net@v0.48.0/quic/packet_codec_test.go
0.6351852090334171,0,0,0,0,0,0,0.0,1,/home/mr1jk1/Documents/eli/yay/src/gopath/pkg/mod/golang.org/x/net@v0.48.0/quic/packet_number.go
0.6356180899831952,0,0,0,0,0,0,0.0,1,/home/mr1jk1/Documents/eli/yay/src/gopath/pkg/mod/golang.org/x/net@v0.48.0/quic/packet_number_test.go
0.6374526687006958,0,0,0,0,0,0,0.0,1,/home/mr1jk1/Documents/eli/yay/src/gopath/pkg/mod/golang.org/x/net@v0.48.0/quic/packet_parser.go
0.6492921295617983,0,0,0,0,0,0,0.0,1,/home/mr1jk1/Documents/eli/yay/src/gopath/pkg/mod/golang.org/x/net@v0.48.0/quic/packet_protection.go
0.6432813131771444,0,0,0,0,0,0,0.0,1,/home/mr1jk1/Documents/eli/yay/src/gopath/pkg/mod/golang.org/x/net@v0.48.0/quic/packet_protection_test.go
0.6636902165116519,0,0,0,0,0,0,0.0,1,/home/mr1jk1/Documents/eli/yay/src/gopath/pkg/mod/golang.org/x/net@v0.48.0/quic/packet_test.go
0.6448994888620436,0,0,0,0,0,0,0.0,1,/home/mr1jk1/Documents/eli/yay/src/gopath/pkg/mod/golang.org/x/net@v0.48.0/quic/packet_writer.go
0.6341545949314341,0,0,0,0,0,0,0.0,1,/home/mr1jk1/Documents/eli/yay/src/gopath/pkg/mod/golang.org/x/net@v0.48.0/quic/path.go
0.6569436211823483,0,0,0,0,0,0,0.0,1,/home/mr1jk1/Documents/eli/yay/src/gopath/pkg/mod/golang.org/x/net@v0.48.0/quic/path_test.go
0.6214662638829473,0,0,0,0,0,0,0.0,1,/home/mr1jk1/Documents/eli/yay/src/gopath/pkg/mod/golang.org/x/net@v0.48.0/quic/ping.go
0.6391079991421744,0,0,0,0,0,0,0.0,1,/home/mr1jk1/Documents/eli/yay/src/gopath/pkg/mod/golang.org/x/net@v0.48.0/quic/ping_test.go
0.6091972634794749,0,0,0,0,0,0,0.0,1,/home/mr1jk1/Documents/eli/yay/src/gopath/pkg/mod/golang.org/x/net@v0.48.0/quic/pipe.go
0.633521196074017,0,0,0,0,0,0,0.0,1,/home/mr1jk1/Documents/eli/yay/src/gopath/pkg/mod/golang.org/x/net@v0.48.0/quic/pipe_test.go
0.641602836762801,0,0,0,0,0,0,0.0,1,/home/mr1jk1/Documents/eli/yay/src/gopath/pkg/mod/golang.org/x/net@v0.48.0/quic/qlog.go
0.643687963737832,0,0,0,0,0,0,0.0,1,/home/mr1jk1/Documents/eli/yay/src/gopath/pkg/mod/golang.org/x/net@v0.48.0/quic/qlog_test.go
0.6127370316608431,0,0,0,0,0,0,0.0,1,/home/mr1jk1/Documents/eli/yay/src/gopath/pkg/mod/golang.org/x/net@v0.48.0/quic/queue.go
0.6348017198140263,0,0,0,0,0,0,0.0,1,/home/mr1jk1/Documents/eli/yay/src/gopath/pkg/mod/golang.org/x/net@v0.48.0/quic/queue_test.go
0.6254675409931778,0,0,0,0,0,0,0.0,1,/home/mr1jk1/Documents/eli/yay/src/gopath/pkg/mod/golang.org/x/net@v0.48.0/quic/quic.go
0.6034833855682223,0,0,0,0,0,0,0.0,1,/home/mr1jk1/Documents/eli/yay/src/gopath/pkg/mod/golang.org/x/net@v0.48.0/quic/quic_test.go
0.6040114031015607,0,0,0,0,0,0,0.0,1,/home/mr1jk1/Documents/eli/yay/src/gopath/pkg/mod/golang.org/x/net@v0.48.0/quic/rangeset.go
0.6204285583549972,0,0,0,0,0,0,0.0,1,/home/mr1jk1/Documents/eli/yay/src/gopath/pkg/mod/golang.org/x/net@v0.48.0/quic/rangeset_test.go
0.6377763745432038,0,0,0,0,0,0,0.0,1,/home/mr1jk1/Documents/eli/yay/src/gopath/pkg/mod/golang.org/x/net@v0.48.0/quic/retry.go
0.6391144743872809,0,0,0,0,0,0,0.0,1,/home/mr1jk1/Documents/eli/yay/src/gopath/pkg/mod/golang.org/x/net@v0.48.0/quic/retry_test.go
0.6341001603473617,0,0,0,0,0,0,0.0,1,/home/mr1jk1/Documents/eli/yay/src/gopath/pkg/mod/golang.org/x/net@v0.48.0/quic/rtt.go
0.6430867019249678,0,0,0,0,0,0,0.0,1,/home/mr1jk1/Documents/eli/yay/src/gopath/pkg/mod/golang.org/x/net@v0.48.0/quic/rtt_test.go
0.6076334721541821,0,0,0,0,0,0,0.0,1,/home/mr1jk1/Documents/eli/yay/src/gopath/pkg/mod/golang.org/x/net@v0.48.0/quic/sent_packet.go
0.6066496951065009,0,0,0,0,0,0,0.0,1,/home/mr1jk1/Documents/eli/yay/src/gopath/pkg/mod/golang.org/x/net@v0.48.0/quic/sent_packet_list.go
0.6266429918862778,0,0,0,0,0,0,0.0,1,/home/mr1jk1/Documents/eli/yay/src/gopath/pkg/mod/golang.org/x/net@v0.48.0/quic/sent_packet_list_test.go
0.6333961858815765,0,0,0,0,0,0,0.0,1,/home/mr1jk1/Documents/eli/yay/src/gopath/pkg/mod/golang.org/x/net@v0.48.0/quic/sent_packet_test.go
0.5872630473431297,0,0,0,0,0,0,0.0,1,/home/mr1jk1/Documents/eli/yay/src/gopath/pkg/mod/golang.org/x/net@v0.48.0/quic/sent_val.go
0.608496932031669,0,0,0,0,0,0,0.0,1,/home/mr1jk1/Documents/eli/yay/src/gopath/pkg/mod/golang.org/x/net@v0.48.0/quic/sent_val_test.go
0.6032100178330192,0,0,0,0,0,0,0.0,1,/home/mr1jk1/Documents/eli/yay/src/gopath/pkg/mod/golang.org/x/net@v0.48.0/quic/skip.go
0.6378252607968063,0,0,0,0,0,0,0.0,1,/home/mr1jk1/Documents/eli/yay/src/gopath/pkg/mod/golang.org/x/net@v0.48.0/quic/skip_test.go
0.6189229878151113,0,0,0,0,0,0,0.0,1,/home/mr1jk1/Documents/eli/yay/src/gopath/pkg/mod/golang.org/x/net@v0.48.0/quic/stateless_reset.go
0.6403958411316734,0,0,0,0,0,0,0.0,1,/home/mr1jk1/Documents/eli/yay/src/gopath/pkg/mod/golang.org/x/net@v0.48.0/quic/stateless_reset_test.go
0.6154266581104455,0,0,0,0,0,0,0.0,1,/home/mr1jk1/Documents/eli/yay/src/gopath/pkg/mod/golang.org/x/net@v0.48.0/quic/stream.go
0.6187378901760239,0,0,0,0,0,0,0.0,1,/home/mr1jk1/Documents/eli/yay/src/gopath/pkg/mod/golang.org/x/net@v0.48.0/quic/stream_limits.go
0.6417581109169515,0,0,0,0,0,0,0.0,1,/home/mr1jk1/Documents/eli/yay/src/gopath/pkg/mod/golang.org/x/net@v0.48.0/quic/stream_limits_test.go
0.6451255828325625,0,0,0,0,0,0,0.0,1,/home/mr1jk1/Documents/eli/yay/src/gopath/pkg/mod/golang.org/x/net@v0.48.0/quic/stream_test.go
0.6340055175744062,0,0,0,0,0,0,0.0,1,/home/mr1jk1/Documents/eli/yay/src/gopath/pkg/mod/golang.org/x/net@v0.48.0/quic/tls.go
0.65036781876992,0,0,0,0,0,0,0.0,1,/home/mr1jk1/Documents/eli/yay/src/gopath/pkg/mod/golang.org/x/net@v0.48.0/quic/tls_test.go
0.6486041007447528,0,0,0,0,0,0,0.0,1,/home/mr1jk1/Documents/eli/yay/src/gopath/pkg/mod/golang.org/x/net@v0.48.0/quic/tlsconfig_test.go
0.6393100949360603,0,0,0,0,0,0,0.0,1,/home/mr1jk1/Documents/eli/yay/src/gopath/pkg/mod/golang.org/x/net@v0.48.0/quic/transport_params.go
0.643199755651047,0,0,0,0,0,0,0.0,1,/home/mr1jk1/Documents/eli/yay/src/gopath/pkg/mod/golang.org/x/net@v0.48.0/quic/transport_params_test.go
0.6127200142066962,0,0,0,0,0,0,0.0,1,/home/mr1jk1/Documents/eli/yay/src/gopath/pkg/mod/golang.org/x/net@v0.48.0/quic/udp.go
0.654965862408807,0,0,0,0,0,0,0.0,1,/home/mr1jk1/Documents/eli/yay/src/gopath/pkg/mod/golang.org/x/net@v0.48.0/quic/udp_darwin.go
0.6428983299449083,0,0,0,0,0,0,0.0,1,/home/mr1jk1/Documents/eli/yay/src/gopath/pkg/mod/golang.org/x/net@v0.48.0/quic/udp_linux.go
0.6591057001858607,0,0,0,0,0,0,0.0,1,/home/mr1jk1/Documents/eli/yay/src/gopath/pkg/mod/golang.org/x/net@v0.48.0/quic/udp_msg.go
0.630935060451762,0,0,0,0,0,0,0.0,1,/home/mr1jk1/Documents/eli/yay/src/gopath/pkg/mod/golang.org/x/net@v0.48.0/quic/udp_other.go
0.6116873424685574,0,0,0,0,0,0,0.0,1,/home/mr1jk1/Documents/eli/yay/src/gopath/pkg/mod/golang.org/x/net@v0.48.0/quic/udp_packetconn.go
0.6442387245576411,0,0,0,0,0,0,0.0,1,/home/mr1jk1/Documents/eli/yay/src/gopath/pkg/mod/golang.org/x/net@v0.48.0/quic/udp_test.go
0.6423547866001527,0,0,0,0,0,0,0.0,1,/home/mr1jk1/Documents/eli/yay/src/gopath/pkg/mod/golang.org/x/net@v0.48.0/quic/version_test.go
0.6438396907131297,0,0,0,0,0,0,0.0,1,/home/mr1jk1/Documents/eli/yay/src/gopath/pkg/mod/golang.org/x/net@v0.48.0/route/address.go
0.5830553993580926,0,0,0,0,0,0,0.0,1,/home/mr1jk1/Documents/eli/yay/src/gopath/pkg/mod/golang.org/x/net@v0.48.0/route/address_darwin_test.go
0.6040595981566047,0,0,0,0,0,0,0.0,1,/home/mr1jk1/Documents/eli/yay/src/gopath/pkg/mod/golang.org/x/net@v0.48.0/route/address_test.go
0.6428929768885999,0,0,0,0,0,0,0.0,1,/home/mr1jk1/Documents/eli/yay/src/gopath/pkg/mod/golang.org/x/net@v0.48.0/route/binary.go
0.631682893832375,0,0,0,0,0,0,0.0,1,/home/mr1jk1/Documents/eli/yay/src/gopath/pkg/mod/golang.org/x/net@v0.48.0/route/defs_darwin.go
0.6344717790862574,0,0,0,0,0,0,0.0,1,/home/mr1jk1/Documents/eli/yay/src/gopath/pkg/mod/golang.org/x/net@v0.48.0/route/defs_dragonfly.go
0.6086464955687697,0,0,0,0,0,0,0.0,1,/home/mr1jk1/Documents/eli/yay/src/gopath/pkg/mod/golang.org/x/net@v0.48.0/route/defs_freebsd.go
0.626545155634813,0,0,0,0,0,0,0.0,1,/home/mr1jk1/Documents/eli/yay/src/gopath/pkg/mod/golang.org/x/net@v0.48.0/route/defs_netbsd.go
0.6212540539533957,0,0,0,0,0,0,0.0,1,/home/mr1jk1/Documents/eli/yay/src/gopath/pkg/mod/golang.org/x/net@v0.48.0/route/defs_openbsd.go
0.593453149204062,0,0,0,0,0,0,0.0,1,/home/mr1jk1/Documents/eli/yay/src/gopath/pkg/mod/golang.org/x/net@v0.48.0/route/empty.s
0.6531325648068637,0,0,0,0,0,0,0.0,1,/home/mr1jk1/Documents/eli/yay/src/gopath/pkg/mod/golang.org/x/net@v0.48.0/route/example_darwin_test.go
0.5684921369467104,0,0,0,0,0,0,0.0,1,/home/mr1jk1/Documents/eli/yay/src/gopath/pkg/mod/golang.org/x/net@v0.48.0/route/interface.go
0.6498740098419314,0,0,0,0,0,0,0.0,1,/home/mr1jk1/Documents/eli/yay/src/gopath/pkg/mod/golang.org/x/net@v0.48.0/route/interface_announce.go
0.6572402451036126,0,0,0,0,0,0,0.0,1,/home/mr1jk1/Documents/eli/yay/src/gopath/pkg/mod/golang.org/x/net@v0.48.0/route/interface_classic.go
0.658099694920985,0,0,0,0,0,0,0.0,1,/home/mr1jk1/Documents/eli/yay/src/gopath/pkg/mod/golang.org/x/net@v0.48.0/route/interface_freebsd.go
0.6464437038058779,0,0,0,0,0,0,0.0,1,/home/mr1jk1/Documents/eli/yay/src/gopath/pkg/mod/golang.org/x/net@v0.48.0/route/interface_multicast.go
0.6498255728544157,0,0,0,0,0,0,0.0,1,/home/mr1jk1/Documents/eli/yay/src/gopath/pkg/mod/golang.org/x/net@v0.48.0/route/interface_openbsd.go
0.6197402283781596,0,0,0,0,0,0,0.0,1,/home/mr1jk1/Documents/eli/yay/src/gopath/pkg/mod/golang.org/x/net@v0.48.0/route/message.go
0.6463021012921359,0,0,0,0,0,0,0.0,1,/home/mr1jk1/Documents/eli/yay/src/gopath/pkg/mod/golang.org/x/net@v0.48.0/route/message_darwin_test.go
0.6495361631546238,0,0,0,0,0,0,0.0,1,/home/mr1jk1/Documents/eli/yay/src/gopath/pkg/mod/golang.org/x/net@v0.48.0/route/message_freebsd_test.go
0.6657476023382022,0,0,0,0,0,0,0.0,1,/home/mr1jk1/Documents/eli/yay/src/gopath/pkg/mod/golang.org/x/net@v0.48.0/route/message_test.go
0.6216255994485087,0,0,0,0,0,0,0.0,1,/home/mr1jk1/Documents/eli/yay/src/gopath/pkg/mod/golang.org/x/net@v0.48.0/route/route.go
0.6607774947006102,0,0,0,0,0,0,0.0,1,/home/mr1jk1/Documents/eli/yay/src/gopath/pkg/mod/golang.org/x/net@v0.48.0/route/route_classic.go
0.6570135851066904,0,0,0,0,0,0,0.0,1,/home/mr1jk1/Documents/eli/yay/src/gopath/pkg/mod/golang.org/x/net@v0.48.0/route/route_openbsd.go
0.6519546682604859,0,0,0,0,0,0,0.0,1,/home/mr1jk1/Documents/eli/yay/src/gopath/pkg/mod/golang.org/x/net@v0.48.0/route/route_test.go
0.6356003385232778,0,0,0,0,0,0,0.0,1,/home/mr1jk1/Documents/eli/yay/src/gopath/pkg/mod/golang.org/x/net@v0.48.0/route/sys.go
0.6586554040751088,0,0,0,0,0,0,0.0,1,/home/mr1jk1/Documents/eli/yay/src/gopath/pkg/mod/golang.org/x/net@v0.48.0/route/sys_darwin.go
0.6656528844477456,0,0,0,0,0,0,0.0,1,/home/mr1jk1/Documents/eli/yay/src/gopath/pkg/mod/golang.org/x/net@v0.48.0/route/sys_dragonfly.go
0.6689555472630426,0,0,0,0,0,0,0.0,1,/home/mr1jk1/Documents/eli/yay/src/gopath/pkg/mod/golang.org/x/net@v0.48.0/route/sys_freebsd.go
0.6539231912368296,0,0,0,0,0,0,0.0,1,/home/mr1jk1/Documents/eli/yay/src/gopath/pkg/mod/golang.org/x/net@v0.48.0/route/sys_netbsd.go
0.6517365507513536,0,0,0,0,0,0,0.0,1,/home/mr1jk1/Documents/eli/yay/src/gopath/pkg/mod/golang.org/x/net@v0.48.0/route/sys_openbsd.go
0.6080247973695574,0,0,0,0,0,0,0.0,1,/home/mr1jk1/Documents/eli/yay/src/gopath/pkg/mod/golang.org/x/net@v0.48.0/route/syscall.go
0.6253916198209554,0,0,0,0,0,0,0.0,1,/home/mr1jk1/Documents/eli/yay/src/gopath/pkg/mod/golang.org/x/net@v0.48.0/route/zsys_darwin.go
0.6317530375457431,0,0,0,0,0,0,0.0,1,/home/mr1jk1/Documents/eli/yay/src/gopath/pkg/mod/golang.org/x/net@v0.48.0/route/zsys_dragonfly.go
0.6413295870982966,0,0,0,0,0,0,0.0,1,/home/mr1jk1/Documents/eli/yay/src/gopath/pkg/mod/golang.org/x/net@v0.48.0/route/zsys_freebsd_386.go
0.6185644831635454,0,0,0,0,0,0,0.0,1,/home/mr1jk1/Documents/eli/yay/src/gopath/pkg/mod/golang.org/x/net@v0.48.0/route/zsys_freebsd_amd64.go
0.6200118266880134,0,0,0,0,0,0,0.0,1,/home/mr1jk1/Documents/eli/yay/src/gopath/pkg/mod/golang.org/x/net@v0.48.0/route/zsys_freebsd_arm.go
0.6185644831635454,0,0,0,0,0,0,0.0,1,/home/mr1jk1/Documents/eli/yay/src/gopath/pkg/mod/golang.org/x/net@v0.48.0/route/zsys_freebsd_arm64.go
0.6185644831635454,0,0,0,0,0,0,0.0,1,/home/mr1jk1/Documents/eli/yay/src/gopath/pkg/mod/golang.org/x/net@v0.48.0/route/zsys_freebsd_riscv64.go
0.6236444364027193,0,0,0,0,0,0,0.0,1,/home/mr1jk1/Documents/eli/yay/src/gopath/pkg/mod/golang.org/x/net@v0.48.0/route/zsys_netbsd.go
0.6130074645293134,0,0,0,0,0,0,0.0,1,/home/mr1jk1/Documents/eli/yay/src/gopath/pkg/mod/golang.org/x/net@v0.48.0/route/zsys_openbsd.go
0.6474288550356583,0,0,0,0,0,0,0.0,1,/home/mr1jk1/Documents/eli/yay/src/gopath/pkg/mod/golang.org/x/net@v0.48.0/trace/events.go
0.6400476442745513,0,0,0,0,0,0,0.0,1,/home/mr1jk1/Documents/eli/yay/src/gopath/pkg/mod/golang.org/x/net@v0.48.0/trace/histogram.go
0.6610992270664859,0,0,0,0,0,0,0.0,1,/home/mr1jk1/Documents/eli/yay/src/gopath/pkg/mod/golang.org/x/net@v0.48.0/trace/histogram_test.go
0.6419614496271197,0,0,0,0,0,0,0.0,1,/home/mr1jk1/Documents/eli/yay/src/gopath/pkg/mod/golang.org/x/net@v0.48.0/trace/trace.go
0.6517932561433484,0,0,0,0,0,0,0.0,1,/home/mr1jk1/Documents/eli/yay/src/gopath/pkg/mod/golang.org/x/net@v0.48.0/trace/trace_test.go
0.6266055216166265,0,0,0,0,0,0,0.0,1,/home/mr1jk1/Documents/eli/yay/src/gopath/pkg/mod/golang.org/x/net@v0.48.0/webdav/file.go
0.643309931086961,0,0,0,0,0,0,0.0,1,/home/mr1jk1/Documents/eli/yay/src/gopath/pkg/mod/golang.org/x/net@v0.48.0/webdav/file_test.go
0.6293954559916579,0,0,0,0,0,0,0.0,1,/home/mr1jk1/Documents/eli/yay/src/gopath/pkg/mod/golang.org/x/net@v0.48.0/webdav/if.go
0.6557787475387367,0,0,0,0,0,0,0.0,1,/home/mr1jk1/Documents/eli/yay/src/gopath/pkg/mod/golang.org/x/net@v0.48.0/webdav/if_test.go
0.6522316687273034,0,0,0,0,0,0,0.0,1,/home/mr1jk1/Documents/eli/yay/src/gopath/pkg/mod/golang.org/x/net@v0.48.0/webdav/litmus_test_server.go
0.6376316291627131,0,0,0,0,0,0,0.0,1,/home/mr1jk1/Documents/eli/yay/src/gopath/pkg/mod/golang.org/x/net@v0.48.0/webdav/lock.go
0.6406752656138471,0,0,0,0,0,0,0.0,1,/home/mr1jk1/Documents/eli/yay/src/gopath/pkg/mod/golang.org/x/net@v0.48.0/webdav/lock_test.go
0.6328610474085951,0,0,0,0,0,0,0.0,1,/home/mr1jk1/Documents/eli/yay/src/gopath/pkg/mod/golang.org/x/net@v0.48.0/webdav/prop.go
0.6406025488775979,0,0,0,0,0,0,0.0,1,/home/mr1jk1/Documents/eli/yay/src/gopath/pkg/mod/golang.org/x/net@v0.48.0/webdav/prop_test.go
0.634725844904477,0,0,0,0,0,0,0.0,1,/home/mr1jk1/Documents/eli/yay/src/gopath/pkg/mod/golang.org/x/net@v0.48.0/webdav/webdav.go
0.6538563348161357,0,0,0,0,0,0,0.0,1,/home/mr1jk1/Documents/eli/yay/src/gopath/pkg/mod/golang.org/x/net@v0.48.0/webdav/webdav_test.go
0.6441263806601619,0,0,0,0,0,0,0.0,1,/home/mr1jk1/Documents/eli/yay/src/gopath/pkg/mod/golang.org/x/net@v0.48.0/webdav/xml.go
0.6593052170978375,0,0,0,0,0,0,0.0,1,/home/mr1jk1/Documents/eli/yay/src/gopath/pkg/mod/golang.org/x/net@v0.48.0/webdav/xml_test.go
0.6196330137191448,0,0,0,0,0,0,0.0,1,/home/mr1jk1/Documents/eli/yay/src/gopath/pkg/mod/golang.org/x/net@v0.48.0/websocket/client.go
0.6218513535698054,0,0,0,0,0,0,0.0,1,/home/mr1jk1/Documents/eli/yay/src/gopath/pkg/mod/golang.org/x/net@v0.48.0/websocket/dial.go
0.63812157904332,0,0,0,0,0,0,0.0,1,/home/mr1jk1/Documents/eli/yay/src/gopath/pkg/mod/golang.org/x/net@v0.48.0/websocket/dial_test.go
0.6456689322125311,0,0,0,0,0,0,0.0,1,/home/mr1jk1/Documents/eli/yay/src/gopath/pkg/mod/golang.org/x/net@v0.48.0/websocket/exampledial_test.go
0.6322140804782898,0,0,0,0,0,0,0.0,1,/home/mr1jk1/Documents/eli/yay/src/gopath/pkg/mod/golang.org/x/net@v0.48.0/websocket/examplehandler_test.go
0.6523953148480645,0,0,0,0,0,0,0.0,1,/home/mr1jk1/Documents/eli/yay/src/gopath/pkg/mod/golang.org/x/net@v0.48.0/websocket/hybi.go
0.6723698914932859,0,0,0,0,0,0,0.0,1,/home/mr1jk1/Documents/eli/yay/src/gopath/pkg/mod/golang.org/x/net@v0.48.0/websocket/hybi_test.go
0.6349010732706282,0,0,0,0,0,0,0.0,1,/home/mr1jk1/Documents/eli/yay/src/gopath/pkg/mod/golang.org/x/net@v0.48.0/websocket/server.go
0.6201311721627815,0,0,0,0,0,0,0.0,1,/home/mr1jk1/Documents/eli/yay/src/gopath/pkg/mod/golang.org/x/net@v0.48.0/websocket/websocket.go
0.6504553051619556,0,0,0,0,0,0,0.0,1,/home/mr1jk1/Documents/eli/yay/src/gopath/pkg/mod/golang.org/x/net@v0.48.0/websocket/websocket_test.go
0.619084764808762,0,0,0,0,0,0,0.0,1,/home/mr1jk1/Documents/eli/yay/src/gopath/pkg/mod/golang.org/x/net@v0.48.0/xsrftoken/xsrf.go
0.6381702887616295,0,0,0,0,0,0,0.0,1,/home/mr1jk1/Documents/eli/yay/src/gopath/pkg/mod/golang.org/x/net@v0.48.0/xsrftoken/xsrf_test.go
0.5864011852999148,0,0,0,0,0,0,0.0,1,/home/mr1jk1/Documents/eli/yay/src/gopath/pkg/mod/golang.org/x/net@v0.48.0/webdav/internal/xml/README
0.690900792998568,0,0,0,0,0,0,0.0,1,/home/mr1jk1/Documents/eli/yay/src/gopath/pkg/mod/golang.org/x/net@v0.48.0/webdav/internal/xml/atom_test.go
0.6416027644791388,0,0,0,0,0,0,0.0,1,/home/mr1jk1/Documents/eli/yay/src/gopath/pkg/mod/golang.org/x/net@v0.48.0/webdav/internal/xml/example_test.go
0.6250480185188237,0,0,0,0,0,0,0.0,1,/home/mr1jk1/Documents/eli/yay/src/gopath/pkg/mod/golang.org/x/net@v0.48.0/webdav/internal/xml/marshal.go
0.6708172758473486,0,0,0,0,0,0,0.0,1,/home/mr1jk1/Documents/eli/yay/src/gopath/pkg/mod/golang.org/x/net@v0.48.0/webdav/internal/xml/marshal_test.go
0.6158398877622419,0,0,0,0,0,0,0.0,1,/home/mr1jk1/Documents/eli/yay/src/gopath/pkg/mod/golang.org/x/net@v0.48.0/webdav/internal/xml/read.go
0.6644787382849306,0,0,0,0,0,0,0.0,1,/home/mr1jk1/Documents/eli/yay/src/gopath/pkg/mod/golang.org/x/net@v0.48.0/webdav/internal/xml/read_test.go
0.6251453065374122,0,0,0,0,0,0,0.0,1,/home/mr1jk1/Documents/eli/yay/src/gopath/pkg/mod/golang.org/x/net@v0.48.0/webdav/internal/xml/typeinfo.go
0.661559135798946,0,0,0,0,0,0,0.0,1,/home/mr1jk1/Documents/eli/yay/src/gopath/pkg/mod/golang.org/x/net@v0.48.0/webdav/internal/xml/xml.go
0.6813173573970008,0,0,0,0,0,0,0.0,1,/home/mr1jk1/Documents/eli/yay/src/gopath/pkg/mod/golang.org/x/net@v0.48.0/webdav/internal/xml/xml_test.go
0.6194796039160387,0,0,0,0,0,0,0.0,1,/home/mr1jk1/Documents/eli/yay/src/gopath/pkg/mod/golang.org/x/net@v0.48.0/quic/qlog/handler.go
0.654599698864006,0,0,0,0,0,0,0.0,1,/home/mr1jk1/Documents/eli/yay/src/gopath/pkg/mod/golang.org/x/net@v0.48.0/quic/qlog/json_writer.go
0.6648183085932898,0,0,0,0,0,0,0.0,1,/home/mr1jk1/Documents/eli/yay/src/gopath/pkg/mod/golang.org/x/net@v0.48.0/quic/qlog/json_writer_test.go
0.6269788141000363,0,0,0,0,0,0,0.0,1,/home/mr1jk1/Documents/eli/yay/src/gopath/pkg/mod/golang.org/x/net@v0.48.0/quic/qlog/qlog.go
0.6271990731808241,0,0,0,0,0,0,0.0,1,/home/mr1jk1/Documents/eli/yay/src/gopath/pkg/mod/golang.org/x/net@v0.48.0/quic/qlog/qlog_test.go
0.9242559620603752,0,0,0,0,0,0,0.0,1,/home/mr1jk1/Documents/eli/yay/src/gopath/pkg/mod/golang.org/x/net@v0.48.0/publicsuffix/data/children
0.6755157341917362,0,0,0,0,0,0,0.0,1,/home/mr1jk1/Documents/eli/yay/src/gopath/pkg/mod/golang.org/x/net@v0.48.0/publicsuffix/data/nodes
0.5706373219411128,0,0,0,0,0,0,0.0,1,/home/mr1jk1/Documents/eli/yay/src/gopath/pkg/mod/golang.org/x/net@v0.48.0/publicsuffix/data/text
0.5961831661014829,0,0,0,0,0,0,0.0,1,/home/mr1jk1/Documents/eli/yay/src/gopath/pkg/mod/golang.org/x/net@v0.48.0/internal/gate/gate.go
0.6289335760076951,0,0,0,0,0,0,0.0,1,/home/mr1jk1/Documents/eli/yay/src/gopath/pkg/mod/golang.org/x/net@v0.48.0/internal/gate/gate_test.go
0.6151210188222502,0,0,0,0,0,0,0.0,1,/home/mr1jk1/Documents/eli/yay/src/gopath/pkg/mod/golang.org/x/net@v0.48.0/internal/http3/body.go
0.621927501672947,0,0,0,0,0,0,0.0,1,/home/mr1jk1/Documents/eli/yay/src/gopath/pkg/mod/golang.org/x/net@v0.48.0/internal/http3/body_test.go
0.6194262756521399,0,0,0,0,0,0,0.0,1,/home/mr1jk1/Documents/eli/yay/src/gopath/pkg/mod/golang.org/x/net@v0.48.0/internal/http3/conn.go
0.6338048822832697,0,0,0,0,0,0,0.0,1,/home/mr1jk1/Documents/eli/yay/src/gopath/pkg/mod/golang.org/x/net@v0.48.0/internal/http3/conn_test.go
0.5878933491591943,0,0,0,0,0,0,0.0,1,/home/mr1jk1/Documents/eli/yay/src/gopath/pkg/mod/golang.org/x/net@v0.48.0/internal/http3/doc.go
0.6498155426947544,0,0,0,0,0,0,0.0,1,/home/mr1jk1/Documents/eli/yay/src/gopath/pkg/mod/golang.org/x/net@v0.48.0/internal/http3/errors.go
0.6306691048435307,0,0,0,0,0,0,0.0,1,/home/mr1jk1/Documents/eli/yay/src/gopath/pkg/mod/golang.org/x/net@v0.48.0/internal/http3/files_test.go
0.640912563848958,0,0,0,0,0,0,0.0,1,/home/mr1jk1/Documents/eli/yay/src/gopath/pkg/mod/golang.org/x/net@v0.48.0/internal/http3/http3.go
0.6090676529494955,0,0,0,0,0,0,0.0,1,/home/mr1jk1/Documents/eli/yay/src/gopath/pkg/mod/golang.org/x/net@v0.48.0/internal/http3/http3_synctest_test.go
0.6361708607095634,0,0,0,0,0,0,0.0,1,/home/mr1jk1/Documents/eli/yay/src/gopath/pkg/mod/golang.org/x/net@v0.48.0/internal/http3/http3_test.go
0.6374597642858928,0,0,0,0,0,0,0.0,1,/home/mr1jk1/Documents/eli/yay/src/gopath/pkg/mod/golang.org/x/net@v0.48.0/internal/http3/qpack.go
0.6280107738438953,0,0,0,0,0,0,0.0,1,/home/mr1jk1/Documents/eli/yay/src/gopath/pkg/mod/golang.org/x/net@v0.48.0/internal/http3/qpack_decode.go
0.6610047902072941,0,0,0,0,0,0,0.0,1,/home/mr1jk1/Documents/eli/yay/src/gopath/pkg/mod/golang.org/x/net@v0.48.0/internal/http3/qpack_decode_test.go
0.6274310341975057,0,0,0,0,0,0,0.0,1,/home/mr1jk1/Documents/eli/yay/src/gopath/pkg/mod/golang.org/x/net@v0.48.0/internal/http3/qpack_encode.go
0.6366638606950217,0,0,0,0,0,0,0.0,1,/home/mr1jk1/Documents/eli/yay/src/gopath/pkg/mod/golang.org/x/net@v0.48.0/internal/http3/qpack_encode_test.go
0.6460205008343866,0,0,0,0,0,0,0.0,1,/home/mr1jk1/Documents/eli/yay/src/gopath/pkg/mod/golang.org/x/net@v0.48.0/internal/http3/qpack_static.go
0.6588846018717073,0,0,0,0,0,0,0.0,1,/home/mr1jk1/Documents/eli/yay/src/gopath/pkg/mod/golang.org/x/net@v0.48.0/internal/http3/qpack_test.go
0.6240048143487216,0,0,0,0,0,0,0.0,1,/home/mr1jk1/Documents/eli/yay/src/gopath/pkg/mod/golang.org/x/net@v0.48.0/internal/http3/quic.go
0.6444800193659538,0,0,0,0,0,0,0.0,1,/home/mr1jk1/Documents/eli/yay/src/gopath/pkg/mod/golang.org/x/net@v0.48.0/internal/http3/quic_test.go
0.632057221886476,0,0,0,0,0,0,0.0,1,/home/mr1jk1/Documents/eli/yay/src/gopath/pkg/mod/golang.org/x/net@v0.48.0/internal/http3/roundtrip.go
0.6418355809493906,0,0,0,0,0,0,0.0,1,/home/mr1jk1/Documents/eli/yay/src/gopath/pkg/mod/golang.org/x/net@v0.48.0/internal/http3/roundtrip_test.go
0.6342328255571874,0,0,0,0,0,0,0.0,1,/home/mr1jk1/Documents/eli/yay/src/gopath/pkg/mod/golang.org/x/net@v0.48.0/internal/http3/server.go
0.6363237468826819,0,0,0,0,0,0,0.0,1,/home/mr1jk1/Documents/eli/yay/src/gopath/pkg/mod/golang.org/x/net@v0.48.0/internal/http3/server_test.go
0.6374024583946171,0,0,0,0,0,0,0.0,1,/home/mr1jk1/Documents/eli/yay/src/gopath/pkg/mod/golang.org/x/net@v0.48.0/internal/http3/settings.go
0.6212225202232707,0,0,0,0,0,0,0.0,1,/home/mr1jk1/Documents/eli/yay/src/gopath/pkg/mod/golang.org/x/net@v0.48.0/internal/http3/stream.go
0.641257452732365,0,0,0,0,0,0,0.0,1,/home/mr1jk1/Documents/eli/yay/src/gopath/pkg/mod/golang.org/x/net@v0.48.0/internal/http3/stream_test.go
0.6318808032215866,0,0,0,0,0,0,0.0,1,/home/mr1jk1/Documents/eli/yay/src/gopath/pkg/mod/golang.org/x/net@v0.48.0/internal/http3/transport.go
0.6323323575789289,0,0,0,0,0,0,0.0,1,/home/mr1jk1/Documents/eli/yay/src/gopath/pkg/mod/golang.org/x/net@v0.48.0/internal/http3/transport_test.go
0.6255105893580118,0,0,0,0,0,0,0.0,1,/home/mr1jk1/Documents/eli/yay/src/gopath/pkg/mod/golang.org/x/net@v0.48.0/internal/httpcommon/ascii.go
0.6203028666222649,0,0,0,0,0,0,0.0,1,/home/mr1jk1/Documents/eli/yay/src/gopath/pkg/mod/golang.org/x/net@v0.48.0/internal/httpcommon/headermap.go
0.6185027518404843,0,0,0,0,0,0,0.0,1,/home/mr1jk1/Documents/eli/yay/src/gopath/pkg/mod/golang.org/x/net@v0.48.0/internal/httpcommon/httpcommon_test.go
0.6408369332217134,0,0,0,0,0,0,0.0,1,/home/mr1jk1/Documents/eli/yay/src/gopath/pkg/mod/golang.org/x/net@v0.48.0/internal/httpcommon/request.go
0.6259539562495295,0,0,0,0,0,0,0.0,1,/home/mr1jk1/Documents/eli/yay/src/gopath/pkg/mod/golang.org/x/net@v0.48.0/internal/httpcommon/request_test.go
0.6388807260603827,0,0,0,0,0,0,0.0,1,/home/mr1jk1/Documents/eli/yay/src/gopath/pkg/mod/golang.org/x/net@v0.48.0/internal/httpsfv/httpsfv.go
0.6315239634323491,0,0,0,0,0,0,0.0,1,/home/mr1jk1/Documents/eli/yay/src/gopath/pkg/mod/golang.org/x/net@v0.48.0/internal/httpsfv/httpsfv_test.go
0.5776565883749946,0,0,0,0,0,0,0.0,1,/home/mr1jk1/Documents/eli/yay/src/gopath/pkg/mod/golang.org/x/net@v0.48.0/internal/iana/const.go
0.6458182284717758,0,0,0,0,0,0,0.0,1,/home/mr1jk1/Documents/eli/yay/src/gopath/pkg/mod/golang.org/x/net@v0.48.0/internal/iana/gen.go
0.6052219296364336,0,0,0,0,0,0,0.0,1,/home/mr1jk1/Documents/eli/yay/src/gopath/pkg/mod/golang.org/x/net@v0.48.0/internal/socket/cmsghdr.go
0.6241527697030389,0,0,0,0,0,0,0.0,1,/home/mr1jk1/Documents/eli/yay/src/gopath/pkg/mod/golang.org/x/net@v0.48.0/internal/socket/cmsghdr_bsd.go
0.6310357606133706,0,0,0,0,0,0,0.0,1,/home/mr1jk1/Documents/eli/yay/src/gopath/pkg/mod/golang.org/x/net@v0.48.0/internal/socket/cmsghdr_linux_32bit.go
0.6345972950374967,0,0,0,0,0,0,0.0,1,/home/mr1jk1/Documents/eli/yay/src/gopath/pkg/mod/golang.org/x/net@v0.48.0/internal/socket/cmsghdr_linux_64bit.go
0.6287287376408617,0,0,0,0,0,0,0.0,1,/home/mr1jk1/Documents/eli/yay/src/gopath/pkg/mod/golang.org/x/net@v0.48.0/internal/socket/cmsghdr_solaris_64bit.go
0.6107437747314212,0,0,0,0,0,0,0.0,1,/home/mr1jk1/Documents/eli/yay/src/gopath/pkg/mod/golang.org/x/net@v0.48.0/internal/socket/cmsghdr_stub.go
0.612703325263575,0,0,0,0,0,0,0.0,1,/home/mr1jk1/Documents/eli/yay/src/gopath/pkg/mod/golang.org/x/net@v0.48.0/internal/socket/cmsghdr_unix.go
0.6170789730688064,0,0,0,0,0,0,0.0,1,/home/mr1jk1/Documents/eli/yay/src/gopath/pkg/mod/golang.org/x/net@v0.48.0/internal/socket/cmsghdr_zos_s390x.go
0.6221945698744777,0,0,0,0,0,0,0.0,1,/home/mr1jk1/Documents/eli/yay/src/gopath/pkg/mod/golang.org/x/net@v0.48.0/internal/socket/complete_dontwait.go
0.617654170430888,0,0,0,0,0,0,0.0,1,/home/mr1jk1/Documents/eli/yay/src/gopath/pkg/mod/golang.org/x/net@v0.48.0/internal/socket/complete_nodontwait.go
0.6132601161749,0,0,0,0,0,0,0.0,1,/home/mr1jk1/Documents/eli/yay/src/gopath/pkg/mod/golang.org/x/net@v0.48.0/internal/socket/defs_aix.go
0.6145964691655588,0,0,0,0,0,0,0.0,1,/home/mr1jk1/Documents/eli/yay/src/gopath/pkg/mod/golang.org/x/net@v0.48.0/internal/socket/defs_darwin.go
0.6145964691655588,0,0,0,0,0,0,0.0,1,/home/mr1jk1/Documents/eli/yay/src/gopath/pkg/mod/golang.org/x/net@v0.48.0/internal/socket/defs_dragonfly.go
0.6145964691655588,0,0,0,0,0,0,0.0,1,/home/mr1jk1/Documents/eli/yay/src/gopath/pkg/mod/golang.org/x/net@v0.48.0/internal/socket/defs_freebsd.go
0.6270506912489388,0,0,0,0,0,0,0.0,1,/home/mr1jk1/Documents/eli/yay/src/gopath/pkg/mod/golang.org/x/net@v0.48.0/internal/socket/defs_linux.go
0.6132601161749,0,0,0,0,0,0,0.0,1,/home/mr1jk1/Documents/eli/yay/src/gopath/pkg/mod/golang.org/x/net@v0.48.0/internal/socket/defs_netbsd.go
0.6145964691655588,0,0,0,0,0,0,0.0,1,/home/mr1jk1/Documents/eli/yay/src/gopath/pkg/mod/golang.org/x/net@v0.48.0/internal/socket/defs_openbsd.go
0.6145964691655588,0,0,0,0,0,0,0.0,1,/home/mr1jk1/Documents/eli/yay/src/gopath/pkg/mod/golang.org/x/net@v0.48.0/internal/socket/defs_solaris.go
0.593453149204062,0,0,0,0,0,0,0.0,1,/home/mr1jk1/Documents/eli/yay/src/gopath/pkg/mod/golang.org/x/net@v0.48.0/internal/socket/empty.s
0.6153063098147283,0,0,0,0,0,0,0.0,1,/home/mr1jk1/Documents/eli/yay/src/gopath/pkg/mod/golang.org/x/net@v0.48.0/internal/socket/error_unix.go
0.6231743029214203,0,0,0,0,0,0,0.0,1,/home/mr1jk1/Documents/eli/yay/src/gopath/pkg/mod/golang.org/x/net@v0.48.0/internal/socket/error_windows.go
0.634582615504735,0,0,0,0,0,0,0.0,1,/home/mr1jk1/Documents/eli/yay/src/gopath/pkg/mod/golang.org/x/net@v0.48.0/internal/socket/iovec_32bit.go
0.6355167369465612,0,0,0,0,0,0,0.0,1,/home/mr1jk1/Documents/eli/yay/src/gopath/pkg/mod/golang.org/x/net@v0.48.0/internal/socket/iovec_64bit.go
0.6373844281052728,0,0,0,0,0,0,0.0,1,/home/mr1jk1/Documents/eli/yay/src/gopath/pkg/mod/golang.org/x/net@v0.48.0/internal/socket/iovec_solaris_64bit.go
0.6107960426263477,0,0,0,0,0,0,0.0,1,/home/mr1jk1/Documents/eli/yay/src/gopath/pkg/mod/golang.org/x/net@v0.48.0/internal/socket/iovec_stub.go
0.6196575912795763,0,0,0,0,0,0,0.0,1,/home/mr1jk1/Documents/eli/yay/src/gopath/pkg/mod/golang.org/x/net@v0.48.0/internal/socket/mmsghdr_stub.go
0.6269164965418911,0,0,0,0,0,0,0.0,1,/home/mr1jk1/Documents/eli/yay/src/gopath/pkg/mod/golang.org/x/net@v0.48.0/internal/socket/mmsghdr_unix.go
0.6406569979495493,0,0,0,0,0,0,0.0,1,/home/mr1jk1/Documents/eli/yay/src/gopath/pkg/mod/golang.org/x/net@v0.48.0/internal/socket/msghdr_bsd.go
0.6291966001510564,0,0,0,0,0,0,0.0,1,/home/mr1jk1/Documents/eli/yay/src/gopath/pkg/mod/golang.org/x/net@v0.48.0/internal/socket/msghdr_bsdvar.go
0.6365141997804042,0,0,0,0,0,0,0.0,1,/home/mr1jk1/Documents/eli/yay/src/gopath/pkg/mod/golang.org/x/net@v0.48.0/internal/socket/msghdr_linux.go
0.6422742828112642,0,0,0,0,0,0,0.0,1,/home/mr1jk1/Documents/eli/yay/src/gopath/pkg/mod/golang.org/x/net@v0.48.0/internal/socket/msghdr_linux_32bit.go
0.645495998421351,0,0,0,0,0,0,0.0,1,/home/mr1jk1/Documents/eli/yay/src/gopath/pkg/mod/golang.org/x/net@v0.48.0/internal/socket/msghdr_linux_64bit.go
0.6251264655156124,0,0,0,0,0,0,0.0,1,/home/mr1jk1/Documents/eli/yay/src/gopath/pkg/mod/golang.org/x/net@v0.48.0/internal/socket/msghdr_openbsd.go
0.6444789637870688,0,0,0,0,0,0,0.0,1,/home/mr1jk1/Documents/eli/yay/src/gopath/pkg/mod/golang.org/x/net@v0.48.0/internal/socket/msghdr_solaris_64bit.go
0.5524406607177962,0,0,0,0,0,0,0.0,1,/home/mr1jk1/Documents/eli/yay/src/gopath/pkg/mod/golang.org/x/net@v0.48.0/internal/socket/msghdr_stub.go
0.6383578168643097,0,0,0,0,0,0,0.0,1,/home/mr1jk1/Documents/eli/yay/src/gopath/pkg/mod/golang.org/x/net@v0.48.0/internal/socket/msghdr_zos_s390x.go
0.612793355988728,0,0,0,0,0,0,0.0,1,/home/mr1jk1/Documents/eli/yay/src/gopath/pkg/mod/golang.org/x/net@v0.48.0/internal/socket/norace.go
0.6303173533098947,0,0,0,0,0,0,0.0,1,/home/mr1jk1/Documents/eli/yay/src/gopath/pkg/mod/golang.org/x/net@v0.48.0/internal/socket/race.go
0.6078533638560121,0,0,0,0,0,0,0.0,1,/home/mr1jk1/Documents/eli/yay/src/gopath/pkg/mod/golang.org/x/net@v0.48.0/internal/socket/rawconn.go
0.6282479696537818,0,0,0,0,0,0,0.0,1,/home/mr1jk1/Documents/eli/yay/src/gopath/pkg/mod/golang.org/x/net@v0.48.0/internal/socket/rawconn_mmsg.go
0.6147400913355049,0,0,0,0,0,0,0.0,1,/home/mr1jk1/Documents/eli/yay/src/gopath/pkg/mod/golang.org/x/net@v0.48.0/internal/socket/rawconn_msg.go
0.6166502133958978,0,0,0,0,0,0,0.0,1,/home/mr1jk1/Documents/eli/yay/src/gopath/pkg/mod/golang.org/x/net@v0.48.0/internal/socket/rawconn_nommsg.go
0.6142378905096393,0,0,0,0,0,0,0.0,1,/home/mr1jk1/Documents/eli/yay/src/gopath/pkg/mod/golang.org/x/net@v0.48.0/internal/socket/rawconn_nomsg.go
0.6289041547344065,0,0,0,0,0,0,0.0,1,/home/mr1jk1/Documents/eli/yay/src/gopath/pkg/mod/golang.org/x/net@v0.48.0/internal/socket/socket.go
0.6612790480097045,0,0,0,0,0,0,0.0,1,/home/mr1jk1/Documents/eli/yay/src/gopath/pkg/mod/golang.org/x/net@v0.48.0/internal/socket/socket_dontwait_test.go
0.6575962330169296,0,0,0,0,0,0,0.0,1,/home/mr1jk1/Documents/eli/yay/src/gopath/pkg/mod/golang.org/x/net@v0.48.0/internal/socket/socket_test.go
0.623790317497574,0,0,0,0,0,0,0.0,1,/home/mr1jk1/Documents/eli/yay/src/gopath/pkg/mod/golang.org/x/net@v0.48.0/internal/socket/sys.go
0.6102926742550838,0,0,0,0,0,0,0.0,1,/home/mr1jk1/Documents/eli/yay/src/gopath/pkg/mod/golang.org/x/net@v0.48.0/internal/socket/sys_bsd.go
0.6517190913688194,0,0,0,0,0,0,0.0,1,/home/mr1jk1/Documents/eli/yay/src/gopath/pkg/mod/golang.org/x/net@v0.48.0/internal/socket/sys_const_unix.go
0.6343168086805349,0,0,0,0,0,0,0.0,1,/home/mr1jk1/Documents/eli/yay/src/gopath/pkg/mod/golang.org/x/net@v0.48.0/internal/socket/sys_linux.go
0.6296535500269289,0,0,0,0,0,0,0.0,1,/home/mr1jk1/Documents/eli/yay/src/gopath/pkg/mod/golang.org/x/net@v0.48.0/internal/socket/sys_linux_386.go
0.6651024322388908,0,0,0,0,0,0,0.0,1,/home/mr1jk1/Documents/eli/yay/src/gopath/pkg/mod/golang.org/x/net@v0.48.0/internal/socket/sys_linux_386.s
0.6269641981729199,0,0,0,0,0,0,0.0,1,/home/mr1jk1/Documents/eli/yay/src/gopath/pkg/mod/golang.org/x/net@v0.48.0/internal/socket/sys_linux_amd64.go
0.6264955836047876,0,0,0,0,0,0,0.0,1,/home/mr1jk1/Documents/eli/yay/src/gopath/pkg/mod/golang.org/x/net@v0.48.0/internal/socket/sys_linux_arm.go
0.6242952590237333,0,0,0,0,0,0,0.0,1,/home/mr1jk1/Documents/eli/yay/src/gopath/pkg/mod/golang.org/x/net@v0.48.0/internal/socket/sys_linux_arm64.go
0.629915359998747,0,0,0,0,0,0,0.0,1,/home/mr1jk1/Documents/eli/yay/src/gopath/pkg/mod/golang.org/x/net@v0.48.0/internal/socket/sys_linux_loong64.go
0.6237065683630225,0,0,0,0,0,0,0.0,1,/home/mr1jk1/Documents/eli/yay/src/gopath/pkg/mod/golang.org/x/net@v0.48.0/internal/socket/sys_linux_mips.go
0.6275405270111167,0,0,0,0,0,0,0.0,1,/home/mr1jk1/Documents/eli/yay/src/gopath/pkg/mod/golang.org/x/net@v0.48.0/internal/socket/sys_linux_mips64.go
0.6275405270111167,0,0,0,0,0,0,0.0,1,/home/mr1jk1/Documents/eli/yay/src/gopath/pkg/mod/golang.org/x/net@v0.48.0/internal/socket/sys_linux_mips64le.go
0.6237065683630225,0,0,0,0,0,0,0.0,1,/home/mr1jk1/Documents/eli/yay/src/gopath/pkg/mod/golang.org/x/net@v0.48.0/internal/socket/sys_linux_mipsle.go
0.6264955836047876,0,0,0,0,0,0,0.0,1,/home/mr1jk1/Documents/eli/yay/src/gopath/pkg/mod/golang.org/x/net@v0.48.0/internal/socket/sys_linux_ppc.go
0.6264955836047876,0,0,0,0,0,0,0.0,1,/home/mr1jk1/Documents/eli/yay/src/gopath/pkg/mod/golang.org/x/net@v0.48.0/internal/socket/sys_linux_ppc64.go
0.6264955836047876,0,0,0,0,0,0,0.0,1,/home/mr1jk1/Documents/eli/yay/src/gopath/pkg/mod/golang.org/x/net@v0.48.0/internal/socket/sys_linux_ppc64le.go
0.6313615327156785,0,0,0,0,0,0,0.0,1,/home/mr1jk1/Documents/eli/yay/src/gopath/pkg/mod/golang.org/x/net@v0.48.0/internal/socket/sys_linux_riscv64.go
0.6296535500269289,0,0,0,0,0,0,0.0,1,/home/mr1jk1/Documents/eli/yay/src/gopath/pkg/mod/golang.org/x/net@v0.48.0/internal/socket/sys_linux_s390x.go
0.6629501763778255,0,0,0,0,0,0,0.0,1,/home/mr1jk1/Documents/eli/yay/src/gopath/pkg/mod/golang.org/x/net@v0.48.0/internal/socket/sys_linux_s390x.s
0.6343065351609539,0,0,0,0,0,0,0.0,1,/home/mr1jk1/Documents/eli/yay/src/gopath/pkg/mod/golang.org/x/net@v0.48.0/internal/socket/sys_netbsd.go
0.6551918267765594,0,0,0,0,0,0,0.0,1,/home/mr1jk1/Documents/eli/yay/src/gopath/pkg/mod/golang.org/x/net@v0.48.0/internal/socket/sys_posix.go
0.627950502524936,0,0,0,0,0,0,0.0,1,/home/mr1jk1/Documents/eli/yay/src/gopath/pkg/mod/golang.org/x/net@v0.48.0/internal/socket/sys_stub.go
0.6408085045413827,0,0,0,0,0,0,0.0,1,/home/mr1jk1/Documents/eli/yay/src/gopath/pkg/mod/golang.org/x/net@v0.48.0/internal/socket/sys_unix.go
0.647045027667041,0,0,0,0,0,0,0.0,1,/home/mr1jk1/Documents/eli/yay/src/gopath/pkg/mod/golang.org/x/net@v0.48.0/internal/socket/sys_windows.go
0.637108126650771,0,0,0,0,0,0,0.0,1,/home/mr1jk1/Documents/eli/yay/src/gopath/pkg/mod/golang.org/x/net@v0.48.0/internal/socket/sys_zos_s390x.go
0.6258881917592495,0,0,0,0,0,0,0.0,1,/home/mr1jk1/Documents/eli/yay/src/gopath/pkg/mod/golang.org/x/net@v0.48.0/internal/socket/sys_zos_s390x.s
0.6145736637518316,0,0,0,0,0,0,0.0,1,/home/mr1jk1/Documents/eli/yay/src/gopath/pkg/mod/golang.org/x/net@v0.48.0/internal/socket/zsys_aix_ppc64.go
0.6186199755042165,0,0,0,0,0,0,0.0,1,/home/mr1jk1/Documents/eli/yay/src/gopath/pkg/mod/golang.org/x/net@v0.48.0/internal/socket/zsys_darwin_amd64.go
0.6186199755042165,0,0,0,0,0,0,0.0,1,/home/mr1jk1/Documents/eli/yay/src/gopath/pkg/mod/golang.org/x/net@v0.48.0/internal/socket/zsys_darwin_arm64.go
0.6177842044929506,0,0,0,0,0,0,0.0,1,/home/mr1jk1/Documents/eli/yay/src/gopath/pkg/mod/golang.org/x/net@v0.48.0/internal/socket/zsys_dragonfly_amd64.go
0.6036570559915704,0,0,0,0,0,0,0.0,1,/home/mr1jk1/Documents/eli/yay/src/gopath/pkg/mod/golang.org/x/net@v0.48.0/internal/socket/zsys_freebsd_386.go
0.6170274495977827,0,0,0,0,0,0,0.0,1,/home/mr1jk1/Documents/eli/yay/src/gopath/pkg/mod/golang.org/x/net@v0.48.0/internal/socket/zsys_freebsd_amd64.go
0.6036570559915704,0,0,0,0,0,0,0.0,1,/home/mr1jk1/Documents/eli/yay/src/gopath/pkg/mod/golang.org/x/net@v0.48.0/internal/socket/zsys_freebsd_arm.go
0.6170274495977827,0,0,0,0,0,0,0.0,1,/home/mr1jk1/Documents/eli/yay/src/gopath/pkg/mod/golang.org/x/net@v0.48.0/internal/socket/zsys_freebsd_arm64.go
0.6063133446757333,0,0,0,0,0,0,0.0,1,/home/mr1jk1/Documents/eli/yay/src/gopath/pkg/mod/golang.org/x/net@v0.48.0/internal/socket/zsys_freebsd_riscv64.go
0.6063801067848896,0,0,0,0,0,0,0.0,1,/home/mr1jk1/Documents/eli/yay/src/gopath/pkg/mod/golang.org/x/net@v0.48.0/internal/socket/zsys_linux_386.go
0.6177286558522159,0,0,0,0,0,0,0.0,1,/home/mr1jk1/Documents/eli/yay/src/gopath/pkg/mod/golang.org/x/net@v0.48.0/internal/socket/zsys_linux_amd64.go
0.6063801067848896,0,0,0,0,0,0,0.0,1,/home/mr1jk1/Documents/eli/yay/src/gopath/pkg/mod/golang.org/x/net@v0.48.0/internal/socket/zsys_linux_arm.go
0.6177286558522159,0,0,0,0,0,0,0.0,1,/home/mr1jk1/Documents/eli/yay/src/gopath/pkg/mod/golang.org/x/net@v0.48.0/internal/socket/zsys_linux_arm64.go
0.6175006961094945,0,0,0,0,0,0,0.0,1,/home/mr1jk1/Documents/eli/yay/src/gopath/pkg/mod/golang.org/x/net@v0.48.0/internal/socket/zsys_linux_loong64.go
0.6063801067848896,0,0,0,0,0,0,0.0,1,/home/mr1jk1/Documents/eli/yay/src/gopath/pkg/mod/golang.org/x/net@v0.48.0/internal/socket/zsys_linux_mips.go
0.6177286558522159,0,0,0,0,0,0,0.0,1,/home/mr1jk1/Documents/eli/yay/src/gopath/pkg/mod/golang.org/x/net@v0.48.0/internal/socket/zsys_linux_mips64.go
0.6177286558522159,0,0,0,0,0,0,0.0,1,/home/mr1jk1/Documents/eli/yay/src/gopath/pkg/mod/golang.org/x/net@v0.48.0/internal/socket/zsys_linux_mips64le.go
0.6063801067848896,0,0,0,0,0,0,0.0,1,/home/mr1jk1/Documents/eli/yay/src/gopath/pkg/mod/golang.org/x/net@v0.48.0/internal/socket/zsys_linux_mipsle.go
0.6063801067848896,0,0,0,0,0,0,0.0,1,/home/mr1jk1/Documents/eli/yay/src/gopath/pkg/mod/golang.org/x/net@v0.48.0/internal/socket/zsys_linux_ppc.go
0.6177286558522159,0,0,0,0,0,0,0.0,1,/home/mr1jk1/Documents/eli/yay/src/gopath/pkg/mod/golang.org/x/net@v0.48.0/internal/socket/zsys_linux_ppc64.go
0.6177286558522159,0,0,0,0,0,0,0.0,1,/home/mr1jk1/Documents/eli/yay/src/gopath/pkg/mod/golang.org/x/net@v0.48.0/internal/socket/zsys_linux_ppc64le.go
0.6179750637646717,0,0,0,0,0,0,0.0,1,/home/mr1jk1/Documents/eli/yay/src/gopath/pkg/mod/golang.org/x/net@v0.48.0/internal/socket/zsys_linux_riscv64.go
0.6177286558522159,0,0,0,0,0,0,0.0,1,/home/mr1jk1/Documents/eli/yay/src/gopath/pkg/mod/golang.org/x/net@v0.48.0/internal/socket/zsys_linux_s390x.go
0.6049370300630253,0,0,0,0,0,0,0.0,1,/home/mr1jk1/Documents/eli/yay/src/gopath/pkg/mod/golang.org/x/net@v0.48.0/internal/socket/zsys_netbsd_386.go
0.6139207988202535,0,0,0,0,0,0,0.0,1,/home/mr1jk1/Documents/eli/yay/src/gopath/pkg/mod/golang.org/x/net@v0.48.0/internal/socket/zsys_netbsd_amd64.go
0.6049370300630253,0,0,0,0,0,0,0.0,1,/home/mr1jk1/Documents/eli/yay/src/gopath/pkg/mod/golang.org/x/net@v0.48.0/internal/socket/zsys_netbsd_arm.go
0.6139207988202535,0,0,0,0,0,0,0.0,1,/home/mr1jk1/Documents/eli/yay/src/gopath/pkg/mod/golang.org/x/net@v0.48.0/internal/socket/zsys_netbsd_arm64.go
0.6039035597067678,0,0,0,0,0,0,0.0,1,/home/mr1jk1/Documents/eli/yay/src/gopath/pkg/mod/golang.org/x/net@v0.48.0/internal/socket/zsys_openbsd_386.go
0.6172447260755569,0,0,0,0,0,0,0.0,1,/home/mr1jk1/Documents/eli/yay/src/gopath/pkg/mod/golang.org/x/net@v0.48.0/internal/socket/zsys_openbsd_amd64.go
0.6039035597067678,0,0,0,0,0,0,0.0,1,/home/mr1jk1/Documents/eli/yay/src/gopath/pkg/mod/golang.org/x/net@v0.48.0/internal/socket/zsys_openbsd_arm.go
0.6172447260755569,0,0,0,0,0,0,0.0,1,/home/mr1jk1/Documents/eli/yay/src/gopath/pkg/mod/golang.org/x/net@v0.48.0/internal/socket/zsys_openbsd_arm64.go
0.6065539385118807,0,0,0,0,0,0,0.0,1,/home/mr1jk1/Documents/eli/yay/src/gopath/pkg/mod/golang.org/x/net@v0.48.0/internal/socket/zsys_openbsd_mips64.go
0.6065539385118807,0,0,0,0,0,0,0.0,1,/home/mr1jk1/Documents/eli/yay/src/gopath/pkg/mod/golang.org/x/net@v0.48.0/internal/socket/zsys_openbsd_ppc64.go
0.6065539385118807,0,0,0,0,0,0,0.0,1,/home/mr1jk1/Documents/eli/yay/src/gopath/pkg/mod/golang.org/x/net@v0.48.0/internal/socket/zsys_openbsd_riscv64.go
0.6153004741300293,0,0,0,0,0,0,0.0,1,/home/mr1jk1/Documents/eli/yay/src/gopath/pkg/mod/golang.org/x/net@v0.48.0/internal/socket/zsys_solaris_amd64.go
0.5933239904845119,0,0,0,0,0,0,0.0,1,/home/mr1jk1/Documents/eli/yay/src/gopath/pkg/mod/golang.org/x/net@v0.48.0/internal/socket/zsys_zos_s390x.go
0.6450924403808682,0,0,0,0,0,0,0.0,1,/home/mr1jk1/Documents/eli/yay/src/gopath/pkg/mod/golang.org/x/net@v0.48.0/internal/socks/client.go
0.6472607932259409,0,0,0,0,0,0,0.0,1,/home/mr1jk1/Documents/eli/yay/src/gopath/pkg/mod/golang.org/x/net@v0.48.0/internal/socks/dial_test.go
0.6262732195711784,0,0,0,0,0,0,0.0,1,/home/mr1jk1/Documents/eli/yay/src/gopath/pkg/mod/golang.org/x/net@v0.48.0/internal/socks/socks.go
0.6444853439879602,0,0,0,0,0,0,0.0,1,/home/mr1jk1/Documents/eli/yay/src/gopath/pkg/mod/golang.org/x/net@v0.48.0/internal/sockstest/server.go
0.6461788034902421,0,0,0,0,0,0,0.0,1,/home/mr1jk1/Documents/eli/yay/src/gopath/pkg/mod/golang.org/x/net@v0.48.0/internal/sockstest/server_test.go
0.7269535754085402,0,0,0,0,0,0,0.0,1,/home/mr1jk1/Documents/eli/yay/src/gopath/pkg/mod/golang.org/x/net@v0.48.0/internal/testcert/testcert.go
0.6175635052869634,0,0,0,0,0,0,0.0,1,/home/mr1jk1/Documents/eli/yay/src/gopath/pkg/mod/golang.org/x/net@v0.48.0/internal/timeseries/timeseries.go
0.6514513072883784,0,0,0,0,0,0,0.0,1,/home/mr1jk1/Documents/eli/yay/src/gopath/pkg/mod/golang.org/x/net@v0.48.0/internal/timeseries/timeseries_test.go
0.647078965828115,0,0,0,0,0,0,0.0,1,/home/mr1jk1/Documents/eli/yay/src/gopath/pkg/mod/golang.org/x/net@v0.48.0/internal/quic/quicwire/wire.go
0.6517203816925723,0,0,0,0,0,0,0.0,1,/home/mr1jk1/Documents/eli/yay/src/gopath/pkg/mod/golang.org/x/net@v0.48.0/internal/quic/quicwire/wire_test.go
0.6755035618440786,0,0,0,0,0,0,0.0,1,/home/mr1jk1/Documents/eli/yay/src/gopath/pkg/mod/golang.org/x/net@v0.48.0/internal/quic/cmd/interop/Dockerfile
0.5592327354998883,0,0,1,0,0,0,0.0,1,/home/mr1jk1/Documents/eli/yay/src/gopath/pkg/mod/golang.org/x/net@v0.48.0/internal/quic/cmd/interop/README.md
0.6458000931890848,0,0,0,0,0,0,0.0,1,/home/mr1jk1/Documents/eli/yay/src/gopath/pkg/mod/golang.org/x/net@v0.48.0/internal/quic/cmd/interop/main.go
0.7080346436790975,0,0,0,0,0,0,0.0,1,/home/mr1jk1/Documents/eli/yay/src/gopath/pkg/mod/golang.org/x/net@v0.48.0/internal/quic/cmd/interop/main_test.go
0.6367098144376079,0,1,0,0,0,0,0.0,1,/home/mr1jk1/Documents/eli/yay/src/gopath/pkg/mod/golang.org/x/net@v0.48.0/internal/quic/cmd/interop/run_endpoint.sh
0.6343046077243584,0,0,0,0,0,0,0.0,1,/home/mr1jk1/Documents/eli/yay/src/gopath/pkg/mod/golang.org/x/net@v0.48.0/http2/h2c/h2c.go
0.6464185814910308,0,0,0,0,0,0,0.0,1,/home/mr1jk1/Documents/eli/yay/src/gopath/pkg/mod/golang.org/x/net@v0.48.0/http2/h2c/h2c_test.go
0.6747973401043621,0,0,1,0,0,0,0.0,1,/home/mr1jk1/Documents/eli/yay/src/gopath/pkg/mod/golang.org/x/net@v0.48.0/http2/h2i/README.md
0.6504801110150572,0,0,0,0,0,0,0.0,1,/home/mr1jk1/Documents/eli/yay/src/gopath/pkg/mod/golang.org/x/net@v0.48.0/http2/h2i/h2i.go
0.6223049123437033,0,0,0,0,0,0,0.0,1,/home/mr1jk1/Documents/eli/yay/src/gopath/pkg/mod/golang.org/x/net@v0.48.0/http2/hpack/encode.go
0.6626565041875856,0,0,0,0,0,0,0.0,1,/home/mr1jk1/Documents/eli/yay/src/gopath/pkg/mod/golang.org/x/net@v0.48.0/http2/hpack/encode_test.go
0.6470266558637376,0,0,0,0,0,0,0.0,1,/home/mr1jk1/Documents/eli/yay/src/gopath/pkg/mod/golang.org/x/net@v0.48.0/http2/hpack/gen.go
0.6301769333675267,0,0,0,0,0,0,0.0,1,/home/mr1jk1/Documents/eli/yay/src/gopath/pkg/mod/golang.org/x/net@v0.48.0/http2/hpack/hpack.go
0.6825491992600254,0,0,0,0,0,0,0.0,1,/home/mr1jk1/Documents/eli/yay/src/gopath/pkg/mod/golang.org/x/net@v0.48.0/http2/hpack/hpack_test.go
0.6393949424166138,0,0,0,0,0,0,0.0,1,/home/mr1jk1/Documents/eli/yay/src/gopath/pkg/mod/golang.org/x/net@v0.48.0/http2/hpack/huffman.go
0.5394852113549049,0,0,0,0,0,0,0.0,1,/home/mr1jk1/Documents/eli/yay/src/gopath/pkg/mod/golang.org/x/net@v0.48.0/http2/hpack/static_table.go
0.6256812812551367,0,0,0,0,0,0,0.0,1,/home/mr1jk1/Documents/eli/yay/src/gopath/pkg/mod/golang.org/x/net@v0.48.0/http2/hpack/tables.go
0.5373370749992425,0,0,0,0,0,0,0.0,1,/home/mr1jk1/Documents/eli/yay/src/gopath/pkg/mod/golang.org/x/net@v0.48.0/http2/hpack/tables_test.go
0.5960289866890514,0,0,0,0,0,0,0.0,1,/home/mr1jk1/Documents/eli/yay/src/gopath/pkg/mod/golang.org/x/net@v0.48.0/http/httpguts/guts.go
0.6409604003735887,0,0,0,0,0,0,0.0,1,/home/mr1jk1/Documents/eli/yay/src/gopath/pkg/mod/golang.org/x/net@v0.48.0/http/httpguts/httplex.go
0.6565736669063275,0,0,0,0,0,0,0.0,1,/home/mr1jk1/Documents/eli/yay/src/gopath/pkg/mod/golang.org/x/net@v0.48.0/http/httpguts/httplex_test.go
0.6264441654686538,0,0,0,0,0,0,0.0,1,/home/mr1jk1/Documents/eli/yay/src/gopath/pkg/mod/golang.org/x/net@v0.48.0/http/httpproxy/export_test.go
0.6180271381173159,0,0,0,0,0,0,0.0,1,/home/mr1jk1/Documents/eli/yay/src/gopath/pkg/mod/golang.org/x/net@v0.48.0/http/httpproxy/go19_test.go
0.6384100858277657,0,0,0,0,0,0,0.0,1,/home/mr1jk1/Documents/eli/yay/src/gopath/pkg/mod/golang.org/x/net@v0.48.0/http/httpproxy/proxy.go
0.6689327730764786,0,0,0,0,0,0,0.0,1,/home/mr1jk1/Documents/eli/yay/src/gopath/pkg/mod/golang.org/x/net@v0.48.0/http/httpproxy/proxy_test.go
0.6198151580825719,0,0,0,0,0,0,0.0,1,/home/mr1jk1/Documents/eli/yay/src/gopath/pkg/mod/golang.org/x/net@v0.48.0/html/atom/atom.go
0.656989018358513,0,0,0,0,0,0,0.0,1,/home/mr1jk1/Documents/eli/yay/src/gopath/pkg/mod/golang.org/x/net@v0.48.0/html/atom/atom_test.go
0.6262213720898432,0,0,0,0,0,0,0.0,1,/home/mr1jk1/Documents/eli/yay/src/gopath/pkg/mod/golang.org/x/net@v0.48.0/html/atom/gen.go
0.5413127908491586,0,0,0,0,0,0,0.0,1,/home/mr1jk1/Documents/eli/yay/src/gopath/pkg/mod/golang.org/x/net@v0.48.0/html/atom/table.go
0.5390709899844501,0,0,0,0,0,0,0.0,1,/home/mr1jk1/Documents/eli/yay/src/gopath/pkg/mod/golang.org/x/net@v0.48.0/html/atom/table_test.go
0.6376286840914219,0,0,0,0,0,0,0.0,1,/home/mr1jk1/Documents/eli/yay/src/gopath/pkg/mod/golang.org/x/net@v0.48.0/html/charset/charset.go
0.730072945404397,0,0,0,0,0,0,0.0,1,/home/mr1jk1/Documents/eli/yay/src/gopath/pkg/mod/golang.org/x/net@v0.48.0/html/charset/charset_test.go
0.6179233103651006,0,0,0,0,0,0,0.0,1,/home/mr1jk1/Documents/eli/yay/src/gopath/pkg/mod/golang.org/x/net@v0.48.0/html/testdata/go1.html
0.47593086471330404,0,0,0,0,0,0,0.0,1,/home/mr1jk1/Documents/eli/yay/src/gopath/pkg/mod/golang.org/x/net@v0.48.0/html/testdata/go/issue_30600_parse_panics_in_cell_mode.dat
0.524887056751135,0,0,0,0,0,0,0.0,1,/home/mr1jk1/Documents/eli/yay/src/gopath/pkg/mod/golang.org/x/net@v0.48.0/html/testdata/go/issue_30961_error_nested_unknown_tag_types.dat
0.5377684144963782,0,0,0,0,0,0,0.0,1,/home/mr1jk1/Documents/eli/yay/src/gopath/pkg/mod/golang.org/x/net@v0.48.0/html/testdata/go/raw_tags_to_be_ignored.dat
0.4843729216879256,0,0,0,0,0,0,0.0,1,/home/mr1jk1/Documents/eli/yay/src/gopath/pkg/mod/golang.org/x/net@v0.48.0/html/testdata/go/select.dat
0.5188234619258041,0,0,0,0,0,0,0.0,1,/home/mr1jk1/Documents/eli/yay/src/gopath/pkg/mod/golang.org/x/net@v0.48.0/html/testdata/go/template.dat
0.6515801515923384,0,0,0,0,0,0,0.0,1,/home/mr1jk1/Documents/eli/yay/src/gopath/pkg/mod/golang.org/x/net@v0.48.0/html/testdata/webkit/README
0.5647869903825988,0,0,0,0,0,0,0.0,1,/home/mr1jk1/Documents/eli/yay/src/gopath/pkg/mod/golang.org/x/net@v0.48.0/html/testdata/webkit/adoption01.dat
0.5747140596932923,0,0,0,0,0,0,0.0,1,/home/mr1jk1/Documents/eli/yay/src/gopath/pkg/mod/golang.org/x/net@v0.48.0/html/testdata/webkit/adoption02.dat
0.5904797264296715,0,0,0,0,0,0,0.0,1,/home/mr1jk1/Documents/eli/yay/src/gopath/pkg/mod/golang.org/x/net@v0.48.0/html/testdata/webkit/blocks.dat
0.6274384205248102,0,0,0,0,0,0,0.0,1,/home/mr1jk1/Documents/eli/yay/src/gopath/pkg/mod/golang.org/x/net@v0.48.0/html/testdata/webkit/comments01.dat
0.6745709407101284,0,0,0,0,0,0,0.0,1,/home/mr1jk1/Documents/eli/yay/src/gopath/pkg/mod/golang.org/x/net@v0.48.0/html/testdata/webkit/doctype01.dat
0.6197515873070599,0,0,0,0,0,0,0.0,1,/home/mr1jk1/Documents/eli/yay/src/gopath/pkg/mod/golang.org/x/net@v0.48.0/html/testdata/webkit/domjs-unsafe.dat
0.623217113597959,0,0,0,0,0,0,0.0,1,/home/mr1jk1/Documents/eli/yay/src/gopath/pkg/mod/golang.org/x/net@v0.48.0/html/testdata/webkit/entities01.dat
0.6268166880564027,0,0,0,0,0,0,0.0,1,/home/mr1jk1/Documents/eli/yay/src/gopath/pkg/mod/golang.org/x/net@v0.48.0/html/testdata/webkit/entities02.dat
0.6185693119507735,0,0,0,0,0,0,0.0,1,/home/mr1jk1/Documents/eli/yay/src/gopath/pkg/mod/golang.org/x/net@v0.48.0/html/testdata/webkit/foreign-fragment.dat
0.6202860615317723,0,0,0,0,0,0,0.0,1,/home/mr1jk1/Documents/eli/yay/src/gopath/pkg/mod/golang.org/x/net@v0.48.0/html/testdata/webkit/html5test-com.dat
0.5866357034680632,0,0,0,0,0,0,0.0,1,/home/mr1jk1/Documents/eli/yay/src/gopath/pkg/mod/golang.org/x/net@v0.48.0/html/testdata/webkit/inbody01.dat
0.606604257204744,0,0,0,0,0,0,0.0,1,/home/mr1jk1/Documents/eli/yay/src/gopath/pkg/mod/golang.org/x/net@v0.48.0/html/testdata/webkit/isindex.dat
0.5804832280577201,0,0,0,0,0,0,0.0,1,/home/mr1jk1/Documents/eli/yay/src/gopath/pkg/mod/golang.org/x/net@v0.48.0/html/testdata/webkit/main-element.dat
0.5205423608177127,0,0,0,0,0,0,0.0,1,/home/mr1jk1/Documents/eli/yay/src/gopath/pkg/mod/golang.org/x/net@v0.48.0/html/testdata/webkit/math.dat
0.6083725876202605,0,0,0,0,0,0,0.0,1,/home/mr1jk1/Documents/eli/yay/src/gopath/pkg/mod/golang.org/x/net@v0.48.0/html/testdata/webkit/menuitem-element.dat
0.46927390003755143,0,0,0,0,0,0,0.0,1,/home/mr1jk1/Documents/eli/yay/src/gopath/pkg/mod/golang.org/x/net@v0.48.0/html/testdata/webkit/namespace-sensitivity.dat
0.6105793345476123,0,0,0,0,0,0,0.0,1,/home/mr1jk1/Documents/eli/yay/src/gopath/pkg/mod/golang.org/x/net@v0.48.0/html/testdata/webkit/noscript01.dat
0.5914160600972614,0,0,0,0,0,0,0.0,1,/home/mr1jk1/Documents/eli/yay/src/gopath/pkg/mod/golang.org/x/net@v0.48.0/html/testdata/webkit/pending-spec-changes-plain-text-unsafe.dat
0.5905864366084507,0,0,0,0,0,0,0.0,1,/home/mr1jk1/Documents/eli/yay/src/gopath/pkg/mod/golang.org/x/net@v0.48.0/html/testdata/webkit/pending-spec-changes.dat
0.632190313418766,0,0,0,0,0,0,0.0,1,/home/mr1jk1/Documents/eli/yay/src/gopath/pkg/mod/golang.org/x/net@v0.48.0/html/testdata/webkit/plain-text-unsafe.dat
0.5436212660960348,0,0,0,0,0,0,0.0,1,/home/mr1jk1/Documents/eli/yay/src/gopath/pkg/mod/golang.org/x/net@v0.48.0/html/testdata/webkit/ruby.dat
0.6240797798510356,0,0,0,0,0,0,0.0,1,/home/mr1jk1/Documents/eli/yay/src/gopath/pkg/mod/golang.org/x/net@v0.48.0/html/testdata/webkit/scriptdata01.dat
0.5461895646501772,0,0,0,0,0,0,0.0,1,/home/mr1jk1/Documents/eli/yay/src/gopath/pkg/mod/golang.org/x/net@v0.48.0/html/testdata/webkit/svg.dat
0.5892570470581325,0,0,0,0,0,0,0.0,1,/home/mr1jk1/Documents/eli/yay/src/gopath/pkg/mod/golang.org/x/net@v0.48.0/html/testdata/webkit/tables01.dat
0.5340517379992626,0,0,0,0,0,0,0.0,1,/home/mr1jk1/Documents/eli/yay/src/gopath/pkg/mod/golang.org/x/net@v0.48.0/html/testdata/webkit/template.dat
0.603524287382497,0,0,0,0,0,0,0.0,1,/home/mr1jk1/Documents/eli/yay/src/gopath/pkg/mod/golang.org/x/net@v0.48.0/html/testdata/webkit/tests1.dat
0.6011125229098313,0,0,0,0,0,0,0.0,1,/home/mr1jk1/Documents/eli/yay/src/gopath/pkg/mod/golang.org/x/net@v0.48.0/html/testdata/webkit/tests10.dat
0.6157389293964189,0,0,0,0,0,0,0.0,1,/home/mr1jk1/Documents/eli/yay/src/gopath/pkg/mod/golang.org/x/net@v0.48.0/html/testdata/webkit/tests11.dat
0.4841362935224574,0,0,0,0,0,0,0.0,1,/home/mr1jk1/Documents/eli/yay/src/gopath/pkg/mod/golang.org/x/net@v0.48.0/html/testdata/webkit/tests12.dat
0.6345600451196141,0,0,0,0,0,0,0.0,1,/home/mr1jk1/Documents/eli/yay/src/gopath/pkg/mod/golang.org/x/net@v0.48.0/html/testdata/webkit/tests14.dat
0.6012670797351631,0,0,0,0,0,0,0.0,1,/home/mr1jk1/Documents/eli/yay/src/gopath/pkg/mod/golang.org/x/net@v0.48.0/html/testdata/webkit/tests15.dat
0.6197598175958067,0,0,0,0,0,0,0.0,1,/home/mr1jk1/Documents/eli/yay/src/gopath/pkg/mod/golang.org/x/net@v0.48.0/html/testdata/webkit/tests16.dat
0.594316431963434,0,0,0,0,0,0,0.0,1,/home/mr1jk1/Documents/eli/yay/src/gopath/pkg/mod/golang.org/x/net@v0.48.0/html/testdata/webkit/tests17.dat
0.6120504813611766,0,0,0,0,0,0,0.0,1,/home/mr1jk1/Documents/eli/yay/src/gopath/pkg/mod/golang.org/x/net@v0.48.0/html/testdata/webkit/tests18.dat
0.6075517598825266,0,0,0,0,0,0,0.0,1,/home/mr1jk1/Documents/eli/yay/src/gopath/pkg/mod/golang.org/x/net@v0.48.0/html/testdata/webkit/tests19.dat
0.6305058695194113,0,0,0,0,0,0,0.0,1,/home/mr1jk1/Documents/eli/yay/src/gopath/pkg/mod/golang.org/x/net@v0.48.0/html/testdata/webkit/tests2.dat
0.6045481445900387,0,0,0,0,0,0,0.0,1,/home/mr1jk1/Documents/eli/yay/src/gopath/pkg/mod/golang.org/x/net@v0.48.0/html/testdata/webkit/tests20.dat
0.6278126396132115,0,0,0,0,0,0,0.0,1,/home/mr1jk1/Documents/eli/yay/src/gopath/pkg/mod/golang.org/x/net@v0.48.0/html/testdata/webkit/tests21.dat
0.4823191293622341,0,0,0,0,0,0,0.0,1,/home/mr1jk1/Documents/eli/yay/src/gopath/pkg/mod/golang.org/x/net@v0.48.0/html/testdata/webkit/tests22.dat
0.48331069989909925,0,0,0,0,0,0,0.0,1,/home/mr1jk1/Documents/eli/yay/src/gopath/pkg/mod/golang.org/x/net@v0.48.0/html/testdata/webkit/tests23.dat
0.6263619355767432,0,0,0,0,0,0,0.0,1,/home/mr1jk1/Documents/eli/yay/src/gopath/pkg/mod/golang.org/x/net@v0.48.0/html/testdata/webkit/tests24.dat
0.6079849795333908,0,0,0,0,0,0,0.0,1,/home/mr1jk1/Documents/eli/yay/src/gopath/pkg/mod/golang.org/x/net@v0.48.0/html/testdata/webkit/tests25.dat
0.597365988503545,0,0,0,0,0,0,0.0,1,/home/mr1jk1/Documents/eli/yay/src/gopath/pkg/mod/golang.org/x/net@v0.48.0/html/testdata/webkit/tests26.dat
0.6119621172052636,0,0,0,0,0,0,0.0,1,/home/mr1jk1/Documents/eli/yay/src/gopath/pkg/mod/golang.org/x/net@v0.48.0/html/testdata/webkit/tests3.dat
0.5854765496047739,0,0,0,0,0,0,0.0,1,/home/mr1jk1/Documents/eli/yay/src/gopath/pkg/mod/golang.org/x/net@v0.48.0/html/testdata/webkit/tests4.dat
0.5829983831054483,0,0,0,0,0,0,0.0,1,/home/mr1jk1/Documents/eli/yay/src/gopath/pkg/mod/golang.org/x/net@v0.48.0/html/testdata/webkit/tests5.dat
0.6148183312461027,0,0,0,0,0,0,0.0,1,/home/mr1jk1/Documents/eli/yay/src/gopath/pkg/mod/golang.org/x/net@v0.48.0/html/testdata/webkit/tests6.dat
0.6027565142680135,0,0,0,0,0,0,0.0,1,/home/mr1jk1/Documents/eli/yay/src/gopath/pkg/mod/golang.org/x/net@v0.48.0/html/testdata/webkit/tests7.dat
0.60210473770504,0,0,0,0,0,0,0.0,1,/home/mr1jk1/Documents/eli/yay/src/gopath/pkg/mod/golang.org/x/net@v0.48.0/html/testdata/webkit/tests8.dat
0.6086802061386499,0,0,0,0,0,0,0.0,1,/home/mr1jk1/Documents/eli/yay/src/gopath/pkg/mod/golang.org/x/net@v0.48.0/html/testdata/webkit/tests9.dat
0.5987554733136511,0,0,0,0,0,0,0.0,1,/home/mr1jk1/Documents/eli/yay/src/gopath/pkg/mod/golang.org/x/net@v0.48.0/html/testdata/webkit/tests_innerHTML_1.dat
0.595273330345198,0,0,0,0,0,0,0.0,1,/home/mr1jk1/Documents/eli/yay/src/gopath/pkg/mod/golang.org/x/net@v0.48.0/html/testdata/webkit/tricky01.dat
0.6068080542156705,0,0,0,0,0,0,0.0,1,/home/mr1jk1/Documents/eli/yay/src/gopath/pkg/mod/golang.org/x/net@v0.48.0/html/testdata/webkit/webkit01.dat
0.5610760004261344,0,0,0,0,0,0,0.0,1,/home/mr1jk1/Documents/eli/yay/src/gopath/pkg/mod/golang.org/x/net@v0.48.0/html/testdata/webkit/webkit02.dat
0.5582552712606704,0,0,0,0,0,0,0.0,1,/home/mr1jk1/Documents/eli/yay/src/gopath/pkg/mod/golang.org/x/net@v0.48.0/html/testdata/webkit/scripted/adoption01.dat
0.5187947535046283,0,0,0,0,0,0,0.0,1,/home/mr1jk1/Documents/eli/yay/src/gopath/pkg/mod/golang.org/x/net@v0.48.0/html/testdata/webkit/scripted/ark.dat
0.5774333376001134,0,0,0,0,0,0,0.0,1,/home/mr1jk1/Documents/eli/yay/src/gopath/pkg/mod/golang.org/x/net@v0.48.0/html/testdata/webkit/scripted/webkit01.dat
0.645731116084284,0,0,0,0,0,0,0.0,1,/home/mr1jk1/Documents/eli/yay/src/gopath/pkg/mod/golang.org/x/net@v0.48.0/html/charset/testdata/HTTP-charset.html
0.6458142828229912,0,0,0,0,0,0,0.0,1,/home/mr1jk1/Documents/eli/yay/src/gopath/pkg/mod/golang.org/x/net@v0.48.0/html/charset/testdata/HTTP-vs-UTF-8-BOM.html
0.6418841411800056,0,0,0,0,0,0,0.0,1,/home/mr1jk1/Documents/eli/yay/src/gopath/pkg/mod/golang.org/x/net@v0.48.0/html/charset/testdata/HTTP-vs-meta-charset.html
0.6415500157819167,0,0,0,0,0,0,0.0,1,/home/mr1jk1/Documents/eli/yay/src/gopath/pkg/mod/golang.org/x/net@v0.48.0/html/charset/testdata/HTTP-vs-meta-content.html
0.6453064537586637,0,0,0,0,0,0,0.0,1,/home/mr1jk1/Documents/eli/yay/src/gopath/pkg/mod/golang.org/x/net@v0.48.0/html/charset/testdata/No-encoding-declaration.html
0.606859301382127,0,0,0,0,0,0,0.0,1,/home/mr1jk1/Documents/eli/yay/src/gopath/pkg/mod/golang.org/x/net@v0.48.0/html/charset/testdata/README
0.45477486092451375,0,0,0,0,0,0,0.0,1,/home/mr1jk1/Documents/eli/yay/src/gopath/pkg/mod/golang.org/x/net@v0.48.0/html/charset/testdata/UTF-16BE-BOM.html
0.45434736323883357,0,0,0,0,0,0,0.0,1,/home/mr1jk1/Documents/eli/yay/src/gopath/pkg/mod/golang.org/x/net@v0.48.0/html/charset/testdata/UTF-16LE-BOM.html
0.6435234560204043,0,0,0,0,0,0,0.0,1,/home/mr1jk1/Documents/eli/yay/src/gopath/pkg/mod/golang.org/x/net@v0.48.0/html/charset/testdata/UTF-8-BOM-vs-meta-charset.html
0.6425629694330305,0,0,0,0,0,0,0.0,1,/home/mr1jk1/Documents/eli/yay/src/gopath/pkg/mod/golang.org/x/net@v0.48.0/html/charset/testdata/UTF-8-BOM-vs-meta-content.html
0.640893194263376,0,0,0,0,0,0,0.0,1,/home/mr1jk1/Documents/eli/yay/src/gopath/pkg/mod/golang.org/x/net@v0.48.0/html/charset/testdata/meta-charset-attribute.html
0.6405533427514688,0,0,0,0,0,0,0.0,1,/home/mr1jk1/Documents/eli/yay/src/gopath/pkg/mod/golang.org/x/net@v0.48.0/html/charset/testdata/meta-content-attribute.html
0.6358017814524445,0,0,0,0,0,0,0.0,1,/home/mr1jk1/Documents/eli/yay/src/gopath/pkg/mod/golang.org/x/net@v0.48.0/dns/dnsmessage/example_test.go
0.6424810303981914,0,0,0,0,0,0,0.0,1,/home/mr1jk1/Documents/eli/yay/src/gopath/pkg/mod/golang.org/x/net@v0.48.0/dns/dnsmessage/message.go
0.6616304115184404,0,0,0,0,0,0,0.0,1,/home/mr1jk1/Documents/eli/yay/src/gopath/pkg/mod/golang.org/x/net@v0.48.0/dns/dnsmessage/message_test.go
0.6494087412610638,0,0,0,0,0,0,0.0,1,/home/mr1jk1/Documents/eli/yay/src/gopath/pkg/mod/golang.org/x/net@v0.48.0/dns/dnsmessage/svcb.go
0.6672186144089309,0,0,0,0,0,0,0.0,1,/home/mr1jk1/Documents/eli/yay/src/gopath/pkg/mod/golang.org/x/net@v0.48.0/dns/dnsmessage/svcb_test.go
0.6152721851295434,0,0,0,0,0,0,0.0,1,/home/mr1jk1/Documents/eli/yay/src/gopath/pkg/mod/golang.org/x/net@v0.48.0/context/ctxhttp/ctxhttp.go
0.6377966482705395,0,0,0,0,0,0,0.0,1,/home/mr1jk1/Documents/eli/yay/src/gopath/pkg/mod/golang.org/x/net@v0.48.0/context/ctxhttp/ctxhttp_test.go
0.37655016472778235,0,0,0,0,0,0,0.0,1,/home/mr1jk1/Documents/eli/yay/src/gopath/pkg/mod/golang.org/x/net@v0.48.0/bpf/testdata/all_instructions.bpf
0.604060202542538,0,0,1,0,0,0,0.0,1,/home/mr1jk1/Documents/eli/yay/src/gopath/pkg/mod/golang.org/x/net@v0.48.0/bpf/testdata/all_instructions.txt
0.6156904211258032,0,0,0,0,0,0,0.0,1,/home/mr1jk1/Documents/eli/yay/src/gopath/pkg/mod/github.com/ohler55/ojg@v1.27.0/.coveralls.yml
0.5934863430025368,0,0,0,0,0,0,0.0,1,/home/mr1jk1/Documents/eli/yay/src/gopath/pkg/mod/github.com/ohler55/ojg@v1.27.0/.gitignore
0.5076991593478113,0,0,0,0,0,0,0.0,1,/home/mr1jk1/Documents/eli/yay/src/gopath/pkg/mod/github.com/ohler55/ojg@v1.27.0/.golangci.yml
0.6263513172079533,0,0,1,0,0,0,0.0,1,/home/mr1jk1/Documents/eli/yay/src/gopath/pkg/mod/github.com/ohler55/ojg@v1.27.0/CHANGELOG.md
0.6362384325895356,0,0,0,0,0,0,0.0,1,/home/mr1jk1/Documents/eli/yay/src/gopath/pkg/mod/github.com/ohler55/ojg@v1.27.0/LICENSE
0.6261416251376881,0,0,0,0,0,0,0.0,1,/home/mr1jk1/Documents/eli/yay/src/gopath/pkg/mod/github.com/ohler55/ojg@v1.27.0/Makefile
0.6449936718288585,0,0,1,0,0,0,0.0,1,/home/mr1jk1/Documents/eli/yay/src/gopath/pkg/mod/github.com/ohler55/ojg@v1.27.0/README.md
0.5308212910034233,0,0,1,0,0,0,0.0,1,/home/mr1jk1/Documents/eli/yay/src/gopath/pkg/mod/github.com/ohler55/ojg@v1.27.0/benchmarks.md
0.6261813783039264,0,0,0,0,0,0,0.0,1,/home/mr1jk1/Documents/eli/yay/src/gopath/pkg/mod/github.com/ohler55/ojg@v1.27.0/converter.go
0.6726268641759492,0,0,0,0,0,0,0.0,1,/home/mr1jk1/Documents/eli/yay/src/gopath/pkg/mod/github.com/ohler55/ojg@v1.27.0/converter_test.go
0.5755726201030781,0,0,1,0,0,0,0.0,1,/home/mr1jk1/Documents/eli/yay/src/gopath/pkg/mod/github.com/ohler55/ojg@v1.27.0/design.md
0.6081866808083881,0,0,1,0,0,0,0.0,1,/home/mr1jk1/Documents/eli/yay/src/gopath/pkg/mod/github.com/ohler55/ojg@v1.27.0/discover.md
0.5843123120154583,0,0,0,0,0,0,0.0,1,/home/mr1jk1/Documents/eli/yay/src/gopath/pkg/mod/github.com/ohler55/ojg@v1.27.0/doc.go
0.5993414825324329,0,0,0,0,0,0,0.0,1,/home/mr1jk1/Documents/eli/yay/src/gopath/pkg/mod/github.com/ohler55/ojg@v1.27.0/error.go
0.6119414299866421,0,0,0,0,0,0,0.0,1,/home/mr1jk1/Documents/eli/yay/src/gopath/pkg/mod/github.com/ohler55/ojg@v1.27.0/error_test.go
0.6170029692556849,0,1,0,0,0,0,0.0,1,/home/mr1jk1/Documents/eli/yay/src/gopath/pkg/mod/github.com/ohler55/ojg@v1.27.0/gen-coverage-badge.sh
0.5288822790284101,0,0,0,0,0,0,0.0,1,/home/mr1jk1/Documents/eli/yay/src/gopath/pkg/mod/github.com/ohler55/ojg@v1.27.0/go.mod
0.0,0,0,0,0,0,0,0.0,1,/home/mr1jk1/Documents/eli/yay/src/gopath/pkg/mod/github.com/ohler55/ojg@v1.27.0/go.sum
0.5302695514723241,0,0,0,0,0,0,0.0,1,/home/mr1jk1/Documents/eli/yay/src/gopath/pkg/mod/github.com/ohler55/ojg@v1.27.0/go.yml
0.5679826041759274,0,0,0,0,0,0,0.0,1,/home/mr1jk1/Documents/eli/yay/src/gopath/pkg/mod/github.com/ohler55/ojg@v1.27.0/notes
0.601869876752466,0,0,0,0,0,0,0.0,1,/home/mr1jk1/Documents/eli/yay/src/gopath/pkg/mod/github.com/ohler55/ojg@v1.27.0/numconvmethod.go
0.6447322452049102,0,0,0,0,0,0,0.0,1,/home/mr1jk1/Documents/eli/yay/src/gopath/pkg/mod/github.com/ohler55/ojg@v1.27.0/options.go
0.6875620672830866,0,0,0,0,0,0,0.0,1,/home/mr1jk1/Documents/eli/yay/src/gopath/pkg/mod/github.com/ohler55/ojg@v1.27.0/options_test.go
0.6101609166893192,0,0,1,0,0,0,0.0,1,/home/mr1jk1/Documents/eli/yay/src/gopath/pkg/mod/github.com/ohler55/ojg@v1.27.0/sen.md
0.6343659556713708,0,0,0,0,0,0,0.0,1,/home/mr1jk1/Documents/eli/yay/src/gopath/pkg/mod/github.com/ohler55/ojg@v1.27.0/string.go
0.6473425614272543,0,0,0,0,0,0,0.0,1,/home/mr1jk1/Documents/eli/yay/src/gopath/pkg/mod/github.com/ohler55/ojg@v1.27.0/string_test.go
0.49346284740251123,0,0,0,0,0,0,0.0,1,/home/mr1jk1/Documents/eli/yay/src/gopath/pkg/mod/github.com/ohler55/ojg@v1.27.0/.github/FUNDING.yml
0.572337651608452,0,0,0,0,0,0,0.0,1,/home/mr1jk1/Documents/eli/yay/src/gopath/pkg/mod/github.com/ohler55/ojg@v1.27.0/alt/Makefile
0.6163777440844631,0,0,0,0,0,0,0.0,1,/home/mr1jk1/Documents/eli/yay/src/gopath/pkg/mod/github.com/ohler55/ojg@v1.27.0/alt/alt.go
0.5555121897506105,0,0,0,0,0,0,0.0,1,/home/mr1jk1/Documents/eli/yay/src/gopath/pkg/mod/github.com/ohler55/ojg@v1.27.0/alt/attrsetter.go
0.6039026967113102,0,0,0,0,0,0,0.0,1,/home/mr1jk1/Documents/eli/yay/src/gopath/pkg/mod/github.com/ohler55/ojg@v1.27.0/alt/bool.go
0.6230893808841351,0,0,0,0,0,0,0.0,1,/home/mr1jk1/Documents/eli/yay/src/gopath/pkg/mod/github.com/ohler55/ojg@v1.27.0/alt/bool_test.go
0.6229303814232977,0,0,0,0,0,0,0.0,1,/home/mr1jk1/Documents/eli/yay/src/gopath/pkg/mod/github.com/ohler55/ojg@v1.27.0/alt/builder.go
0.6409490908413221,0,0,0,0,0,0,0.0,1,/home/mr1jk1/Documents/eli/yay/src/gopath/pkg/mod/github.com/ohler55/ojg@v1.27.0/alt/builder_test.go
0.6118364004984129,0,0,0,0,0,0,0.0,1,/home/mr1jk1/Documents/eli/yay/src/gopath/pkg/mod/github.com/ohler55/ojg@v1.27.0/alt/composer.go
0.6354484734915158,0,0,0,0,0,0,0.0,1,/home/mr1jk1/Documents/eli/yay/src/gopath/pkg/mod/github.com/ohler55/ojg@v1.27.0/alt/decompose.go
0.664034912936657,0,0,0,0,0,0,0.0,1,/home/mr1jk1/Documents/eli/yay/src/gopath/pkg/mod/github.com/ohler55/ojg@v1.27.0/alt/decompose_test.go
0.6212613043034614,0,0,0,0,0,0,0.0,1,/home/mr1jk1/Documents/eli/yay/src/gopath/pkg/mod/github.com/ohler55/ojg@v1.27.0/alt/diff.go
0.651004271165601,0,0,0,0,0,0,0.0,1,/home/mr1jk1/Documents/eli/yay/src/gopath/pkg/mod/github.com/ohler55/ojg@v1.27.0/alt/diff_test.go
0.6080675622031486,0,0,0,0,0,0,0.0,1,/home/mr1jk1/Documents/eli/yay/src/gopath/pkg/mod/github.com/ohler55/ojg@v1.27.0/alt/doc.go
0.6530885803102245,0,0,0,0,0,0,0.0,1,/home/mr1jk1/Documents/eli/yay/src/gopath/pkg/mod/github.com/ohler55/ojg@v1.27.0/alt/example_conv_test.go
0.649775758132639,0,0,0,0,0,0,0.0,1,/home/mr1jk1/Documents/eli/yay/src/gopath/pkg/mod/github.com/ohler55/ojg@v1.27.0/alt/example_diff_test.go
0.6380131465712253,0,0,0,0,0,0,0.0,1,/home/mr1jk1/Documents/eli/yay/src/gopath/pkg/mod/github.com/ohler55/ojg@v1.27.0/alt/example_generic_test.go
0.6348056717539271,0,0,0,0,0,0,0.0,1,/home/mr1jk1/Documents/eli/yay/src/gopath/pkg/mod/github.com/ohler55/ojg@v1.27.0/alt/example_recompose_test.go
0.6198418724974463,0,0,0,0,0,0,0.0,1,/home/mr1jk1/Documents/eli/yay/src/gopath/pkg/mod/github.com/ohler55/ojg@v1.27.0/alt/example_setter_test.go
0.6333397068929032,0,0,0,0,0,0,0.0,1,/home/mr1jk1/Documents/eli/yay/src/gopath/pkg/mod/github.com/ohler55/ojg@v1.27.0/alt/example_simplifier_test.go
0.6514864223902233,0,0,0,0,0,0,0.0,1,/home/mr1jk1/Documents/eli/yay/src/gopath/pkg/mod/github.com/ohler55/ojg@v1.27.0/alt/examples_test.go
0.6104939710477615,0,0,0,0,0,0,0.0,1,/home/mr1jk1/Documents/eli/yay/src/gopath/pkg/mod/github.com/ohler55/ojg@v1.27.0/alt/fbool.go
0.6255010985340738,0,0,0,0,0,0,0.0,1,/home/mr1jk1/Documents/eli/yay/src/gopath/pkg/mod/github.com/ohler55/ojg@v1.27.0/alt/ffloat32.go
0.6245063556499326,0,0,0,0,0,0,0.0,1,/home/mr1jk1/Documents/eli/yay/src/gopath/pkg/mod/github.com/ohler55/ojg@v1.27.0/alt/ffloat64.go
0.6205425522728437,0,0,0,0,0,0,0.0,1,/home/mr1jk1/Documents/eli/yay/src/gopath/pkg/mod/github.com/ohler55/ojg@v1.27.0/alt/filter.go
0.6411207416437199,0,0,0,0,0,0,0.0,1,/home/mr1jk1/Documents/eli/yay/src/gopath/pkg/mod/github.com/ohler55/ojg@v1.27.0/alt/filter_test.go
0.630972475947498,0,0,0,0,0,0,0.0,1,/home/mr1jk1/Documents/eli/yay/src/gopath/pkg/mod/github.com/ohler55/ojg@v1.27.0/alt/finfo.go
0.6161255146369857,0,0,0,0,0,0,0.0,1,/home/mr1jk1/Documents/eli/yay/src/gopath/pkg/mod/github.com/ohler55/ojg@v1.27.0/alt/fint.go
0.6226566698569228,0,0,0,0,0,0,0.0,1,/home/mr1jk1/Documents/eli/yay/src/gopath/pkg/mod/github.com/ohler55/ojg@v1.27.0/alt/fint16.go
0.6239185669376592,0,0,0,0,0,0,0.0,1,/home/mr1jk1/Documents/eli/yay/src/gopath/pkg/mod/github.com/ohler55/ojg@v1.27.0/alt/fint32.go
0.6231147189471231,0,0,0,0,0,0,0.0,1,/home/mr1jk1/Documents/eli/yay/src/gopath/pkg/mod/github.com/ohler55/ojg@v1.27.0/alt/fint64.go
0.6199880089093011,0,0,0,0,0,0,0.0,1,/home/mr1jk1/Documents/eli/yay/src/gopath/pkg/mod/github.com/ohler55/ojg@v1.27.0/alt/fint8.go
0.6043514226049621,0,0,0,0,0,0,0.0,1,/home/mr1jk1/Documents/eli/yay/src/gopath/pkg/mod/github.com/ohler55/ojg@v1.27.0/alt/float.go
0.6345239292983299,0,0,0,0,0,0,0.0,1,/home/mr1jk1/Documents/eli/yay/src/gopath/pkg/mod/github.com/ohler55/ojg@v1.27.0/alt/float_test.go
0.6160415472870207,0,0,0,0,0,0,0.0,1,/home/mr1jk1/Documents/eli/yay/src/gopath/pkg/mod/github.com/ohler55/ojg@v1.27.0/alt/fuint.go
0.6225351578529097,0,0,0,0,0,0,0.0,1,/home/mr1jk1/Documents/eli/yay/src/gopath/pkg/mod/github.com/ohler55/ojg@v1.27.0/alt/fuint16.go
0.6237759096312122,0,0,0,0,0,0,0.0,1,/home/mr1jk1/Documents/eli/yay/src/gopath/pkg/mod/github.com/ohler55/ojg@v1.27.0/alt/fuint32.go
0.623039545963449,0,0,0,0,0,0,0.0,1,/home/mr1jk1/Documents/eli/yay/src/gopath/pkg/mod/github.com/ohler55/ojg@v1.27.0/alt/fuint64.go
0.6198751414217598,0,0,0,0,0,0,0.0,1,/home/mr1jk1/Documents/eli/yay/src/gopath/pkg/mod/github.com/ohler55/ojg@v1.27.0/alt/fuint8.go
0.628084993231257,0,0,0,0,0,0,0.0,1,/home/mr1jk1/Documents/eli/yay/src/gopath/pkg/mod/github.com/ohler55/ojg@v1.27.0/alt/generifier.go
0.6551679371527396,0,0,0,0,0,0,0.0,1,/home/mr1jk1/Documents/eli/yay/src/gopath/pkg/mod/github.com/ohler55/ojg@v1.27.0/alt/generify_test.go
0.6038567335509114,0,0,0,0,0,0,0.0,1,/home/mr1jk1/Documents/eli/yay/src/gopath/pkg/mod/github.com/ohler55/ojg@v1.27.0/alt/int.go
0.6313787788300661,0,0,0,0,0,0,0.0,1,/home/mr1jk1/Documents/eli/yay/src/gopath/pkg/mod/github.com/ohler55/ojg@v1.27.0/alt/int_test.go
0.6392592054976602,0,0,0,0,0,0,0.0,1,/home/mr1jk1/Documents/eli/yay/src/gopath/pkg/mod/github.com/ohler55/ojg@v1.27.0/alt/match_test.go
0.6308757293385168,0,0,0,0,0,0,0.0,1,/home/mr1jk1/Documents/eli/yay/src/gopath/pkg/mod/github.com/ohler55/ojg@v1.27.0/alt/recomposer.go
0.6570684472859013,0,0,0,0,0,0,0.0,1,/home/mr1jk1/Documents/eli/yay/src/gopath/pkg/mod/github.com/ohler55/ojg@v1.27.0/alt/recomposer_test.go
0.5950305227111812,0,0,0,0,0,0,0.0,1,/home/mr1jk1/Documents/eli/yay/src/gopath/pkg/mod/github.com/ohler55/ojg@v1.27.0/alt/simplifier.go
0.6363554590301664,0,0,0,0,0,0,0.0,1,/home/mr1jk1/Documents/eli/yay/src/gopath/pkg/mod/github.com/ohler55/ojg@v1.27.0/alt/sinfo.go
0.6110394889908813,0,0,0,0,0,0,0.0,1,/home/mr1jk1/Documents/eli/yay/src/gopath/pkg/mod/github.com/ohler55/ojg@v1.27.0/alt/string.go
0.6389478491690098,0,0,0,0,0,0,0.0,1,/home/mr1jk1/Documents/eli/yay/src/gopath/pkg/mod/github.com/ohler55/ojg@v1.27.0/alt/string_test.go
0.6355858647360317,0,0,0,0,0,0,0.0,1,/home/mr1jk1/Documents/eli/yay/src/gopath/pkg/mod/github.com/ohler55/ojg@v1.27.0/alt/struct_test.go
0.6159272202224907,0,0,0,0,0,0,0.0,1,/home/mr1jk1/Documents/eli/yay/src/gopath/pkg/mod/github.com/ohler55/ojg@v1.27.0/alt/time.go
0.6567833702594652,0,0,0,0,0,0,0.0,1,/home/mr1jk1/Documents/eli/yay/src/gopath/pkg/mod/github.com/ohler55/ojg@v1.27.0/alt/time_test.go
0.5767200697445654,0,0,0,0,0,0,0.0,1,/home/mr1jk1/Documents/eli/yay/src/gopath/pkg/mod/github.com/ohler55/ojg@v1.27.0/asm/Makefile
0.6056279273241212,0,0,0,0,0,0,0.0,1,/home/mr1jk1/Documents/eli/yay/src/gopath/pkg/mod/github.com/ohler55/ojg@v1.27.0/asm/and.go
0.6282347365871516,0,0,0,0,0,0,0.0,1,/home/mr1jk1/Documents/eli/yay/src/gopath/pkg/mod/github.com/ohler55/ojg@v1.27.0/asm/and_test.go
0.6246335012599512,0,0,0,0,0,0,0.0,1,/home/mr1jk1/Documents/eli/yay/src/gopath/pkg/mod/github.com/ohler55/ojg@v1.27.0/asm/append.go
0.6436482664903512,0,0,0,0,0,0,0.0,1,/home/mr1jk1/Documents/eli/yay/src/gopath/pkg/mod/github.com/ohler55/ojg@v1.27.0/asm/append_test.go
0.6220471806508174,0,0,0,0,0,0,0.0,1,/home/mr1jk1/Documents/eli/yay/src/gopath/pkg/mod/github.com/ohler55/ojg@v1.27.0/asm/array.go
0.6332082959973224,0,0,0,0,0,0,0.0,1,/home/mr1jk1/Documents/eli/yay/src/gopath/pkg/mod/github.com/ohler55/ojg@v1.27.0/asm/array_test.go
0.6067410160326195,0,0,0,0,0,0,0.0,1,/home/mr1jk1/Documents/eli/yay/src/gopath/pkg/mod/github.com/ohler55/ojg@v1.27.0/asm/asm.go
0.6273054276034884,0,0,0,0,0,0,0.0,1,/home/mr1jk1/Documents/eli/yay/src/gopath/pkg/mod/github.com/ohler55/ojg@v1.27.0/asm/at.go
0.6406936345460698,0,0,0,0,0,0,0.0,1,/home/mr1jk1/Documents/eli/yay/src/gopath/pkg/mod/github.com/ohler55/ojg@v1.27.0/asm/at_test.go
0.6288971406593663,0,0,0,0,0,0,0.0,1,/home/mr1jk1/Documents/eli/yay/src/gopath/pkg/mod/github.com/ohler55/ojg@v1.27.0/asm/bool.go
0.6348545682892568,0,0,0,0,0,0,0.0,1,/home/mr1jk1/Documents/eli/yay/src/gopath/pkg/mod/github.com/ohler55/ojg@v1.27.0/asm/bool_test.go
0.6259611868296944,0,0,0,0,0,0,0.0,1,/home/mr1jk1/Documents/eli/yay/src/gopath/pkg/mod/github.com/ohler55/ojg@v1.27.0/asm/cond.go
0.6244966077010048,0,0,0,0,0,0,0.0,1,/home/mr1jk1/Documents/eli/yay/src/gopath/pkg/mod/github.com/ohler55/ojg@v1.27.0/asm/cond_test.go
0.6270316731804397,0,0,0,0,0,0,0.0,1,/home/mr1jk1/Documents/eli/yay/src/gopath/pkg/mod/github.com/ohler55/ojg@v1.27.0/asm/del.go
0.6445292348547695,0,0,0,0,0,0,0.0,1,/home/mr1jk1/Documents/eli/yay/src/gopath/pkg/mod/github.com/ohler55/ojg@v1.27.0/asm/del_test.go
0.6245257159996815,0,0,0,0,0,0,0.0,1,/home/mr1jk1/Documents/eli/yay/src/gopath/pkg/mod/github.com/ohler55/ojg@v1.27.0/asm/delall.go
0.6464103654302747,0,0,0,0,0,0,0.0,1,/home/mr1jk1/Documents/eli/yay/src/gopath/pkg/mod/github.com/ohler55/ojg@v1.27.0/asm/delall_test.go
0.6087650658294573,0,0,0,0,0,0,0.0,1,/home/mr1jk1/Documents/eli/yay/src/gopath/pkg/mod/github.com/ohler55/ojg@v1.27.0/asm/dif.go
0.6143678195329448,0,0,0,0,0,0,0.0,1,/home/mr1jk1/Documents/eli/yay/src/gopath/pkg/mod/github.com/ohler55/ojg@v1.27.0/asm/dif_test.go
0.5312023949630209,0,0,0,0,0,0,0.0,1,/home/mr1jk1/Documents/eli/yay/src/gopath/pkg/mod/github.com/ohler55/ojg@v1.27.0/asm/doc.go
0.6244151979360963,0,0,0,0,0,0,0.0,1,/home/mr1jk1/Documents/eli/yay/src/gopath/pkg/mod/github.com/ohler55/ojg@v1.27.0/asm/each.go
0.6500356218218435,0,0,0,0,0,0,0.0,1,/home/mr1jk1/Documents/eli/yay/src/gopath/pkg/mod/github.com/ohler55/ojg@v1.27.0/asm/each_test.go
0.6189492722671275,0,0,0,0,0,0,0.0,1,/home/mr1jk1/Documents/eli/yay/src/gopath/pkg/mod/github.com/ohler55/ojg@v1.27.0/asm/equal.go
0.62291153534736,0,0,0,0,0,0,0.0,1,/home/mr1jk1/Documents/eli/yay/src/gopath/pkg/mod/github.com/ohler55/ojg@v1.27.0/asm/equal_test.go
0.6392870697015706,0,0,0,0,0,0,0.0,1,/home/mr1jk1/Documents/eli/yay/src/gopath/pkg/mod/github.com/ohler55/ojg@v1.27.0/asm/example_test.go
0.6305862508773067,0,0,0,0,0,0,0.0,1,/home/mr1jk1/Documents/eli/yay/src/gopath/pkg/mod/github.com/ohler55/ojg@v1.27.0/asm/float.go
0.6344622403601892,0,0,0,0,0,0,0.0,1,/home/mr1jk1/Documents/eli/yay/src/gopath/pkg/mod/github.com/ohler55/ojg@v1.27.0/asm/float_test.go
0.6300796759538321,0,0,0,0,0,0,0.0,1,/home/mr1jk1/Documents/eli/yay/src/gopath/pkg/mod/github.com/ohler55/ojg@v1.27.0/asm/fn.go
0.6258719911817713,0,0,0,0,0,0,0.0,1,/home/mr1jk1/Documents/eli/yay/src/gopath/pkg/mod/github.com/ohler55/ojg@v1.27.0/asm/fn_test.go
0.6247871685502496,0,0,0,0,0,0,0.0,1,/home/mr1jk1/Documents/eli/yay/src/gopath/pkg/mod/github.com/ohler55/ojg@v1.27.0/asm/get.go
0.638084705178254,0,0,0,0,0,0,0.0,1,/home/mr1jk1/Documents/eli/yay/src/gopath/pkg/mod/github.com/ohler55/ojg@v1.27.0/asm/get_test.go
0.6239754347453064,0,0,0,0,0,0,0.0,1,/home/mr1jk1/Documents/eli/yay/src/gopath/pkg/mod/github.com/ohler55/ojg@v1.27.0/asm/getall.go
0.6405447357892221,0,0,0,0,0,0,0.0,1,/home/mr1jk1/Documents/eli/yay/src/gopath/pkg/mod/github.com/ohler55/ojg@v1.27.0/asm/getall_test.go
0.6122367576416855,0,0,0,0,0,0,0.0,1,/home/mr1jk1/Documents/eli/yay/src/gopath/pkg/mod/github.com/ohler55/ojg@v1.27.0/asm/gt.go
0.6400564184433324,0,0,0,0,0,0,0.0,1,/home/mr1jk1/Documents/eli/yay/src/gopath/pkg/mod/github.com/ohler55/ojg@v1.27.0/asm/gt_test.go
0.6113316883485921,0,0,0,0,0,0,0.0,1,/home/mr1jk1/Documents/eli/yay/src/gopath/pkg/mod/github.com/ohler55/ojg@v1.27.0/asm/gte.go
0.6318719055849881,0,0,0,0,0,0,0.0,1,/home/mr1jk1/Documents/eli/yay/src/gopath/pkg/mod/github.com/ohler55/ojg@v1.27.0/asm/gte_test.go
0.6329235780950858,0,0,0,0,0,0,0.0,1,/home/mr1jk1/Documents/eli/yay/src/gopath/pkg/mod/github.com/ohler55/ojg@v1.27.0/asm/helper_test.go
0.6090925491607285,0,0,0,0,0,0,0.0,1,/home/mr1jk1/Documents/eli/yay/src/gopath/pkg/mod/github.com/ohler55/ojg@v1.27.0/asm/include.go
0.6347904046894091,0,0,0,0,0,0,0.0,1,/home/mr1jk1/Documents/eli/yay/src/gopath/pkg/mod/github.com/ohler55/ojg@v1.27.0/asm/include_test.go
0.616052310163828,0,0,0,0,0,0,0.0,1,/home/mr1jk1/Documents/eli/yay/src/gopath/pkg/mod/github.com/ohler55/ojg@v1.27.0/asm/inspect.go
0.6397468594722509,0,0,0,0,0,0,0.0,1,/home/mr1jk1/Documents/eli/yay/src/gopath/pkg/mod/github.com/ohler55/ojg@v1.27.0/asm/inspect_test.go
0.6245966307231134,0,0,0,0,0,0,0.0,1,/home/mr1jk1/Documents/eli/yay/src/gopath/pkg/mod/github.com/ohler55/ojg@v1.27.0/asm/int.go
0.6346098005519123,0,0,0,0,0,0,0.0,1,/home/mr1jk1/Documents/eli/yay/src/gopath/pkg/mod/github.com/ohler55/ojg@v1.27.0/asm/int_test.go
0.6145082082867593,0,0,0,0,0,0,0.0,1,/home/mr1jk1/Documents/eli/yay/src/gopath/pkg/mod/github.com/ohler55/ojg@v1.27.0/asm/join.go
0.6487774190830978,0,0,0,0,0,0,0.0,1,/home/mr1jk1/Documents/eli/yay/src/gopath/pkg/mod/github.com/ohler55/ojg@v1.27.0/asm/join_test.go
0.6050710859097617,0,0,0,0,0,0,0.0,1,/home/mr1jk1/Documents/eli/yay/src/gopath/pkg/mod/github.com/ohler55/ojg@v1.27.0/asm/list.go
0.6098066155800833,0,0,0,0,0,0,0.0,1,/home/mr1jk1/Documents/eli/yay/src/gopath/pkg/mod/github.com/ohler55/ojg@v1.27.0/asm/list_test.go
0.612872705691276,0,0,0,0,0,0,0.0,1,/home/mr1jk1/Documents/eli/yay/src/gopath/pkg/mod/github.com/ohler55/ojg@v1.27.0/asm/lt.go
0.6319331923972596,0,0,0,0,0,0,0.0,1,/home/mr1jk1/Documents/eli/yay/src/gopath/pkg/mod/github.com/ohler55/ojg@v1.27.0/asm/lt_test.go
0.6122651561574572,0,0,0,0,0,0,0.0,1,/home/mr1jk1/Documents/eli/yay/src/gopath/pkg/mod/github.com/ohler55/ojg@v1.27.0/asm/lte.go
0.6310338002728608,0,0,0,0,0,0,0.0,1,/home/mr1jk1/Documents/eli/yay/src/gopath/pkg/mod/github.com/ohler55/ojg@v1.27.0/asm/lte_test.go
0.6266484526114585,0,0,0,0,0,0,0.0,1,/home/mr1jk1/Documents/eli/yay/src/gopath/pkg/mod/github.com/ohler55/ojg@v1.27.0/asm/map.go
0.6370205119629051,0,0,0,0,0,0,0.0,1,/home/mr1jk1/Documents/eli/yay/src/gopath/pkg/mod/github.com/ohler55/ojg@v1.27.0/asm/map_test.go
0.6212324034152955,0,0,0,0,0,0,0.0,1,/home/mr1jk1/Documents/eli/yay/src/gopath/pkg/mod/github.com/ohler55/ojg@v1.27.0/asm/mod.go
0.64816111275798,0,0,0,0,0,0,0.0,1,/home/mr1jk1/Documents/eli/yay/src/gopath/pkg/mod/github.com/ohler55/ojg@v1.27.0/asm/mod_test.go
0.6205825126674595,0,0,0,0,0,0,0.0,1,/home/mr1jk1/Documents/eli/yay/src/gopath/pkg/mod/github.com/ohler55/ojg@v1.27.0/asm/neq.go
0.623570963717835,0,0,0,0,0,0,0.0,1,/home/mr1jk1/Documents/eli/yay/src/gopath/pkg/mod/github.com/ohler55/ojg@v1.27.0/asm/neq_test.go
0.6210807973016571,0,0,0,0,0,0,0.0,1,/home/mr1jk1/Documents/eli/yay/src/gopath/pkg/mod/github.com/ohler55/ojg@v1.27.0/asm/not.go
0.6335388056079319,0,0,0,0,0,0,0.0,1,/home/mr1jk1/Documents/eli/yay/src/gopath/pkg/mod/github.com/ohler55/ojg@v1.27.0/asm/not_test.go
0.6178515301290154,0,0,0,0,0,0,0.0,1,/home/mr1jk1/Documents/eli/yay/src/gopath/pkg/mod/github.com/ohler55/ojg@v1.27.0/asm/nth.go
0.637429278114116,0,0,0,0,0,0,0.0,1,/home/mr1jk1/Documents/eli/yay/src/gopath/pkg/mod/github.com/ohler55/ojg@v1.27.0/asm/nth_test.go
0.6210647298092836,0,0,0,0,0,0,0.0,1,/home/mr1jk1/Documents/eli/yay/src/gopath/pkg/mod/github.com/ohler55/ojg@v1.27.0/asm/null.go
0.6391493345408703,0,0,0,0,0,0,0.0,1,/home/mr1jk1/Documents/eli/yay/src/gopath/pkg/mod/github.com/ohler55/ojg@v1.27.0/asm/null_test.go
0.6280116534987684,0,0,0,0,0,0,0.0,1,/home/mr1jk1/Documents/eli/yay/src/gopath/pkg/mod/github.com/ohler55/ojg@v1.27.0/asm/num.go
0.6348223689671515,0,0,0,0,0,0,0.0,1,/home/mr1jk1/Documents/eli/yay/src/gopath/pkg/mod/github.com/ohler55/ojg@v1.27.0/asm/num_test.go
0.6043556541246411,0,0,0,0,0,0,0.0,1,/home/mr1jk1/Documents/eli/yay/src/gopath/pkg/mod/github.com/ohler55/ojg@v1.27.0/asm/or.go
0.6253000374012103,0,0,0,0,0,0,0.0,1,/home/mr1jk1/Documents/eli/yay/src/gopath/pkg/mod/github.com/ohler55/ojg@v1.27.0/asm/or_test.go
0.6230855557448298,0,0,0,0,0,0,0.0,1,/home/mr1jk1/Documents/eli/yay/src/gopath/pkg/mod/github.com/ohler55/ojg@v1.27.0/asm/plan.go
0.6513797470417828,0,0,0,0,0,0,0.0,1,/home/mr1jk1/Documents/eli/yay/src/gopath/pkg/mod/github.com/ohler55/ojg@v1.27.0/asm/plan_test.go
0.6128453857574043,0,0,0,0,0,0,0.0,1,/home/mr1jk1/Documents/eli/yay/src/gopath/pkg/mod/github.com/ohler55/ojg@v1.27.0/asm/product.go
0.6250459799481292,0,0,0,0,0,0,0.0,1,/home/mr1jk1/Documents/eli/yay/src/gopath/pkg/mod/github.com/ohler55/ojg@v1.27.0/asm/product_test.go
0.608849219352536,0,0,0,0,0,0,0.0,1,/home/mr1jk1/Documents/eli/yay/src/gopath/pkg/mod/github.com/ohler55/ojg@v1.27.0/asm/quote.go
0.6270315826684759,0,0,0,0,0,0,0.0,1,/home/mr1jk1/Documents/eli/yay/src/gopath/pkg/mod/github.com/ohler55/ojg@v1.27.0/asm/quote_test.go
0.6090906658524881,0,0,0,0,0,0,0.0,1,/home/mr1jk1/Documents/eli/yay/src/gopath/pkg/mod/github.com/ohler55/ojg@v1.27.0/asm/quotient.go
0.6183363209796198,0,0,0,0,0,0,0.0,1,/home/mr1jk1/Documents/eli/yay/src/gopath/pkg/mod/github.com/ohler55/ojg@v1.27.0/asm/quotient_test.go
0.6159782416991152,0,0,0,0,0,0,0.0,1,/home/mr1jk1/Documents/eli/yay/src/gopath/pkg/mod/github.com/ohler55/ojg@v1.27.0/asm/replace.go
0.6454340354151207,0,0,0,0,0,0,0.0,1,/home/mr1jk1/Documents/eli/yay/src/gopath/pkg/mod/github.com/ohler55/ojg@v1.27.0/asm/replace_test.go
0.6136426077306704,0,0,0,0,0,0,0.0,1,/home/mr1jk1/Documents/eli/yay/src/gopath/pkg/mod/github.com/ohler55/ojg@v1.27.0/asm/reverse.go
0.6410676940134397,0,0,0,0,0,0,0.0,1,/home/mr1jk1/Documents/eli/yay/src/gopath/pkg/mod/github.com/ohler55/ojg@v1.27.0/asm/reverse_test.go
0.6276248850190541,0,0,0,0,0,0,0.0,1,/home/mr1jk1/Documents/eli/yay/src/gopath/pkg/mod/github.com/ohler55/ojg@v1.27.0/asm/root.go
0.6437737411036759,0,0,0,0,0,0,0.0,1,/home/mr1jk1/Documents/eli/yay/src/gopath/pkg/mod/github.com/ohler55/ojg@v1.27.0/asm/root_test.go
0.624697495621109,0,0,0,0,0,0,0.0,1,/home/mr1jk1/Documents/eli/yay/src/gopath/pkg/mod/github.com/ohler55/ojg@v1.27.0/asm/set.go
0.6343318778914451,0,0,0,0,0,0,0.0,1,/home/mr1jk1/Documents/eli/yay/src/gopath/pkg/mod/github.com/ohler55/ojg@v1.27.0/asm/set_test.go
0.6241378051153145,0,0,0,0,0,0,0.0,1,/home/mr1jk1/Documents/eli/yay/src/gopath/pkg/mod/github.com/ohler55/ojg@v1.27.0/asm/setall.go
0.6457107615325178,0,0,0,0,0,0,0.0,1,/home/mr1jk1/Documents/eli/yay/src/gopath/pkg/mod/github.com/ohler55/ojg@v1.27.0/asm/setall_test.go
0.6167495594623487,0,0,0,0,0,0,0.0,1,/home/mr1jk1/Documents/eli/yay/src/gopath/pkg/mod/github.com/ohler55/ojg@v1.27.0/asm/size.go
0.6278821651802148,0,0,0,0,0,0,0.0,1,/home/mr1jk1/Documents/eli/yay/src/gopath/pkg/mod/github.com/ohler55/ojg@v1.27.0/asm/size_test.go
0.6307285015074279,0,0,0,0,0,0,0.0,1,/home/mr1jk1/Documents/eli/yay/src/gopath/pkg/mod/github.com/ohler55/ojg@v1.27.0/asm/sort.go
0.6538832691614374,0,0,0,0,0,0,0.0,1,/home/mr1jk1/Documents/eli/yay/src/gopath/pkg/mod/github.com/ohler55/ojg@v1.27.0/asm/sort_test.go
0.6159065886772032,0,0,0,0,0,0,0.0,1,/home/mr1jk1/Documents/eli/yay/src/gopath/pkg/mod/github.com/ohler55/ojg@v1.27.0/asm/split.go
0.6433880831617308,0,0,0,0,0,0,0.0,1,/home/mr1jk1/Documents/eli/yay/src/gopath/pkg/mod/github.com/ohler55/ojg@v1.27.0/asm/split_test.go
0.632702840458066,0,0,0,0,0,0,0.0,1,/home/mr1jk1/Documents/eli/yay/src/gopath/pkg/mod/github.com/ohler55/ojg@v1.27.0/asm/string.go
0.6367698648197416,0,0,0,0,0,0,0.0,1,/home/mr1jk1/Documents/eli/yay/src/gopath/pkg/mod/github.com/ohler55/ojg@v1.27.0/asm/string_test.go
0.6103239384709905,0,0,0,0,0,0,0.0,1,/home/mr1jk1/Documents/eli/yay/src/gopath/pkg/mod/github.com/ohler55/ojg@v1.27.0/asm/substr.go
0.6351808642506115,0,0,0,0,0,0,0.0,1,/home/mr1jk1/Documents/eli/yay/src/gopath/pkg/mod/github.com/ohler55/ojg@v1.27.0/asm/substr_test.go
0.6034851874739148,0,0,0,0,0,0,0.0,1,/home/mr1jk1/Documents/eli/yay/src/gopath/pkg/mod/github.com/ohler55/ojg@v1.27.0/asm/sum.go
0.6116921346319341,0,0,0,0,0,0,0.0,1,/home/mr1jk1/Documents/eli/yay/src/gopath/pkg/mod/github.com/ohler55/ojg@v1.27.0/asm/sum_test.go
0.6314123944879771,0,0,0,0,0,0,0.0,1,/home/mr1jk1/Documents/eli/yay/src/gopath/pkg/mod/github.com/ohler55/ojg@v1.27.0/asm/time.go
0.6613190838190066,0,0,0,0,0,0,0.0,1,/home/mr1jk1/Documents/eli/yay/src/gopath/pkg/mod/github.com/ohler55/ojg@v1.27.0/asm/time_test.go
0.6232579802887488,0,0,0,0,0,0,0.0,1,/home/mr1jk1/Documents/eli/yay/src/gopath/pkg/mod/github.com/ohler55/ojg@v1.27.0/asm/title.go
0.6400468056523896,0,0,0,0,0,0,0.0,1,/home/mr1jk1/Documents/eli/yay/src/gopath/pkg/mod/github.com/ohler55/ojg@v1.27.0/asm/title_test.go
0.6219109487125573,0,0,0,0,0,0,0.0,1,/home/mr1jk1/Documents/eli/yay/src/gopath/pkg/mod/github.com/ohler55/ojg@v1.27.0/asm/tolower.go
0.6400317422030227,0,0,0,0,0,0,0.0,1,/home/mr1jk1/Documents/eli/yay/src/gopath/pkg/mod/github.com/ohler55/ojg@v1.27.0/asm/tolower_test.go
0.6196929535480143,0,0,0,0,0,0,0.0,1,/home/mr1jk1/Documents/eli/yay/src/gopath/pkg/mod/github.com/ohler55/ojg@v1.27.0/asm/toupper.go
0.6423700597811839,0,0,0,0,0,0,0.0,1,/home/mr1jk1/Documents/eli/yay/src/gopath/pkg/mod/github.com/ohler55/ojg@v1.27.0/asm/toupper_test.go
0.61474063416932,0,0,0,0,0,0,0.0,1,/home/mr1jk1/Documents/eli/yay/src/gopath/pkg/mod/github.com/ohler55/ojg@v1.27.0/asm/trim.go
0.6340598492346473,0,0,0,0,0,0,0.0,1,/home/mr1jk1/Documents/eli/yay/src/gopath/pkg/mod/github.com/ohler55/ojg@v1.27.0/asm/trim_test.go
0.6192754706194089,0,0,0,0,0,0,0.0,1,/home/mr1jk1/Documents/eli/yay/src/gopath/pkg/mod/github.com/ohler55/ojg@v1.27.0/asm/zone.go
0.6552320413544063,0,0,0,0,0,0,0.0,1,/home/mr1jk1/Documents/eli/yay/src/gopath/pkg/mod/github.com/ohler55/ojg@v1.27.0/asm/zone_test.go
0.6510615894729364,0,0,1,0,0,0,0.0,1,/home/mr1jk1/Documents/eli/yay/src/gopath/pkg/mod/github.com/ohler55/ojg@v1.27.0/assets/coverage-badge-template.svg
0.6482118070354814,0,0,1,0,0,0,0.0,1,/home/mr1jk1/Documents/eli/yay/src/gopath/pkg/mod/github.com/ohler55/ojg@v1.27.0/assets/coverage-badge.svg
0.9991038753489008,0,0,0,0,0,0,0.0,1,/home/mr1jk1/Documents/eli/yay/src/gopath/pkg/mod/github.com/ohler55/ojg@v1.27.0/assets/ojg_comet.graffle
0.9758520472583765,0,0,1,0,0,0,0.0,1,/home/mr1jk1/Documents/eli/yay/src/gopath/pkg/mod/github.com/ohler55/ojg@v1.27.0/assets/ojg_comet.jpg
0.5971315809301629,0,0,1,0,0,0,0.0,1,/home/mr1jk1/Documents/eli/yay/src/gopath/pkg/mod/github.com/ohler55/ojg@v1.27.0/assets/ojg_comet.svg
0.9878427239606491,0,0,1,0,0,0,0.0,1,/home/mr1jk1/Documents/eli/yay/src/gopath/pkg/mod/github.com/ohler55/ojg@v1.27.0/assets/ojg_comet2.jpg
0.5950275749991855,0,0,1,0,0,0,0.0,1,/home/mr1jk1/Documents/eli/yay/src/gopath/pkg/mod/github.com/ohler55/ojg@v1.27.0/assets/ojg_comet2.svg
0.5959196919916261,0,0,1,0,0,0,0.0,1,/home/mr1jk1/Documents/eli/yay/src/gopath/pkg/mod/github.com/ohler55/ojg@v1.27.0/assets/ojg_comet3.svg
0.5337213014781759,0,0,0,0,0,0,0.0,1,/home/mr1jk1/Documents/eli/yay/src/gopath/pkg/mod/github.com/ohler55/ojg@v1.27.0/cmd/Makefile
0.5740010396712569,0,0,0,0,0,0,0.0,1,/home/mr1jk1/Documents/eli/yay/src/gopath/pkg/mod/github.com/ohler55/ojg@v1.27.0/discover/Makefile
0.6055178621129145,0,0,0,0,0,0,0.0,1,/home/mr1jk1/Documents/eli/yay/src/gopath/pkg/mod/github.com/ohler55/ojg@v1.27.0/discover/find.go
0.6425883805037249,0,0,0,0,0,0,0.0,1,/home/mr1jk1/Documents/eli/yay/src/gopath/pkg/mod/github.com/ohler55/ojg@v1.27.0/discover/find_test.go
0.6147020812689441,0,0,0,0,0,0,0.0,1,/home/mr1jk1/Documents/eli/yay/src/gopath/pkg/mod/github.com/ohler55/ojg@v1.27.0/discover/json.go
0.6523001430782648,0,0,0,0,0,0,0.0,1,/home/mr1jk1/Documents/eli/yay/src/gopath/pkg/mod/github.com/ohler55/ojg@v1.27.0/discover/json_test.go
0.4836476369128258,0,0,0,0,0,0,0.0,1,/home/mr1jk1/Documents/eli/yay/src/gopath/pkg/mod/github.com/ohler55/ojg@v1.27.0/discover/maps.go
0.6195659863129048,0,0,0,0,0,0,0.0,1,/home/mr1jk1/Documents/eli/yay/src/gopath/pkg/mod/github.com/ohler55/ojg@v1.27.0/discover/readmore.go
0.6100772664125073,0,0,0,0,0,0,0.0,1,/home/mr1jk1/Documents/eli/yay/src/gopath/pkg/mod/github.com/ohler55/ojg@v1.27.0/discover/sen.go
0.6491964777683763,0,0,0,0,0,0,0.0,1,/home/mr1jk1/Documents/eli/yay/src/gopath/pkg/mod/github.com/ohler55/ojg@v1.27.0/discover/sen_test.go
0.5751031562103899,0,0,0,0,0,0,0.0,1,/home/mr1jk1/Documents/eli/yay/src/gopath/pkg/mod/github.com/ohler55/ojg@v1.27.0/gen/Makefile
0.6024239550457496,0,0,0,0,0,0,0.0,1,/home/mr1jk1/Documents/eli/yay/src/gopath/pkg/mod/github.com/ohler55/ojg@v1.27.0/gen/array.go
0.6488973151144211,0,0,0,0,0,0,0.0,1,/home/mr1jk1/Documents/eli/yay/src/gopath/pkg/mod/github.com/ohler55/ojg@v1.27.0/gen/array_test.go
0.5814168908889892,0,0,0,0,0,0,0.0,1,/home/mr1jk1/Documents/eli/yay/src/gopath/pkg/mod/github.com/ohler55/ojg@v1.27.0/gen/big.go
0.6439458393748468,0,0,0,0,0,0,0.0,1,/home/mr1jk1/Documents/eli/yay/src/gopath/pkg/mod/github.com/ohler55/ojg@v1.27.0/gen/big_test.go
0.5881603269770406,0,0,0,0,0,0,0.0,1,/home/mr1jk1/Documents/eli/yay/src/gopath/pkg/mod/github.com/ohler55/ojg@v1.27.0/gen/bool.go
0.6321997808181349,0,0,0,0,0,0,0.0,1,/home/mr1jk1/Documents/eli/yay/src/gopath/pkg/mod/github.com/ohler55/ojg@v1.27.0/gen/bool_test.go
0.6279282808146375,0,0,0,0,0,0,0.0,1,/home/mr1jk1/Documents/eli/yay/src/gopath/pkg/mod/github.com/ohler55/ojg@v1.27.0/gen/builder.go
0.6223950480453294,0,0,0,0,0,0,0.0,1,/home/mr1jk1/Documents/eli/yay/src/gopath/pkg/mod/github.com/ohler55/ojg@v1.27.0/gen/builder_test.go
0.5840424067855587,0,0,0,0,0,0,0.0,1,/home/mr1jk1/Documents/eli/yay/src/gopath/pkg/mod/github.com/ohler55/ojg@v1.27.0/gen/data_test.go
0.5630817087986967,0,0,0,0,0,0,0.0,1,/home/mr1jk1/Documents/eli/yay/src/gopath/pkg/mod/github.com/ohler55/ojg@v1.27.0/gen/doc.go
0.5741456503915411,0,0,0,0,0,0,0.0,1,/home/mr1jk1/Documents/eli/yay/src/gopath/pkg/mod/github.com/ohler55/ojg@v1.27.0/gen/error.go
0.658215200921733,0,0,0,0,0,0,0.0,1,/home/mr1jk1/Documents/eli/yay/src/gopath/pkg/mod/github.com/ohler55/ojg@v1.27.0/gen/example_test.go
0.6023885484483298,0,0,0,0,0,0,0.0,1,/home/mr1jk1/Documents/eli/yay/src/gopath/pkg/mod/github.com/ohler55/ojg@v1.27.0/gen/float.go
0.6474713535821988,0,0,0,0,0,0,0.0,1,/home/mr1jk1/Documents/eli/yay/src/gopath/pkg/mod/github.com/ohler55/ojg@v1.27.0/gen/float_test.go
0.5962671141490776,0,0,0,0,0,0,0.0,1,/home/mr1jk1/Documents/eli/yay/src/gopath/pkg/mod/github.com/ohler55/ojg@v1.27.0/gen/int.go
0.6461983463510174,0,0,0,0,0,0,0.0,1,/home/mr1jk1/Documents/eli/yay/src/gopath/pkg/mod/github.com/ohler55/ojg@v1.27.0/gen/int_test.go
0.5880477531605871,0,0,0,0,0,0,0.0,1,/home/mr1jk1/Documents/eli/yay/src/gopath/pkg/mod/github.com/ohler55/ojg@v1.27.0/gen/key.go
0.631850676884098,0,0,0,0,0,0,0.0,1,/home/mr1jk1/Documents/eli/yay/src/gopath/pkg/mod/github.com/ohler55/ojg@v1.27.0/gen/key_test.go
0.411328051428444,0,0,0,0,0,0,0.0,1,/home/mr1jk1/Documents/eli/yay/src/gopath/pkg/mod/github.com/ohler55/ojg@v1.27.0/gen/maps.go
0.5881928499777054,0,0,0,0,0,0,0.0,1,/home/mr1jk1/Documents/eli/yay/src/gopath/pkg/mod/github.com/ohler55/ojg@v1.27.0/gen/node.go
0.6449348167201265,0,0,0,0,0,0,0.0,1,/home/mr1jk1/Documents/eli/yay/src/gopath/pkg/mod/github.com/ohler55/ojg@v1.27.0/gen/number.go
0.6707452669091853,0,0,0,0,0,0,0.0,1,/home/mr1jk1/Documents/eli/yay/src/gopath/pkg/mod/github.com/ohler55/ojg@v1.27.0/gen/number_test.go
0.6090822322618432,0,0,0,0,0,0,0.0,1,/home/mr1jk1/Documents/eli/yay/src/gopath/pkg/mod/github.com/ohler55/ojg@v1.27.0/gen/object.go
0.6432424331219795,0,0,0,0,0,0,0.0,1,/home/mr1jk1/Documents/eli/yay/src/gopath/pkg/mod/github.com/ohler55/ojg@v1.27.0/gen/object_test.go
0.6288655616854356,0,0,0,0,0,0,0.0,1,/home/mr1jk1/Documents/eli/yay/src/gopath/pkg/mod/github.com/ohler55/ojg@v1.27.0/gen/parser.go
0.6663583335013078,0,0,0,0,0,0,0.0,1,/home/mr1jk1/Documents/eli/yay/src/gopath/pkg/mod/github.com/ohler55/ojg@v1.27.0/gen/parser_test.go
0.5887805172978902,0,0,0,0,0,0,0.0,1,/home/mr1jk1/Documents/eli/yay/src/gopath/pkg/mod/github.com/ohler55/ojg@v1.27.0/gen/string.go
0.6298351890212359,0,0,0,0,0,0,0.0,1,/home/mr1jk1/Documents/eli/yay/src/gopath/pkg/mod/github.com/ohler55/ojg@v1.27.0/gen/string_test.go
0.6349580040388475,0,0,0,0,0,0,0.0,1,/home/mr1jk1/Documents/eli/yay/src/gopath/pkg/mod/github.com/ohler55/ojg@v1.27.0/gen/time.go
0.6701328914843263,0,0,0,0,0,0,0.0,1,/home/mr1jk1/Documents/eli/yay/src/gopath/pkg/mod/github.com/ohler55/ojg@v1.27.0/gen/time_test.go
0.5748761560614677,0,0,0,0,0,0,0.0,1,/home/mr1jk1/Documents/eli/yay/src/gopath/pkg/mod/github.com/ohler55/ojg@v1.27.0/jp/Makefile
0.6111520498361332,0,0,0,0,0,0,0.0,1,/home/mr1jk1/Documents/eli/yay/src/gopath/pkg/mod/github.com/ohler55/ojg@v1.27.0/jp/at.go
0.6034599339690073,0,0,0,0,0,0,0.0,1,/home/mr1jk1/Documents/eli/yay/src/gopath/pkg/mod/github.com/ohler55/ojg@v1.27.0/jp/bracket.go
0.6015253809522452,0,0,0,0,0,0,0.0,1,/home/mr1jk1/Documents/eli/yay/src/gopath/pkg/mod/github.com/ohler55/ojg@v1.27.0/jp/build.go
0.6321649981430735,0,0,0,0,0,0,0.0,1,/home/mr1jk1/Documents/eli/yay/src/gopath/pkg/mod/github.com/ohler55/ojg@v1.27.0/jp/child.go
0.6368997697459985,0,0,0,0,0,0,0.0,1,/home/mr1jk1/Documents/eli/yay/src/gopath/pkg/mod/github.com/ohler55/ojg@v1.27.0/jp/del_test.go
0.6183574273956706,0,0,0,0,0,0,0.0,1,/home/mr1jk1/Documents/eli/yay/src/gopath/pkg/mod/github.com/ohler55/ojg@v1.27.0/jp/descent.go
0.5759413012718675,0,0,0,0,0,0,0.0,1,/home/mr1jk1/Documents/eli/yay/src/gopath/pkg/mod/github.com/ohler55/ojg@v1.27.0/jp/doc.go
0.6141100361867282,0,0,0,0,0,0,0.0,1,/home/mr1jk1/Documents/eli/yay/src/gopath/pkg/mod/github.com/ohler55/ojg@v1.27.0/jp/equation.go
0.6496467390964101,0,0,0,0,0,0,0.0,1,/home/mr1jk1/Documents/eli/yay/src/gopath/pkg/mod/github.com/ohler55/ojg@v1.27.0/jp/equation_test.go
0.670886843975132,0,0,0,0,0,0,0.0,1,/home/mr1jk1/Documents/eli/yay/src/gopath/pkg/mod/github.com/ohler55/ojg@v1.27.0/jp/example_test.go
0.6190418233618986,0,0,0,0,0,0,0.0,1,/home/mr1jk1/Documents/eli/yay/src/gopath/pkg/mod/github.com/ohler55/ojg@v1.27.0/jp/expr.go
0.6620426941213362,0,0,0,0,0,0,0.0,1,/home/mr1jk1/Documents/eli/yay/src/gopath/pkg/mod/github.com/ohler55/ojg@v1.27.0/jp/expr_test.go
0.621551615578063,0,0,0,0,0,0,0.0,1,/home/mr1jk1/Documents/eli/yay/src/gopath/pkg/mod/github.com/ohler55/ojg@v1.27.0/jp/filter.go
0.6228700098780844,0,0,0,0,0,0,0.0,1,/home/mr1jk1/Documents/eli/yay/src/gopath/pkg/mod/github.com/ohler55/ojg@v1.27.0/jp/form.go
0.5819005624290334,0,0,0,0,0,0,0.0,1,/home/mr1jk1/Documents/eli/yay/src/gopath/pkg/mod/github.com/ohler55/ojg@v1.27.0/jp/frag.go
0.6029183116400029,0,0,0,0,0,0,0.0,1,/home/mr1jk1/Documents/eli/yay/src/gopath/pkg/mod/github.com/ohler55/ojg@v1.27.0/jp/get.go
0.6580619558495446,0,0,0,0,0,0,0.0,1,/home/mr1jk1/Documents/eli/yay/src/gopath/pkg/mod/github.com/ohler55/ojg@v1.27.0/jp/get_test.go
0.591974216332385,0,0,0,0,0,0,0.0,1,/home/mr1jk1/Documents/eli/yay/src/gopath/pkg/mod/github.com/ohler55/ojg@v1.27.0/jp/has.go
0.6309339635243679,0,0,0,0,0,0,0.0,1,/home/mr1jk1/Documents/eli/yay/src/gopath/pkg/mod/github.com/ohler55/ojg@v1.27.0/jp/has_test.go
0.5832623058005426,0,0,0,0,0,0,0.0,1,/home/mr1jk1/Documents/eli/yay/src/gopath/pkg/mod/github.com/ohler55/ojg@v1.27.0/jp/indexed.go
0.581875067683664,0,0,0,0,0,0,0.0,1,/home/mr1jk1/Documents/eli/yay/src/gopath/pkg/mod/github.com/ohler55/ojg@v1.27.0/jp/keyed.go
0.634828178489372,0,0,0,0,0,0,0.0,1,/home/mr1jk1/Documents/eli/yay/src/gopath/pkg/mod/github.com/ohler55/ojg@v1.27.0/jp/locate.go
0.6408181074165226,0,0,0,0,0,0,0.0,1,/home/mr1jk1/Documents/eli/yay/src/gopath/pkg/mod/github.com/ohler55/ojg@v1.27.0/jp/locate_test.go
0.6014122423943014,0,0,0,0,0,0,0.0,1,/home/mr1jk1/Documents/eli/yay/src/gopath/pkg/mod/github.com/ohler55/ojg@v1.27.0/jp/match.go
0.6445306428834784,0,0,0,0,0,0,0.0,1,/home/mr1jk1/Documents/eli/yay/src/gopath/pkg/mod/github.com/ohler55/ojg@v1.27.0/jp/match_test.go
0.6389366886041364,0,0,0,0,0,0,0.0,1,/home/mr1jk1/Documents/eli/yay/src/gopath/pkg/mod/github.com/ohler55/ojg@v1.27.0/jp/matchhandler.go
0.6596526447550851,0,0,0,0,0,0,0.0,1,/home/mr1jk1/Documents/eli/yay/src/gopath/pkg/mod/github.com/ohler55/ojg@v1.27.0/jp/matchhandler_test.go
0.5870607632033789,0,0,0,0,0,0,0.0,1,/home/mr1jk1/Documents/eli/yay/src/gopath/pkg/mod/github.com/ohler55/ojg@v1.27.0/jp/modify.go
0.6443899856778263,0,0,0,0,0,0,0.0,1,/home/mr1jk1/Documents/eli/yay/src/gopath/pkg/mod/github.com/ohler55/ojg@v1.27.0/jp/modify_test.go
0.5884967434557657,0,0,0,0,0,0,0.0,1,/home/mr1jk1/Documents/eli/yay/src/gopath/pkg/mod/github.com/ohler55/ojg@v1.27.0/jp/node.go
0.6200517719418099,0,0,0,0,0,0,0.0,1,/home/mr1jk1/Documents/eli/yay/src/gopath/pkg/mod/github.com/ohler55/ojg@v1.27.0/jp/norm.go
0.6207241878018714,0,0,0,0,0,0,0.0,1,/home/mr1jk1/Documents/eli/yay/src/gopath/pkg/mod/github.com/ohler55/ojg@v1.27.0/jp/nth.go
0.6140210656261336,0,0,0,0,0,0,0.0,1,/home/mr1jk1/Documents/eli/yay/src/gopath/pkg/mod/github.com/ohler55/ojg@v1.27.0/jp/ordered_test.go
0.6332956603229553,0,0,0,0,0,0,0.0,1,/home/mr1jk1/Documents/eli/yay/src/gopath/pkg/mod/github.com/ohler55/ojg@v1.27.0/jp/parse.go
0.6391247969038435,0,0,0,0,0,0,0.0,1,/home/mr1jk1/Documents/eli/yay/src/gopath/pkg/mod/github.com/ohler55/ojg@v1.27.0/jp/parse_test.go
0.613227063457744,0,0,0,0,0,0,0.0,1,/home/mr1jk1/Documents/eli/yay/src/gopath/pkg/mod/github.com/ohler55/ojg@v1.27.0/jp/proc.go
0.6562774110458391,0,0,0,0,0,0,0.0,1,/home/mr1jk1/Documents/eli/yay/src/gopath/pkg/mod/github.com/ohler55/ojg@v1.27.0/jp/proc_test.go
0.5723466607955798,0,0,0,0,0,0,0.0,1,/home/mr1jk1/Documents/eli/yay/src/gopath/pkg/mod/github.com/ohler55/ojg@v1.27.0/jp/procedure.go
0.5996653040930416,0,0,0,0,0,0,0.0,1,/home/mr1jk1/Documents/eli/yay/src/gopath/pkg/mod/github.com/ohler55/ojg@v1.27.0/jp/remove.go
0.6686016052754263,0,0,0,0,0,0,0.0,1,/home/mr1jk1/Documents/eli/yay/src/gopath/pkg/mod/github.com/ohler55/ojg@v1.27.0/jp/remove_test.go
0.6111237989906477,0,0,0,0,0,0,0.0,1,/home/mr1jk1/Documents/eli/yay/src/gopath/pkg/mod/github.com/ohler55/ojg@v1.27.0/jp/root.go
0.6250281680694547,0,0,0,0,0,0,0.0,1,/home/mr1jk1/Documents/eli/yay/src/gopath/pkg/mod/github.com/ohler55/ojg@v1.27.0/jp/script.go
0.6590127956665457,0,0,0,0,0,0,0.0,1,/home/mr1jk1/Documents/eli/yay/src/gopath/pkg/mod/github.com/ohler55/ojg@v1.27.0/jp/script_test.go
0.6003576056647549,0,0,0,0,0,0,0.0,1,/home/mr1jk1/Documents/eli/yay/src/gopath/pkg/mod/github.com/ohler55/ojg@v1.27.0/jp/set.go
0.6285320052041755,0,0,0,0,0,0,0.0,1,/home/mr1jk1/Documents/eli/yay/src/gopath/pkg/mod/github.com/ohler55/ojg@v1.27.0/jp/set_test.go
0.5938600030634098,0,0,0,0,0,0,0.0,1,/home/mr1jk1/Documents/eli/yay/src/gopath/pkg/mod/github.com/ohler55/ojg@v1.27.0/jp/slice.go
0.6283735289977808,0,0,0,0,0,0,0.0,1,/home/mr1jk1/Documents/eli/yay/src/gopath/pkg/mod/github.com/ohler55/ojg@v1.27.0/jp/string.go
0.6575270356521661,0,0,0,0,0,0,0.0,1,/home/mr1jk1/Documents/eli/yay/src/gopath/pkg/mod/github.com/ohler55/ojg@v1.27.0/jp/string_test.go
0.6141803000002725,0,0,0,0,0,0,0.0,1,/home/mr1jk1/Documents/eli/yay/src/gopath/pkg/mod/github.com/ohler55/ojg@v1.27.0/jp/union.go
0.6242193823508676,0,0,0,0,0,0,0.0,1,/home/mr1jk1/Documents/eli/yay/src/gopath/pkg/mod/github.com/ohler55/ojg@v1.27.0/jp/walk.go
0.6497676741587302,0,0,0,0,0,0,0.0,1,/home/mr1jk1/Documents/eli/yay/src/gopath/pkg/mod/github.com/ohler55/ojg@v1.27.0/jp/walk_test.go
0.6172710116712588,0,0,0,0,0,0,0.0,1,/home/mr1jk1/Documents/eli/yay/src/gopath/pkg/mod/github.com/ohler55/ojg@v1.27.0/jp/wildcard.go
0.5721270065036648,0,0,0,0,0,0,0.0,1,/home/mr1jk1/Documents/eli/yay/src/gopath/pkg/mod/github.com/ohler55/ojg@v1.27.0/oj/Makefile
0.6380812709814863,0,0,0,0,0,0,0.0,1,/home/mr1jk1/Documents/eli/yay/src/gopath/pkg/mod/github.com/ohler55/ojg@v1.27.0/oj/color.go
0.6566473334007329,0,0,0,0,0,0,0.0,1,/home/mr1jk1/Documents/eli/yay/src/gopath/pkg/mod/github.com/ohler55/ojg@v1.27.0/oj/color_test.go
0.5970893085449502,0,0,0,0,0,0,0.0,1,/home/mr1jk1/Documents/eli/yay/src/gopath/pkg/mod/github.com/ohler55/ojg@v1.27.0/oj/data_test.go
0.6311556180524727,0,0,0,0,0,0,0.0,1,/home/mr1jk1/Documents/eli/yay/src/gopath/pkg/mod/github.com/ohler55/ojg@v1.27.0/oj/doc.go
0.5762163879920356,0,0,0,0,0,0,0.0,1,/home/mr1jk1/Documents/eli/yay/src/gopath/pkg/mod/github.com/ohler55/ojg@v1.27.0/oj/error.go
0.6387228093056643,0,0,0,0,0,0,0.0,1,/home/mr1jk1/Documents/eli/yay/src/gopath/pkg/mod/github.com/ohler55/ojg@v1.27.0/oj/example_interface_test.go
0.6587015964801869,0,0,0,0,0,0,0.0,1,/home/mr1jk1/Documents/eli/yay/src/gopath/pkg/mod/github.com/ohler55/ojg@v1.27.0/oj/example_tokenizer_test.go
0.6631630425181506,0,0,0,0,0,0,0.0,1,/home/mr1jk1/Documents/eli/yay/src/gopath/pkg/mod/github.com/ohler55/ojg@v1.27.0/oj/examples_test.go
0.6190136228880101,0,0,0,0,0,0,0.0,1,/home/mr1jk1/Documents/eli/yay/src/gopath/pkg/mod/github.com/ohler55/ojg@v1.27.0/oj/fbool.go
0.6351864480099525,0,0,0,0,0,0,0.0,1,/home/mr1jk1/Documents/eli/yay/src/gopath/pkg/mod/github.com/ohler55/ojg@v1.27.0/oj/ffloat32.go
0.6329597560414495,0,0,0,0,0,0,0.0,1,/home/mr1jk1/Documents/eli/yay/src/gopath/pkg/mod/github.com/ohler55/ojg@v1.27.0/oj/ffloat64.go
0.6366424166384207,0,0,0,0,0,0,0.0,1,/home/mr1jk1/Documents/eli/yay/src/gopath/pkg/mod/github.com/ohler55/ojg@v1.27.0/oj/finfo.go
0.624138061932533,0,0,0,0,0,0,0.0,1,/home/mr1jk1/Documents/eli/yay/src/gopath/pkg/mod/github.com/ohler55/ojg@v1.27.0/oj/fint.go
0.6288976363331265,0,0,0,0,0,0,0.0,1,/home/mr1jk1/Documents/eli/yay/src/gopath/pkg/mod/github.com/ohler55/ojg@v1.27.0/oj/fint16.go
0.6308327866042753,0,0,0,0,0,0,0.0,1,/home/mr1jk1/Documents/eli/yay/src/gopath/pkg/mod/github.com/ohler55/ojg@v1.27.0/oj/fint32.go
0.6284303397497091,0,0,0,0,0,0,0.0,1,/home/mr1jk1/Documents/eli/yay/src/gopath/pkg/mod/github.com/ohler55/ojg@v1.27.0/oj/fint64.go
0.6274651585894593,0,0,0,0,0,0,0.0,1,/home/mr1jk1/Documents/eli/yay/src/gopath/pkg/mod/github.com/ohler55/ojg@v1.27.0/oj/fint8.go
0.6244438505313809,0,0,0,0,0,0,0.0,1,/home/mr1jk1/Documents/eli/yay/src/gopath/pkg/mod/github.com/ohler55/ojg@v1.27.0/oj/fuint.go
0.6291754578550595,0,0,0,0,0,0,0.0,1,/home/mr1jk1/Documents/eli/yay/src/gopath/pkg/mod/github.com/ohler55/ojg@v1.27.0/oj/fuint16.go
0.6310833524885865,0,0,0,0,0,0,0.0,1,/home/mr1jk1/Documents/eli/yay/src/gopath/pkg/mod/github.com/ohler55/ojg@v1.27.0/oj/fuint32.go
0.628984357452402,0,0,0,0,0,0,0.0,1,/home/mr1jk1/Documents/eli/yay/src/gopath/pkg/mod/github.com/ohler55/ojg@v1.27.0/oj/fuint64.go
0.6277434820645161,0,0,0,0,0,0,0.0,1,/home/mr1jk1/Documents/eli/yay/src/gopath/pkg/mod/github.com/ohler55/ojg@v1.27.0/oj/fuint8.go
0.6353980527969236,0,0,0,0,0,0,0.0,1,/home/mr1jk1/Documents/eli/yay/src/gopath/pkg/mod/github.com/ohler55/ojg@v1.27.0/oj/genericer.go
0.6402561100812942,0,0,0,0,0,0,0.0,1,/home/mr1jk1/Documents/eli/yay/src/gopath/pkg/mod/github.com/ohler55/ojg@v1.27.0/oj/jsonmarshaler.go
0.44346717535884217,0,0,0,0,0,0,0.0,1,/home/mr1jk1/Documents/eli/yay/src/gopath/pkg/mod/github.com/ohler55/ojg@v1.27.0/oj/maps.go
0.6561326180687582,0,0,0,0,0,0,0.0,1,/home/mr1jk1/Documents/eli/yay/src/gopath/pkg/mod/github.com/ohler55/ojg@v1.27.0/oj/match_test.go
0.6223302249983395,0,0,0,0,0,0,0.0,1,/home/mr1jk1/Documents/eli/yay/src/gopath/pkg/mod/github.com/ohler55/ojg@v1.27.0/oj/oj.go
0.6455400282819993,0,0,0,0,0,0,0.0,1,/home/mr1jk1/Documents/eli/yay/src/gopath/pkg/mod/github.com/ohler55/ojg@v1.27.0/oj/oj_test.go
0.6298930744642488,0,0,0,0,0,0,0.0,1,/home/mr1jk1/Documents/eli/yay/src/gopath/pkg/mod/github.com/ohler55/ojg@v1.27.0/oj/parser.go
0.6716128910988056,0,0,0,0,0,0,0.0,1,/home/mr1jk1/Documents/eli/yay/src/gopath/pkg/mod/github.com/ohler55/ojg@v1.27.0/oj/parser_test.go
0.571164653517496,0,0,0,0,0,0,0.0,1,/home/mr1jk1/Documents/eli/yay/src/gopath/pkg/mod/github.com/ohler55/ojg@v1.27.0/oj/simpleparser.go
0.6353978438998339,0,0,0,0,0,0,0.0,1,/home/mr1jk1/Documents/eli/yay/src/gopath/pkg/mod/github.com/ohler55/ojg@v1.27.0/oj/simplifier.go
0.6362150553609632,0,0,0,0,0,0,0.0,1,/home/mr1jk1/Documents/eli/yay/src/gopath/pkg/mod/github.com/ohler55/ojg@v1.27.0/oj/sinfo.go
0.664698468217159,0,0,0,0,0,0,0.0,1,/home/mr1jk1/Documents/eli/yay/src/gopath/pkg/mod/github.com/ohler55/ojg@v1.27.0/oj/struct_test.go
0.6380008386055475,0,0,0,0,0,0,0.0,1,/home/mr1jk1/Documents/eli/yay/src/gopath/pkg/mod/github.com/ohler55/ojg@v1.27.0/oj/textmarshaler.go
0.6450604146430445,0,0,0,0,0,0,0.0,1,/home/mr1jk1/Documents/eli/yay/src/gopath/pkg/mod/github.com/ohler55/ojg@v1.27.0/oj/tight.go
0.6004599201376907,0,0,0,0,0,0,0.0,1,/home/mr1jk1/Documents/eli/yay/src/gopath/pkg/mod/github.com/ohler55/ojg@v1.27.0/oj/tokenhandler.go
0.6295734486801985,0,0,0,0,0,0,0.0,1,/home/mr1jk1/Documents/eli/yay/src/gopath/pkg/mod/github.com/ohler55/ojg@v1.27.0/oj/tokenizer.go
0.6661119853743068,0,0,0,0,0,0,0.0,1,/home/mr1jk1/Documents/eli/yay/src/gopath/pkg/mod/github.com/ohler55/ojg@v1.27.0/oj/tokenizer_test.go
0.6097571147702283,0,0,0,0,0,0,0.0,1,/home/mr1jk1/Documents/eli/yay/src/gopath/pkg/mod/github.com/ohler55/ojg@v1.27.0/oj/tracker.go
0.6570111838068318,0,0,0,0,0,0,0.0,1,/home/mr1jk1/Documents/eli/yay/src/gopath/pkg/mod/github.com/ohler55/ojg@v1.27.0/oj/unmashall_test.go
0.6215336532052177,0,0,0,0,0,0,0.0,1,/home/mr1jk1/Documents/eli/yay/src/gopath/pkg/mod/github.com/ohler55/ojg@v1.27.0/oj/validator.go
0.6540405460507784,0,0,0,0,0,0,0.0,1,/home/mr1jk1/Documents/eli/yay/src/gopath/pkg/mod/github.com/ohler55/ojg@v1.27.0/oj/validator_test.go
0.6400301278768897,0,0,0,0,0,0,0.0,1,/home/mr1jk1/Documents/eli/yay/src/gopath/pkg/mod/github.com/ohler55/ojg@v1.27.0/oj/writer.go
0.6668973252932378,0,0,0,0,0,0,0.0,1,/home/mr1jk1/Documents/eli/yay/src/gopath/pkg/mod/github.com/ohler55/ojg@v1.27.0/oj/writer_test.go
0.6024880695469595,0,0,0,0,0,0,0.0,1,/home/mr1jk1/Documents/eli/yay/src/gopath/pkg/mod/github.com/ohler55/ojg@v1.27.0/oj/zerohandler.go
0.5748833694104927,0,0,0,0,0,0,0.0,1,/home/mr1jk1/Documents/eli/yay/src/gopath/pkg/mod/github.com/ohler55/ojg@v1.27.0/pretty/Makefile
0.6287878495212524,0,0,0,0,0,0,0.0,1,/home/mr1jk1/Documents/eli/yay/src/gopath/pkg/mod/github.com/ohler55/ojg@v1.27.0/pretty/align_test.go
0.6529037454936949,0,0,0,0,0,0,0.0,1,/home/mr1jk1/Documents/eli/yay/src/gopath/pkg/mod/github.com/ohler55/ojg@v1.27.0/pretty/build.go
0.5668796861983056,0,0,0,0,0,0,0.0,1,/home/mr1jk1/Documents/eli/yay/src/gopath/pkg/mod/github.com/ohler55/ojg@v1.27.0/pretty/doc.go
0.6229309074218039,0,0,0,0,0,0,0.0,1,/home/mr1jk1/Documents/eli/yay/src/gopath/pkg/mod/github.com/ohler55/ojg@v1.27.0/pretty/example_test.go
0.6146907110532548,0,0,0,0,0,0,0.0,1,/home/mr1jk1/Documents/eli/yay/src/gopath/pkg/mod/github.com/ohler55/ojg@v1.27.0/pretty/node.go
0.5960016801639956,0,0,0,0,0,0,0.0,1,/home/mr1jk1/Documents/eli/yay/src/gopath/pkg/mod/github.com/ohler55/ojg@v1.27.0/pretty/pretty.go
0.626807823471374,0,0,0,0,0,0,0.0,1,/home/mr1jk1/Documents/eli/yay/src/gopath/pkg/mod/github.com/ohler55/ojg@v1.27.0/pretty/writer.go
0.6678623641623799,0,0,0,0,0,0,0.0,1,/home/mr1jk1/Documents/eli/yay/src/gopath/pkg/mod/github.com/ohler55/ojg@v1.27.0/pretty/writer_test.go
0.5769835773253862,0,0,0,0,0,0,0.0,1,/home/mr1jk1/Documents/eli/yay/src/gopath/pkg/mod/github.com/ohler55/ojg@v1.27.0/sen/Makefile
0.6379668125439464,0,0,0,0,0,0,0.0,1,/home/mr1jk1/Documents/eli/yay/src/gopath/pkg/mod/github.com/ohler55/ojg@v1.27.0/sen/color.go
0.6523896364168383,0,0,0,0,0,0,0.0,1,/home/mr1jk1/Documents/eli/yay/src/gopath/pkg/mod/github.com/ohler55/ojg@v1.27.0/sen/color_test.go
0.6361167246184739,0,0,0,0,0,0,0.0,1,/home/mr1jk1/Documents/eli/yay/src/gopath/pkg/mod/github.com/ohler55/ojg@v1.27.0/sen/example_interface_test.go
0.6563222398995056,0,0,0,0,0,0,0.0,1,/home/mr1jk1/Documents/eli/yay/src/gopath/pkg/mod/github.com/ohler55/ojg@v1.27.0/sen/example_test.go
0.618834638242657,0,0,0,0,0,0,0.0,1,/home/mr1jk1/Documents/eli/yay/src/gopath/pkg/mod/github.com/ohler55/ojg@v1.27.0/sen/fbool.go
0.6350266785461627,0,0,0,0,0,0,0.0,1,/home/mr1jk1/Documents/eli/yay/src/gopath/pkg/mod/github.com/ohler55/ojg@v1.27.0/sen/ffloat32.go
0.6327903381577027,0,0,0,0,0,0,0.0,1,/home/mr1jk1/Documents/eli/yay/src/gopath/pkg/mod/github.com/ohler55/ojg@v1.27.0/sen/ffloat64.go
0.6375218578244416,0,0,0,0,0,0,0.0,1,/home/mr1jk1/Documents/eli/yay/src/gopath/pkg/mod/github.com/ohler55/ojg@v1.27.0/sen/finfo.go
0.6239162854406671,0,0,0,0,0,0,0.0,1,/home/mr1jk1/Documents/eli/yay/src/gopath/pkg/mod/github.com/ohler55/ojg@v1.27.0/sen/fint.go
0.6286791681450078,0,0,0,0,0,0,0.0,1,/home/mr1jk1/Documents/eli/yay/src/gopath/pkg/mod/github.com/ohler55/ojg@v1.27.0/sen/fint16.go
0.6306136443826243,0,0,0,0,0,0,0.0,1,/home/mr1jk1/Documents/eli/yay/src/gopath/pkg/mod/github.com/ohler55/ojg@v1.27.0/sen/fint32.go
0.6282092227216285,0,0,0,0,0,0,0.0,1,/home/mr1jk1/Documents/eli/yay/src/gopath/pkg/mod/github.com/ohler55/ojg@v1.27.0/sen/fint64.go
0.6272447203691927,0,0,0,0,0,0,0.0,1,/home/mr1jk1/Documents/eli/yay/src/gopath/pkg/mod/github.com/ohler55/ojg@v1.27.0/sen/fint8.go
0.6242260536451536,0,0,0,0,0,0,0.0,1,/home/mr1jk1/Documents/eli/yay/src/gopath/pkg/mod/github.com/ohler55/ojg@v1.27.0/sen/fuint.go
0.6289608485078105,0,0,0,0,0,0,0.0,1,/home/mr1jk1/Documents/eli/yay/src/gopath/pkg/mod/github.com/ohler55/ojg@v1.27.0/sen/fuint16.go
0.630868087957741,0,0,0,0,0,0,0.0,1,/home/mr1jk1/Documents/eli/yay/src/gopath/pkg/mod/github.com/ohler55/ojg@v1.27.0/sen/fuint32.go
0.6287663461102284,0,0,0,0,0,0,0.0,1,/home/mr1jk1/Documents/eli/yay/src/gopath/pkg/mod/github.com/ohler55/ojg@v1.27.0/sen/fuint64.go
0.6275269716323743,0,0,0,0,0,0,0.0,1,/home/mr1jk1/Documents/eli/yay/src/gopath/pkg/mod/github.com/ohler55/ojg@v1.27.0/sen/fuint8.go
0.6349543681148574,0,0,0,0,0,0,0.0,1,/home/mr1jk1/Documents/eli/yay/src/gopath/pkg/mod/github.com/ohler55/ojg@v1.27.0/sen/genericer.go
0.6397772125176445,0,0,0,0,0,0,0.0,1,/home/mr1jk1/Documents/eli/yay/src/gopath/pkg/mod/github.com/ohler55/ojg@v1.27.0/sen/jsonmarshaler.go
0.48892318064875234,0,0,0,0,0,0,0.0,1,/home/mr1jk1/Documents/eli/yay/src/gopath/pkg/mod/github.com/ohler55/ojg@v1.27.0/sen/maps.go
0.6559053934880366,0,0,0,0,0,0,0.0,1,/home/mr1jk1/Documents/eli/yay/src/gopath/pkg/mod/github.com/ohler55/ojg@v1.27.0/sen/match_test.go
0.6339094902939915,0,0,0,0,0,0,0.0,1,/home/mr1jk1/Documents/eli/yay/src/gopath/pkg/mod/github.com/ohler55/ojg@v1.27.0/sen/mongo.go
0.6912269747038011,0,0,0,0,0,0,0.0,1,/home/mr1jk1/Documents/eli/yay/src/gopath/pkg/mod/github.com/ohler55/ojg@v1.27.0/sen/mongo_test.go
0.6315116381011696,0,0,0,0,0,0,0.0,1,/home/mr1jk1/Documents/eli/yay/src/gopath/pkg/mod/github.com/ohler55/ojg@v1.27.0/sen/parser.go
0.6646991800281888,0,0,0,0,0,0,0.0,1,/home/mr1jk1/Documents/eli/yay/src/gopath/pkg/mod/github.com/ohler55/ojg@v1.27.0/sen/parser_test.go
0.6177785011743979,0,0,0,0,0,0,0.0,1,/home/mr1jk1/Documents/eli/yay/src/gopath/pkg/mod/github.com/ohler55/ojg@v1.27.0/sen/sen.go
0.6349253626644435,0,0,0,0,0,0,0.0,1,/home/mr1jk1/Documents/eli/yay/src/gopath/pkg/mod/github.com/ohler55/ojg@v1.27.0/sen/simplifier.go
0.6360497574465883,0,0,0,0,0,0,0.0,1,/home/mr1jk1/Documents/eli/yay/src/gopath/pkg/mod/github.com/ohler55/ojg@v1.27.0/sen/sinfo.go
0.664848847639389,0,0,0,0,0,0,0.0,1,/home/mr1jk1/Documents/eli/yay/src/gopath/pkg/mod/github.com/ohler55/ojg@v1.27.0/sen/struct_test.go
0.6371076138115199,0,0,0,0,0,0,0.0,1,/home/mr1jk1/Documents/eli/yay/src/gopath/pkg/mod/github.com/ohler55/ojg@v1.27.0/sen/textmarshaler.go
0.6419394518736076,0,0,0,0,0,0,0.0,1,/home/mr1jk1/Documents/eli/yay/src/gopath/pkg/mod/github.com/ohler55/ojg@v1.27.0/sen/tight.go
0.63584929550818,0,0,0,0,0,0,0.0,1,/home/mr1jk1/Documents/eli/yay/src/gopath/pkg/mod/github.com/ohler55/ojg@v1.27.0/sen/tokenizer.go
0.659138309152143,0,0,0,0,0,0,0.0,1,/home/mr1jk1/Documents/eli/yay/src/gopath/pkg/mod/github.com/ohler55/ojg@v1.27.0/sen/tokenizer_test.go
0.6413332445374968,0,0,0,0,0,0,0.0,1,/home/mr1jk1/Documents/eli/yay/src/gopath/pkg/mod/github.com/ohler55/ojg@v1.27.0/sen/unmashall_test.go
0.6387700248383278,0,0,0,0,0,0,0.0,1,/home/mr1jk1/Documents/eli/yay/src/gopath/pkg/mod/github.com/ohler55/ojg@v1.27.0/sen/writer.go
0.6605104557535144,0,0,0,0,0,0,0.0,1,/home/mr1jk1/Documents/eli/yay/src/gopath/pkg/mod/github.com/ohler55/ojg@v1.27.0/sen/writer_test.go
0.5535548972091894,0,0,0,0,0,0,0.0,1,/home/mr1jk1/Documents/eli/yay/src/gopath/pkg/mod/github.com/ohler55/ojg@v1.27.0/tt/doc.go
0.6128612848987307,0,0,0,0,0,0,0.0,1,/home/mr1jk1/Documents/eli/yay/src/gopath/pkg/mod/github.com/ohler55/ojg@v1.27.0/tt/equal.go
0.623255034376701,0,0,0,0,0,0,0.0,1,/home/mr1jk1/Documents/eli/yay/src/gopath/pkg/mod/github.com/ohler55/ojg@v1.27.0/tt/nil.go
0.6115192640796797,0,0,0,0,0,0,0.0,1,/home/mr1jk1/Documents/eli/yay/src/gopath/pkg/mod/github.com/ohler55/ojg@v1.27.0/tt/panic.go
0.6192634901170503,0,0,0,0,0,0,0.0,1,/home/mr1jk1/Documents/eli/yay/src/gopath/pkg/mod/github.com/ohler55/ojg@v1.27.0/tt/sametype.go
0.5997459879889643,0,0,0,0,0,0,0.0,1,/home/mr1jk1/Documents/eli/yay/src/gopath/pkg/mod/github.com/ohler55/ojg@v1.27.0/tt/shortreader.go
0.6315224589582981,0,0,0,0,0,0,0.0,1,/home/mr1jk1/Documents/eli/yay/src/gopath/pkg/mod/github.com/ohler55/ojg@v1.27.0/tt/util.go
0.1385128457644964,0,0,1,0,0,0,0.0,1,/home/mr1jk1/Documents/eli/yay/src/gopath/pkg/mod/github.com/ohler55/ojg@v1.27.0/discover/testdata/with-sen.txt
0.4324289523296623,0,0,0,0,0,0,0.0,1,/home/mr1jk1/Documents/eli/yay/src/gopath/pkg/mod/github.com/ohler55/ojg@v1.27.0/cmd/benchmarks/.gitignore
0.6494808657583833,0,0,0,0,0,0,0.0,1,/home/mr1jk1/Documents/eli/yay/src/gopath/pkg/mod/github.com/ohler55/ojg@v1.27.0/cmd/benchmarks/alt.go
0.6240443749747508,0,0,0,0,0,0,0.0,1,/home/mr1jk1/Documents/eli/yay/src/gopath/pkg/mod/github.com/ohler55/ojg@v1.27.0/cmd/benchmarks/gen.go
0.6319101059602965,0,0,0,0,0,0,0.0,1,/home/mr1jk1/Documents/eli/yay/src/gopath/pkg/mod/github.com/ohler55/ojg@v1.27.0/cmd/benchmarks/gojson.go
0.6515264578344317,0,0,0,0,0,0,0.0,1,/home/mr1jk1/Documents/eli/yay/src/gopath/pkg/mod/github.com/ohler55/ojg@v1.27.0/cmd/benchmarks/jp.go
0.6522937327049,0,0,0,0,0,0,0.0,1,/home/mr1jk1/Documents/eli/yay/src/gopath/pkg/mod/github.com/ohler55/ojg@v1.27.0/cmd/benchmarks/main.go
0.6394345274530818,0,0,0,0,0,0,0.0,1,/home/mr1jk1/Documents/eli/yay/src/gopath/pkg/mod/github.com/ohler55/ojg@v1.27.0/cmd/benchmarks/oj.go
0.6473426749263331,0,0,0,0,0,0,0.0,1,/home/mr1jk1/Documents/eli/yay/src/gopath/pkg/mod/github.com/ohler55/ojg@v1.27.0/cmd/benchmarks/pretty.go
0.5321467274701279,0,0,1,0,0,0,0.0,1,/home/mr1jk1/Documents/eli/yay/src/gopath/pkg/mod/github.com/ohler55/ojg@v1.27.0/cmd/benchmarks/results.md
0.639429721392097,0,0,0,0,0,0,0.0,1,/home/mr1jk1/Documents/eli/yay/src/gopath/pkg/mod/github.com/ohler55/ojg@v1.27.0/cmd/benchmarks/sen.go
0.5751558163125898,0,0,0,0,0,0,0.0,1,/home/mr1jk1/Documents/eli/yay/src/gopath/pkg/mod/github.com/ohler55/ojg@v1.27.0/cmd/benchmarks/unmarshal.go
0.1981203125901445,0,0,0,0,0,0,0.0,1,/home/mr1jk1/Documents/eli/yay/src/gopath/pkg/mod/github.com/ohler55/ojg@v1.27.0/cmd/oj/.gitignore
0.641800878945993,0,0,0,0,0,0,0.0,1,/home/mr1jk1/Documents/eli/yay/src/gopath/pkg/mod/github.com/ohler55/ojg@v1.27.0/cmd/oj/Makefile
0.5940646176329981,0,0,0,0,0,0,0.0,1,/home/mr1jk1/Documents/eli/yay/src/gopath/pkg/mod/github.com/ohler55/ojg@v1.27.0/cmd/oj/doc.go
0.545258658905971,0,0,0,0,0,0,0.0,1,/home/mr1jk1/Documents/eli/yay/src/gopath/pkg/mod/github.com/ohler55/ojg@v1.27.0/cmd/oj/doc_gen.go
0.6279621532284297,0,1,0,0,0,0,0.0,1,/home/mr1jk1/Documents/eli/yay/src/gopath/pkg/mod/github.com/ohler55/ojg@v1.27.0/cmd/oj/doc_gen.sh
0.6352918628116657,0,0,0,0,0,0,0.0,1,/home/mr1jk1/Documents/eli/yay/src/gopath/pkg/mod/github.com/ohler55/ojg@v1.27.0/cmd/oj/main.go
0.55998025212253,0,0,0,0,0,0,0.0,1,/home/mr1jk1/Documents/eli/yay/src/gopath/pkg/mod/github.com/ohler55/ojg@v1.27.0/cmd/oj/oj-config.sen
0.5111504777662376,0,0,0,0,0,0,0.0,1,/home/mr1jk1/Documents/eli/yay/src/gopath/pkg/mod/github.com/ohler55/ojg@v1.27.0/cmd/oj/test/addr-plan.sen
0.5515988204637043,0,0,0,0,0,0,0.0,1,/home/mr1jk1/Documents/eli/yay/src/gopath/pkg/mod/github.com/ohler55/ojg@v1.27.0/cmd/oj/test/patient.json
0.5911576620730962,0,0,0,0,0,0,0.0,1,/home/mr1jk1/Documents/eli/yay/src/gopath/pkg/mod/github.com/ohler55/ojg@v1.27.0/cmd/oj/test/patient.sen
0.571189657292518,0,0,0,0,0,0,0.0,1,/home/mr1jk1/Documents/eli/yay/src/gopath/pkg/mod/github.com/ohler55/ojg@v1.27.0/cmd/benchmarks/test/ca.json
0.42140322983432044,0,0,0,0,0,0,0.0,1,/home/mr1jk1/Documents/eli/yay/src/gopath/pkg/mod/github.com/ohler55/ojg@v1.27.0/cmd/benchmarks/test/citm_catalog.json
0.5512595667597736,0,0,0,0,0,0,0.0,1,/home/mr1jk1/Documents/eli/yay/src/gopath/pkg/mod/github.com/ohler55/ojg@v1.27.0/cmd/benchmarks/test/patient.json
0.5446339315910049,0,0,0,0,0,0,0.0,1,/home/mr1jk1/Documents/eli/yay/src/gopath/pkg/mod/github.com/ohler55/ojg@v1.27.0/cmd/benchmarks/test/patient.sen
0.5533164845298777,0,0,0,0,0,0,0.0,1,/home/mr1jk1/Documents/eli/yay/src/gopath/pkg/mod/github.com/ohler55/ojg@v1.27.0/.github/workflows/CI.yml
0.5379223993771396,0,0,0,0,0,0,0.0,1,/home/mr1jk1/Documents/eli/yay/src/gopath/pkg/mod/github.com/itchyny/gojq@v0.12.18/.dockerignore
0.5318946127123299,0,0,0,0,0,0,0.0,1,/home/mr1jk1/Documents/eli/yay/src/gopath/pkg/mod/github.com/itchyny/gojq@v0.12.18/.gitattributes
0.5216675551335144,0,0,0,0,0,0,0.0,1,/home/mr1jk1/Documents/eli/yay/src/gopath/pkg/mod/github.com/itchyny/gojq@v0.12.18/.gitignore
0.6272641043504728,0,0,1,0,0,0,0.0,1,/home/mr1jk1/Documents/eli/yay/src/gopath/pkg/mod/github.com/itchyny/gojq@v0.12.18/CHANGELOG.md
0.6755073339171853,0,0,0,0,0,0,0.0,1,/home/mr1jk1/Documents/eli/yay/src/gopath/pkg/mod/github.com/itchyny/gojq@v0.12.18/Dockerfile
0.6406741604241167,0,0,0,0,0,0,0.0,1,/home/mr1jk1/Documents/eli/yay/src/gopath/pkg/mod/github.com/itchyny/gojq@v0.12.18/LICENSE
0.683160953521565,0,0,0,0,0,0,0.0,1,/home/mr1jk1/Documents/eli/yay/src/gopath/pkg/mod/github.com/itchyny/gojq@v0.12.18/Makefile
0.6413220476437682,0,0,1,0,0,0,0.0,1,/home/mr1jk1/Documents/eli/yay/src/gopath/pkg/mod/github.com/itchyny/gojq@v0.12.18/README.md
0.5988759236986647,0,0,0,0,0,0,0.0,1,/home/mr1jk1/Documents/eli/yay/src/gopath/pkg/mod/github.com/itchyny/gojq@v0.12.18/_gojq
0.6047676263702902,0,0,0,0,0,0,0.0,1,/home/mr1jk1/Documents/eli/yay/src/gopath/pkg/mod/github.com/itchyny/gojq@v0.12.18/builtin.go
0.6038228851975876,0,0,0,0,0,0,0.0,1,/home/mr1jk1/Documents/eli/yay/src/gopath/pkg/mod/github.com/itchyny/gojq@v0.12.18/builtin.jq
0.554435983999151,0,0,0,0,0,0,0.0,1,/home/mr1jk1/Documents/eli/yay/src/gopath/pkg/mod/github.com/itchyny/gojq@v0.12.18/code.go
0.6202743199483818,0,0,0,0,0,0,0.0,1,/home/mr1jk1/Documents/eli/yay/src/gopath/pkg/mod/github.com/itchyny/gojq@v0.12.18/compare.go
0.6098973531817066,0,0,0,0,0,0,0.0,1,/home/mr1jk1/Documents/eli/yay/src/gopath/pkg/mod/github.com/itchyny/gojq@v0.12.18/compare_test.go
0.6381476113940069,0,0,0,0,0,0,0.0,1,/home/mr1jk1/Documents/eli/yay/src/gopath/pkg/mod/github.com/itchyny/gojq@v0.12.18/compiler.go
0.6507940827323432,0,0,0,0,0,0,0.0,1,/home/mr1jk1/Documents/eli/yay/src/gopath/pkg/mod/github.com/itchyny/gojq@v0.12.18/compiler_test.go
0.6491490847127225,0,0,0,0,0,0,0.0,1,/home/mr1jk1/Documents/eli/yay/src/gopath/pkg/mod/github.com/itchyny/gojq@v0.12.18/debug.go
0.6582937988648906,0,0,0,0,0,0,0.0,1,/home/mr1jk1/Documents/eli/yay/src/gopath/pkg/mod/github.com/itchyny/gojq@v0.12.18/encoder.go
0.6804284086390711,0,0,0,0,0,0,0.0,1,/home/mr1jk1/Documents/eli/yay/src/gopath/pkg/mod/github.com/itchyny/gojq@v0.12.18/encoder_test.go
0.5620459807875914,0,0,0,0,0,0,0.0,1,/home/mr1jk1/Documents/eli/yay/src/gopath/pkg/mod/github.com/itchyny/gojq@v0.12.18/env.go
0.5914423639407874,0,0,0,0,0,0,0.0,1,/home/mr1jk1/Documents/eli/yay/src/gopath/pkg/mod/github.com/itchyny/gojq@v0.12.18/error.go
0.6102715275103491,0,0,0,0,0,0,0.0,1,/home/mr1jk1/Documents/eli/yay/src/gopath/pkg/mod/github.com/itchyny/gojq@v0.12.18/execute.go
0.6390235147202581,0,0,0,0,0,0,0.0,1,/home/mr1jk1/Documents/eli/yay/src/gopath/pkg/mod/github.com/itchyny/gojq@v0.12.18/func.go
0.6095819848233405,0,0,0,0,0,0,0.0,1,/home/mr1jk1/Documents/eli/yay/src/gopath/pkg/mod/github.com/itchyny/gojq@v0.12.18/go.dev.mod
0.717413834356962,0,0,0,0,0,0,0.0,1,/home/mr1jk1/Documents/eli/yay/src/gopath/pkg/mod/github.com/itchyny/gojq@v0.12.18/go.dev.sum
0.6175456812661173,0,0,0,0,0,0,0.0,1,/home/mr1jk1/Documents/eli/yay/src/gopath/pkg/mod/github.com/itchyny/gojq@v0.12.18/go.mod
0.7308004467103679,0,0,0,0,0,0,0.0,1,/home/mr1jk1/Documents/eli/yay/src/gopath/pkg/mod/github.com/itchyny/gojq@v0.12.18/go.sum
0.5753065245785448,0,0,0,0,0,0,0.0,1,/home/mr1jk1/Documents/eli/yay/src/gopath/pkg/mod/github.com/itchyny/gojq@v0.12.18/gojq.go
0.595789214887987,0,0,0,0,0,0,0.0,1,/home/mr1jk1/Documents/eli/yay/src/gopath/pkg/mod/github.com/itchyny/gojq@v0.12.18/iter.go
0.6239362262213558,0,0,0,0,0,0,0.0,1,/home/mr1jk1/Documents/eli/yay/src/gopath/pkg/mod/github.com/itchyny/gojq@v0.12.18/lexer.go
0.625646648754847,0,0,0,0,0,0,0.0,1,/home/mr1jk1/Documents/eli/yay/src/gopath/pkg/mod/github.com/itchyny/gojq@v0.12.18/module_loader.go
0.6323449378487915,0,0,0,0,0,0,0.0,1,/home/mr1jk1/Documents/eli/yay/src/gopath/pkg/mod/github.com/itchyny/gojq@v0.12.18/operator.go
0.6093384122314426,0,0,0,0,0,0,0.0,1,/home/mr1jk1/Documents/eli/yay/src/gopath/pkg/mod/github.com/itchyny/gojq@v0.12.18/option.go
0.6390747097562173,0,0,0,0,0,0,0.0,1,/home/mr1jk1/Documents/eli/yay/src/gopath/pkg/mod/github.com/itchyny/gojq@v0.12.18/option_environ_loader_test.go
0.6382238413603326,0,0,0,0,0,0,0.0,1,/home/mr1jk1/Documents/eli/yay/src/gopath/pkg/mod/github.com/itchyny/gojq@v0.12.18/option_function_test.go
0.6432420128532931,0,0,0,0,0,0,0.0,1,/home/mr1jk1/Documents/eli/yay/src/gopath/pkg/mod/github.com/itchyny/gojq@v0.12.18/option_input_iter_test.go
0.6364767551689514,0,0,0,0,0,0,0.0,1,/home/mr1jk1/Documents/eli/yay/src/gopath/pkg/mod/github.com/itchyny/gojq@v0.12.18/option_iter_function_test.go
0.6368824443812298,0,0,0,0,0,0,0.0,1,/home/mr1jk1/Documents/eli/yay/src/gopath/pkg/mod/github.com/itchyny/gojq@v0.12.18/option_module_loader_test.go
0.643143037299853,0,0,0,0,0,0,0.0,1,/home/mr1jk1/Documents/eli/yay/src/gopath/pkg/mod/github.com/itchyny/gojq@v0.12.18/option_test.go
0.649864284984599,0,0,0,0,0,0,0.0,1,/home/mr1jk1/Documents/eli/yay/src/gopath/pkg/mod/github.com/itchyny/gojq@v0.12.18/option_variables_test.go
0.6680593780224006,0,0,0,0,0,0,0.0,1,/home/mr1jk1/Documents/eli/yay/src/gopath/pkg/mod/github.com/itchyny/gojq@v0.12.18/parser.go
0.6061889009856292,0,0,0,0,0,0,0.0,1,/home/mr1jk1/Documents/eli/yay/src/gopath/pkg/mod/github.com/itchyny/gojq@v0.12.18/parser.go.y
0.6305156642604489,0,0,0,0,0,0,0.0,1,/home/mr1jk1/Documents/eli/yay/src/gopath/pkg/mod/github.com/itchyny/gojq@v0.12.18/preview.go
0.6571687873776091,0,0,0,0,0,0,0.0,1,/home/mr1jk1/Documents/eli/yay/src/gopath/pkg/mod/github.com/itchyny/gojq@v0.12.18/preview_test.go
0.628968689211854,0,0,0,0,0,0,0.0,1,/home/mr1jk1/Documents/eli/yay/src/gopath/pkg/mod/github.com/itchyny/gojq@v0.12.18/query.go
0.6389570604997237,0,0,0,0,0,0,0.0,1,/home/mr1jk1/Documents/eli/yay/src/gopath/pkg/mod/github.com/itchyny/gojq@v0.12.18/query_test.go
0.6001113874377225,0,0,0,0,0,0,0.0,1,/home/mr1jk1/Documents/eli/yay/src/gopath/pkg/mod/github.com/itchyny/gojq@v0.12.18/release.go
0.6036508134428072,0,0,0,0,0,0,0.0,1,/home/mr1jk1/Documents/eli/yay/src/gopath/pkg/mod/github.com/itchyny/gojq@v0.12.18/scope_stack.go
0.5986532678089674,0,0,0,0,0,0,0.0,1,/home/mr1jk1/Documents/eli/yay/src/gopath/pkg/mod/github.com/itchyny/gojq@v0.12.18/stack.go
0.5656650213545833,0,0,0,0,0,0,0.0,1,/home/mr1jk1/Documents/eli/yay/src/gopath/pkg/mod/github.com/itchyny/gojq@v0.12.18/term_type.go
0.6253142586280649,0,0,0,0,0,0,0.0,1,/home/mr1jk1/Documents/eli/yay/src/gopath/pkg/mod/github.com/itchyny/gojq@v0.12.18/type.go
0.6412081344751198,0,0,0,0,0,0,0.0,1,/home/mr1jk1/Documents/eli/yay/src/gopath/pkg/mod/github.com/itchyny/gojq@v0.12.18/type_test.go
0.6477356137257259,0,0,1,0,0,0,0.0,1,/home/mr1jk1/Documents/eli/yay/src/gopath/pkg/mod/github.com/itchyny/timefmt-go@v0.1.7/CHANGELOG.md
0.6399790723796311,0,0,0,0,0,0,0.0,1,/home/mr1jk1/Documents/eli/yay/src/gopath/pkg/mod/github.com/itchyny/timefmt-go@v0.1.7/LICENSE
0.6122684642990465,0,0,0,0,0,0,0.0,1,/home/mr1jk1/Documents/eli/yay/src/gopath/pkg/mod/github.com/itchyny/timefmt-go@v0.1.7/Makefile
0.656736081006806,0,0,1,0,0,0,0.0,1,/home/mr1jk1/Documents/eli/yay/src/gopath/pkg/mod/github.com/itchyny/timefmt-go@v0.1.7/README.md
0.6139622335006824,0,0,0,0,0,0,0.0,1,/home/mr1jk1/Documents/eli/yay/src/gopath/pkg/mod/github.com/itchyny/timefmt-go@v0.1.7/diff_test.go
0.6327100396142336,0,0,0,0,0,0,0.0,1,/home/mr1jk1/Documents/eli/yay/src/gopath/pkg/mod/github.com/itchyny/timefmt-go@v0.1.7/format.go
0.624182164027929,0,0,0,0,0,0,0.0,1,/home/mr1jk1/Documents/eli/yay/src/gopath/pkg/mod/github.com/itchyny/timefmt-go@v0.1.7/format_test.go
0.54298692247862,0,0,0,0,0,0,0.0,1,/home/mr1jk1/Documents/eli/yay/src/gopath/pkg/mod/github.com/itchyny/timefmt-go@v0.1.7/go.mod
0.0,0,0,0,0,0,0,0.0,1,/home/mr1jk1/Documents/eli/yay/src/gopath/pkg/mod/github.com/itchyny/timefmt-go@v0.1.7/go.sum
0.6184457157108575,0,0,0,0,0,0,0.0,1,/home/mr1jk1/Documents/eli/yay/src/gopath/pkg/mod/github.com/itchyny/timefmt-go@v0.1.7/parse.go
0.6359700473857547,0,0,0,0,0,0,0.0,1,/home/mr1jk1/Documents/eli/yay/src/gopath/pkg/mod/github.com/itchyny/timefmt-go@v0.1.7/parse_test.go
0.5184656614408127,0,0,0,0,0,0,0.0,1,/home/mr1jk1/Documents/eli/yay/src/gopath/pkg/mod/github.com/itchyny/timefmt-go@v0.1.7/timefmt.go
0.5478548201378525,0,0,0,0,0,0,0.0,1,/home/mr1jk1/Documents/eli/yay/src/gopath/pkg/mod/github.com/itchyny/timefmt-go@v0.1.7/.github/workflows/ci.yaml
0.6435789562774941,0,0,0,0,0,0,0.0,1,/home/mr1jk1/Documents/eli/yay/src/gopath/pkg/mod/github.com/itchyny/gojq@v0.12.18/_tools/gen_builtin.go
0.632104013000295,0,0,0,0,0,0,0.0,1,/home/mr1jk1/Documents/eli/yay/src/gopath/pkg/mod/github.com/itchyny/gojq@v0.12.18/_tools/print_builtin.go
0.6365439424479957,0,0,0,0,0,0,0.0,1,/home/mr1jk1/Documents/eli/yay/src/gopath/pkg/mod/github.com/itchyny/gojq@v0.12.18/cli/cli.go
0.6331012505699988,0,0,0,0,0,0,0.0,1,/home/mr1jk1/Documents/eli/yay/src/gopath/pkg/mod/github.com/itchyny/gojq@v0.12.18/cli/cli_test.go
0.6063398995282552,0,0,0,0,0,0,0.0,1,/home/mr1jk1/Documents/eli/yay/src/gopath/pkg/mod/github.com/itchyny/gojq@v0.12.18/cli/color.go
0.6414664386587949,0,0,0,0,0,0,0.0,1,/home/mr1jk1/Documents/eli/yay/src/gopath/pkg/mod/github.com/itchyny/gojq@v0.12.18/cli/encoder.go
0.6196321047127837,0,0,0,0,0,0,0.0,1,/home/mr1jk1/Documents/eli/yay/src/gopath/pkg/mod/github.com/itchyny/gojq@v0.12.18/cli/error.go
0.6191035042141001,0,0,0,0,0,0,0.0,1,/home/mr1jk1/Documents/eli/yay/src/gopath/pkg/mod/github.com/itchyny/gojq@v0.12.18/cli/error_test.go
0.6343757574751576,0,0,0,0,0,0,0.0,1,/home/mr1jk1/Documents/eli/yay/src/gopath/pkg/mod/github.com/itchyny/gojq@v0.12.18/cli/flags.go
0.6101639867605541,0,0,0,0,0,0,0.0,1,/home/mr1jk1/Documents/eli/yay/src/gopath/pkg/mod/github.com/itchyny/gojq@v0.12.18/cli/inputs.go
0.6421729305496978,0,0,0,0,0,0,0.0,1,/home/mr1jk1/Documents/eli/yay/src/gopath/pkg/mod/github.com/itchyny/gojq@v0.12.18/cli/inputs_test.go
0.6196123496021742,0,0,0,0,0,0,0.0,1,/home/mr1jk1/Documents/eli/yay/src/gopath/pkg/mod/github.com/itchyny/gojq@v0.12.18/cli/marshaler.go
0.6038449209054838,0,0,0,0,0,0,0.0,1,/home/mr1jk1/Documents/eli/yay/src/gopath/pkg/mod/github.com/itchyny/gojq@v0.12.18/cli/run.go
0.6105819179820289,0,0,0,0,0,0,0.0,1,/home/mr1jk1/Documents/eli/yay/src/gopath/pkg/mod/github.com/itchyny/gojq@v0.12.18/cli/stream.go
0.6189460678348948,0,0,0,0,0,0,0.0,1,/home/mr1jk1/Documents/eli/yay/src/gopath/pkg/mod/github.com/itchyny/gojq@v0.12.18/cli/test.yaml
0.5983482501570841,0,0,0,0,0,0,0.0,1,/home/mr1jk1/Documents/eli/yay/src/gopath/pkg/mod/github.com/itchyny/gojq@v0.12.18/cmd/gojq/main.go
0.3406850696247335,0,0,0,0,0,0,0.0,1,/home/mr1jk1/Documents/eli/yay/src/gopath/pkg/mod/github.com/itchyny/gojq@v0.12.18/cli/testdata/1.jq
0.3869744068751168,0,0,0,0,0,0,0.0,1,/home/mr1jk1/Documents/eli/yay/src/gopath/pkg/mod/github.com/itchyny/gojq@v0.12.18/cli/testdata/1.json
0.4446509835397708,0,0,0,0,0,0,0.0,1,/home/mr1jk1/Documents/eli/yay/src/gopath/pkg/mod/github.com/itchyny/gojq@v0.12.18/cli/testdata/1.yaml
0.3989514552189223,0,0,0,0,0,0,0.0,1,/home/mr1jk1/Documents/eli/yay/src/gopath/pkg/mod/github.com/itchyny/gojq@v0.12.18/cli/testdata/10.jq
0.4066448045675961,0,0,0,0,0,0,0.0,1,/home/mr1jk1/Documents/eli/yay/src/gopath/pkg/mod/github.com/itchyny/gojq@v0.12.18/cli/testdata/11.jq
0.3989514552189223,0,0,0,0,0,0,0.0,1,/home/mr1jk1/Documents/eli/yay/src/gopath/pkg/mod/github.com/itchyny/gojq@v0.12.18/cli/testdata/12.jq
0.5735442933966539,0,0,0,0,0,0,0.0,1,/home/mr1jk1/Documents/eli/yay/src/gopath/pkg/mod/github.com/itchyny/gojq@v0.12.18/cli/testdata/13.jq
0.3231203125901445,0,0,0,0,0,0,0.0,1,/home/mr1jk1/Documents/eli/yay/src/gopath/pkg/mod/github.com/itchyny/gojq@v0.12.18/cli/testdata/14.jq
0.4239038096571861,0,0,0,0,0,0,0.0,1,/home/mr1jk1/Documents/eli/yay/src/gopath/pkg/mod/github.com/itchyny/gojq@v0.12.18/cli/testdata/2.jq
0.381450204608963,0,0,0,0,0,0,0.0,1,/home/mr1jk1/Documents/eli/yay/src/gopath/pkg/mod/github.com/itchyny/gojq@v0.12.18/cli/testdata/2.json
0.3687126710624505,0,0,0,0,0,0,0.0,1,/home/mr1jk1/Documents/eli/yay/src/gopath/pkg/mod/github.com/itchyny/gojq@v0.12.18/cli/testdata/2.yaml
0.125,0,0,0,0,0,0,0.0,1,/home/mr1jk1/Documents/eli/yay/src/gopath/pkg/mod/github.com/itchyny/gojq@v0.12.18/cli/testdata/3.json
0.38999852966203424,0,0,0,0,0,0,0.0,1,/home/mr1jk1/Documents/eli/yay/src/gopath/pkg/mod/github.com/itchyny/gojq@v0.12.18/cli/testdata/3.yaml
0.585820384901268,0,0,0,0,0,0,0.0,1,/home/mr1jk1/Documents/eli/yay/src/gopath/pkg/mod/github.com/itchyny/gojq@v0.12.18/cli/testdata/4.jq
0.4132713314636484,0,0,0,0,0,0,0.0,1,/home/mr1jk1/Documents/eli/yay/src/gopath/pkg/mod/github.com/itchyny/gojq@v0.12.18/cli/testdata/4.json
0.3687126710624505,0,0,0,0,0,0,0.0,1,/home/mr1jk1/Documents/eli/yay/src/gopath/pkg/mod/github.com/itchyny/gojq@v0.12.18/cli/testdata/4.yaml
0.49607362350752404,0,0,0,0,0,0,0.0,1,/home/mr1jk1/Documents/eli/yay/src/gopath/pkg/mod/github.com/itchyny/gojq@v0.12.18/cli/testdata/5.jq
0.5841107235187841,0,0,0,0,0,0,0.0,1,/home/mr1jk1/Documents/eli/yay/src/gopath/pkg/mod/github.com/itchyny/gojq@v0.12.18/cli/testdata/5.json
0.515927650887492,0,0,0,0,0,0,0.0,1,/home/mr1jk1/Documents/eli/yay/src/gopath/pkg/mod/github.com/itchyny/gojq@v0.12.18/cli/testdata/6.jq
0.33080491808387696,0,0,0,0,0,0,0.0,1,/home/mr1jk1/Documents/eli/yay/src/gopath/pkg/mod/github.com/itchyny/gojq@v0.12.18/cli/testdata/7.jq
0.41353385431690753,0,0,0,0,0,0,0.0,1,/home/mr1jk1/Documents/eli/yay/src/gopath/pkg/mod/github.com/itchyny/gojq@v0.12.18/cli/testdata/7.json
0.0,0,0,0,0,0,0,0.0,1,/home/mr1jk1/Documents/eli/yay/src/gopath/pkg/mod/github.com/itchyny/gojq@v0.12.18/cli/testdata/8.jq
0.21217539021486703,0,0,0,0,0,0,0.0,1,/home/mr1jk1/Documents/eli/yay/src/gopath/pkg/mod/github.com/itchyny/gojq@v0.12.18/cli/testdata/8.json
0.5616895027544214,0,0,0,0,0,0,0.0,1,/home/mr1jk1/Documents/eli/yay/src/gopath/pkg/mod/github.com/itchyny/gojq@v0.12.18/cli/testdata/9.jq
0.3256956275008027,0,0,0,0,0,0,0.0,1,/home/mr1jk1/Documents/eli/yay/src/gopath/pkg/mod/github.com/itchyny/gojq@v0.12.18/cli/testdata/9.json
0.5121233617214224,0,0,0,0,0,0,0.0,1,/home/mr1jk1/Documents/eli/yay/src/gopath/pkg/mod/github.com/itchyny/gojq@v0.12.18/cli/testdata/m1/m1.jq
0.3909983508597094,0,0,0,0,0,0,0.0,1,/home/mr1jk1/Documents/eli/yay/src/gopath/pkg/mod/github.com/itchyny/gojq@v0.12.18/cli/testdata/m1/m1.json
0.5520887579602456,0,0,0,0,0,0,0.0,1,/home/mr1jk1/Documents/eli/yay/src/gopath/pkg/mod/github.com/itchyny/gojq@v0.12.18/cli/testdata/m2/m2.jq
0.40970167960238957,0,0,0,0,0,0,0.0,1,/home/mr1jk1/Documents/eli/yay/src/gopath/pkg/mod/github.com/itchyny/gojq@v0.12.18/cli/testdata/m2/m3.jq
0.1147869792568112,0,0,0,0,0,0,0.0,1,/home/mr1jk1/Documents/eli/yay/src/gopath/pkg/mod/github.com/itchyny/gojq@v0.12.18/cli/testdata/m2/m3.json
0.40970167960238957,0,0,0,0,0,0,0.0,1,/home/mr1jk1/Documents/eli/yay/src/gopath/pkg/mod/github.com/itchyny/gojq@v0.12.18/cli/testdata/m3/m3.jq
0.5732686620480166,0,0,0,0,0,0,0.0,1,/home/mr1jk1/Documents/eli/yay/src/gopath/pkg/mod/github.com/itchyny/gojq@v0.12.18/.github/workflows/ci.yaml
0.6110926047061901,0,0,1,0,0,0,0.0,1,/home/mr1jk1/Documents/eli/yay/src/gopath/pkg/mod/github.com/mitchellh/mapstructure@v1.5.0/CHANGELOG.md
0.6374229336328332,0,0,0,0,0,0,0.0,1,/home/mr1jk1/Documents/eli/yay/src/gopath/pkg/mod/github.com/mitchellh/mapstructure@v1.5.0/LICENSE
0.5933892057126857,0,0,1,0,0,0,0.0,1,/home/mr1jk1/Documents/eli/yay/src/gopath/pkg/mod/github.com/mitchellh/mapstructure@v1.5.0/README.md
0.6190498996801718,0,0,0,0,0,0,0.0,1,/home/mr1jk1/Documents/eli/yay/src/gopath/pkg/mod/github.com/mitchellh/mapstructure@v1.5.0/decode_hooks.go
0.6292085728300563,0,0,0,0,0,0,0.0,1,/home/mr1jk1/Documents/eli/yay/src/gopath/pkg/mod/github.com/mitchellh/mapstructure@v1.5.0/decode_hooks_test.go
0.5834192014128969,0,0,0,0,0,0,0.0,1,/home/mr1jk1/Documents/eli/yay/src/gopath/pkg/mod/github.com/mitchellh/mapstructure@v1.5.0/error.go
0.5391587111893883,0,0,0,0,0,0,0.0,1,/home/mr1jk1/Documents/eli/yay/src/gopath/pkg/mod/github.com/mitchellh/mapstructure@v1.5.0/go.mod
0.625786289184365,0,0,0,0,0,0,0.0,1,/home/mr1jk1/Documents/eli/yay/src/gopath/pkg/mod/github.com/mitchellh/mapstructure@v1.5.0/mapstructure.go
0.642981280032501,0,0,0,0,0,0,0.0,1,/home/mr1jk1/Documents/eli/yay/src/gopath/pkg/mod/github.com/mitchellh/mapstructure@v1.5.0/mapstructure_benchmark_test.go
0.643829889565193,0,0,0,0,0,0,0.0,1,/home/mr1jk1/Documents/eli/yay/src/gopath/pkg/mod/github.com/mitchellh/mapstructure@v1.5.0/mapstructure_bugs_test.go
0.6292590925020064,0,0,0,0,0,0,0.0,1,/home/mr1jk1/Documents/eli/yay/src/gopath/pkg/mod/github.com/mitchellh/mapstructure@v1.5.0/mapstructure_examples_test.go
0.6406767615396056,0,0,0,0,0,0,0.0,1,/home/mr1jk1/Documents/eli/yay/src/gopath/pkg/mod/github.com/mitchellh/mapstructure@v1.5.0/mapstructure_test.go
0.5427465108759691,0,0,0,0,0,0,0.0,1,/home/mr1jk1/Documents/eli/yay/src/gopath/pkg/mod/github.com/mitchellh/mapstructure@v1.5.0/.github/workflows/test.yml
0.6133702948670019,0,0,0,0,0,0,0.0,1,/home/mr1jk1/Documents/eli/yay/src/gopath/pkg/mod/github.com/deckarep/golang-set/v2@v2.8.0/.gitignore
0.6428614191238295,0,0,0,0,0,0,0.0,1,/home/mr1jk1/Documents/eli/yay/src/gopath/pkg/mod/github.com/deckarep/golang-set/v2@v2.8.0/LICENSE
0.6167829121494823,0,0,1,0,0,0,0.0,1,/home/mr1jk1/Documents/eli/yay/src/gopath/pkg/mod/github.com/deckarep/golang-set/v2@v2.8.0/README.md
0.6501960573505533,0,0,0,0,0,0,0.0,1,/home/mr1jk1/Documents/eli/yay/src/gopath/pkg/mod/github.com/deckarep/golang-set/v2@v2.8.0/bench_test.go
0.5717075862110231,0,0,0,0,0,0,0.0,1,/home/mr1jk1/Documents/eli/yay/src/gopath/pkg/mod/github.com/deckarep/golang-set/v2@v2.8.0/go.mod
0.0,0,0,0,0,0,0,0.0,1,/home/mr1jk1/Documents/eli/yay/src/gopath/pkg/mod/github.com/deckarep/golang-set/v2@v2.8.0/go.sum
0.6491979853748172,0,0,0,0,0,0,0.0,1,/home/mr1jk1/Documents/eli/yay/src/gopath/pkg/mod/github.com/deckarep/golang-set/v2@v2.8.0/iterator.go
0.6655339400058508,0,0,0,0,0,0,0.0,1,/home/mr1jk1/Documents/eli/yay/src/gopath/pkg/mod/github.com/deckarep/golang-set/v2@v2.8.0/iterator_example_test.go
0.9708825836138621,0,0,1,0,0,0,0.0,1,/home/mr1jk1/Documents/eli/yay/src/gopath/pkg/mod/github.com/deckarep/golang-set/v2@v2.8.0/new_improved.jpeg
0.6071435105800013,0,0,0,0,0,0,0.0,1,/home/mr1jk1/Documents/eli/yay/src/gopath/pkg/mod/github.com/deckarep/golang-set/v2@v2.8.0/set.go
0.6296830812852454,0,0,0,0,0,0,0.0,1,/home/mr1jk1/Documents/eli/yay/src/gopath/pkg/mod/github.com/deckarep/golang-set/v2@v2.8.0/set123_test.go
0.6488765253736638,0,0,0,0,0,0,0.0,1,/home/mr1jk1/Documents/eli/yay/src/gopath/pkg/mod/github.com/deckarep/golang-set/v2@v2.8.0/set_test.go
0.654076500754974,0,0,0,0,0,0,0.0,1,/home/mr1jk1/Documents/eli/yay/src/gopath/pkg/mod/github.com/deckarep/golang-set/v2@v2.8.0/sorted.go
0.6664772813370975,0,0,0,0,0,0,0.0,1,/home/mr1jk1/Documents/eli/yay/src/gopath/pkg/mod/github.com/deckarep/golang-set/v2@v2.8.0/sorted_test.go
0.6494026388716145,0,0,0,0,0,0,0.0,1,/home/mr1jk1/Documents/eli/yay/src/gopath/pkg/mod/github.com/deckarep/golang-set/v2@v2.8.0/threadsafe.go
0.6588531007564549,0,0,0,0,0,0,0.0,1,/home/mr1jk1/Documents/eli/yay/src/gopath/pkg/mod/github.com/deckarep/golang-set/v2@v2.8.0/threadsafe_test.go
0.6475497129151859,0,0,0,0,0,0,0.0,1,/home/mr1jk1/Documents/eli/yay/src/gopath/pkg/mod/github.com/deckarep/golang-set/v2@v2.8.0/threadunsafe.go
0.6646032175179022,0,0,0,0,0,0,0.0,1,/home/mr1jk1/Documents/eli/yay/src/gopath/pkg/mod/github.com/deckarep/golang-set/v2@v2.8.0/threadunsafe_test.go
0.5415815982028584,0,0,0,0,0,0,0.0,1,/home/mr1jk1/Documents/eli/yay/src/gopath/pkg/mod/github.com/deckarep/golang-set/v2@v2.8.0/.github/workflows/ci.yml
0.6146178729275488,0,0,0,0,0,0,0.0,1,/home/mr1jk1/Documents/eli/yay/src/gopath/pkg/mod/github.com/leonelquinteros/gotext@v1.7.2/.gitignore
0.5609443642749027,0,0,1,0,0,0,0.0,1,/home/mr1jk1/Documents/eli/yay/src/gopath/pkg/mod/github.com/leonelquinteros/gotext@v1.7.2/CODE_OF_CONDUCT.md
0.5562329243404509,0,0,1,0,0,0,0.0,1,/home/mr1jk1/Documents/eli/yay/src/gopath/pkg/mod/github.com/leonelquinteros/gotext@v1.7.2/CONTRIBUTING.md
0.6455618404214565,0,0,0,0,0,0,0.0,1,/home/mr1jk1/Documents/eli/yay/src/gopath/pkg/mod/github.com/leonelquinteros/gotext@v1.7.2/LICENSE
0.616991612985171,0,0,1,0,0,0,0.0,1,/home/mr1jk1/Documents/eli/yay/src/gopath/pkg/mod/github.com/leonelquinteros/gotext@v1.7.2/README.md
0.6325901079907078,0,0,0,0,0,0,0.0,1,/home/mr1jk1/Documents/eli/yay/src/gopath/pkg/mod/github.com/leonelquinteros/gotext@v1.7.2/domain.go
0.6466311107653189,0,0,0,0,0,0,0.0,1,/home/mr1jk1/Documents/eli/yay/src/gopath/pkg/mod/github.com/leonelquinteros/gotext@v1.7.2/domain_test.go
0.6003979359952318,0,0,0,0,0,0,0.0,1,/home/mr1jk1/Documents/eli/yay/src/gopath/pkg/mod/github.com/leonelquinteros/gotext@v1.7.2/go.mod
0.721378781603772,0,0,0,0,0,0,0.0,1,/home/mr1jk1/Documents/eli/yay/src/gopath/pkg/mod/github.com/leonelquinteros/gotext@v1.7.2/go.sum
0.6065433371207843,0,0,0,0,0,0,0.0,1,/home/mr1jk1/Documents/eli/yay/src/gopath/pkg/mod/github.com/leonelquinteros/gotext@v1.7.2/gotext.go
0.644681446682294,0,0,0,0,0,0,0.0,1,/home/mr1jk1/Documents/eli/yay/src/gopath/pkg/mod/github.com/leonelquinteros/gotext@v1.7.2/gotext_test.go
0.6513243690523186,0,0,0,0,0,0,0.0,1,/home/mr1jk1/Documents/eli/yay/src/gopath/pkg/mod/github.com/leonelquinteros/gotext@v1.7.2/helper.go
0.6441312142324842,0,0,0,0,0,0,0.0,1,/home/mr1jk1/Documents/eli/yay/src/gopath/pkg/mod/github.com/leonelquinteros/gotext@v1.7.2/helper_test.go
0.571852314836938,0,0,0,0,0,0,0.0,1,/home/mr1jk1/Documents/eli/yay/src/gopath/pkg/mod/github.com/leonelquinteros/gotext@v1.7.2/introspector.go
0.6261840119447134,0,0,0,0,0,0,0.0,1,/home/mr1jk1/Documents/eli/yay/src/gopath/pkg/mod/github.com/leonelquinteros/gotext@v1.7.2/locale.go
0.6435924301117212,0,0,0,0,0,0,0.0,1,/home/mr1jk1/Documents/eli/yay/src/gopath/pkg/mod/github.com/leonelquinteros/gotext@v1.7.2/locale_test.go
0.6380345664527931,0,0,0,0,0,0,0.0,1,/home/mr1jk1/Documents/eli/yay/src/gopath/pkg/mod/github.com/leonelquinteros/gotext@v1.7.2/mo.go
0.6299668679469369,0,0,0,0,0,0,0.0,1,/home/mr1jk1/Documents/eli/yay/src/gopath/pkg/mod/github.com/leonelquinteros/gotext@v1.7.2/mo_test.go
0.6285092096960402,0,0,0,0,0,0,0.0,1,/home/mr1jk1/Documents/eli/yay/src/gopath/pkg/mod/github.com/leonelquinteros/gotext@v1.7.2/po.go
0.6448077242177817,0,0,0,0,0,0,0.0,1,/home/mr1jk1/Documents/eli/yay/src/gopath/pkg/mod/github.com/leonelquinteros/gotext@v1.7.2/po_test.go
0.5997675700695321,0,0,0,0,0,0,0.0,1,/home/mr1jk1/Documents/eli/yay/src/gopath/pkg/mod/github.com/leonelquinteros/gotext@v1.7.2/translation.go
0.6088399229059299,0,0,0,0,0,0,0.0,1,/home/mr1jk1/Documents/eli/yay/src/gopath/pkg/mod/github.com/leonelquinteros/gotext@v1.7.2/translator.go
0.5503545383229957,0,0,1,0,0,0,0.0,1,/home/mr1jk1/Documents/eli/yay/src/gopath/pkg/mod/github.com/leonelquinteros/gotext@v1.7.2/.github/ISSUE_TEMPLATE.md
0.5646664758864667,0,0,1,0,0,0,0.0,1,/home/mr1jk1/Documents/eli/yay/src/gopath/pkg/mod/github.com/leonelquinteros/gotext@v1.7.2/.github/PULL_REQUEST_TEMPLATE.md
0.6220108699954423,0,0,0,0,0,0,0.0,1,/home/mr1jk1/Documents/eli/yay/src/gopath/pkg/mod/github.com/leonelquinteros/gotext@v1.7.2/plurals/compiler.go
0.6378027264898283,0,0,0,0,0,0,0.0,1,/home/mr1jk1/Documents/eli/yay/src/gopath/pkg/mod/github.com/leonelquinteros/gotext@v1.7.2/plurals/compiler_test.go
0.6117725368010302,0,0,0,0,0,0,0.0,1,/home/mr1jk1/Documents/eli/yay/src/gopath/pkg/mod/github.com/leonelquinteros/gotext@v1.7.2/plurals/expression.go
0.6398046928897252,0,1,0,0,0,0,0.0,1,/home/mr1jk1/Documents/eli/yay/src/gopath/pkg/mod/github.com/leonelquinteros/gotext@v1.7.2/plurals/genfixture.py
0.6257737778712047,0,0,0,0,0,0,0.0,1,/home/mr1jk1/Documents/eli/yay/src/gopath/pkg/mod/github.com/leonelquinteros/gotext@v1.7.2/plurals/math.go
0.5936185318699734,0,0,0,0,0,0,0.0,1,/home/mr1jk1/Documents/eli/yay/src/gopath/pkg/mod/github.com/leonelquinteros/gotext@v1.7.2/plurals/tests.go
0.3018371114970392,0,0,0,0,0,0,0.0,1,/home/mr1jk1/Documents/eli/yay/src/gopath/pkg/mod/github.com/leonelquinteros/gotext@v1.7.2/plurals/testdata/pluralforms.json
0.6564298007359557,0,0,0,0,0,0,0.0,1,/home/mr1jk1/Documents/eli/yay/src/gopath/pkg/mod/github.com/leonelquinteros/gotext@v1.7.2/fixtures/ar/categories.po
0.5673793536921208,0,0,0,0,0,0,0.0,1,/home/mr1jk1/Documents/eli/yay/src/gopath/pkg/mod/github.com/leonelquinteros/gotext@v1.7.2/fixtures/ar/no_plural_header.po
0.6222199966366818,0,0,0,0,0,0,0.0,1,/home/mr1jk1/Documents/eli/yay/src/gopath/pkg/mod/github.com/leonelquinteros/gotext@v1.7.2/fixtures/de/default.mo
0.6084441266534792,0,0,0,0,0,0,0.0,1,/home/mr1jk1/Documents/eli/yay/src/gopath/pkg/mod/github.com/leonelquinteros/gotext@v1.7.2/fixtures/de/default.po
0.6115650968314655,0,0,0,0,0,0,0.0,1,/home/mr1jk1/Documents/eli/yay/src/gopath/pkg/mod/github.com/leonelquinteros/gotext@v1.7.2/fixtures/en_AU/default.po
0.6251187049722251,0,0,0,0,0,0,0.0,1,/home/mr1jk1/Documents/eli/yay/src/gopath/pkg/mod/github.com/leonelquinteros/gotext@v1.7.2/fixtures/en_GB/default.mo
0.6244973619619938,0,0,0,0,0,0,0.0,1,/home/mr1jk1/Documents/eli/yay/src/gopath/pkg/mod/github.com/leonelquinteros/gotext@v1.7.2/fixtures/en_US/default.mo
0.6113256992929404,0,0,0,0,0,0,0.0,1,/home/mr1jk1/Documents/eli/yay/src/gopath/pkg/mod/github.com/leonelquinteros/gotext@v1.7.2/fixtures/en_US/default.po
0.6243792665768587,0,0,0,0,0,0,0.0,1,/home/mr1jk1/Documents/eli/yay/src/gopath/pkg/mod/github.com/leonelquinteros/gotext@v1.7.2/fixtures/fr/LC_MESSAGES/default.mo
0.608391648946038,0,0,0,0,0,0,0.0,1,/home/mr1jk1/Documents/eli/yay/src/gopath/pkg/mod/github.com/leonelquinteros/gotext@v1.7.2/fixtures/fr/LC_MESSAGES/default.po
0.6264421737060074,0,0,0,0,0,0,0.0,1,/home/mr1jk1/Documents/eli/yay/src/gopath/pkg/mod/github.com/leonelquinteros/gotext@v1.7.2/fixtures/de_DE/LC_MESSAGES/default.mo
0.6101965584968858,0,0,0,0,0,0,0.0,1,/home/mr1jk1/Documents/eli/yay/src/gopath/pkg/mod/github.com/leonelquinteros/gotext@v1.7.2/fixtures/de_DE/LC_MESSAGES/default.po
0.5720492207142686,0,0,1,0,0,0,0.0,1,/home/mr1jk1/Documents/eli/yay/src/gopath/pkg/mod/github.com/leonelquinteros/gotext@v1.7.2/cli/xgotext/README.md
0.6227297845847872,0,0,0,0,0,0,0.0,1,/home/mr1jk1/Documents/eli/yay/src/gopath/pkg/mod/github.com/leonelquinteros/gotext@v1.7.2/cli/xgotext/main.go
0.6312191487753392,0,0,0,0,0,0,0.0,1,/home/mr1jk1/Documents/eli/yay/src/gopath/pkg/mod/github.com/leonelquinteros/gotext@v1.7.2/cli/xgotext/fixtures/main.go
0.6273409866872925,0,0,0,0,0,0,0.0,1,/home/mr1jk1/Documents/eli/yay/src/gopath/pkg/mod/github.com/leonelquinteros/gotext@v1.7.2/cli/xgotext/parser/domain.go
0.65024148350298,0,0,0,0,0,0,0.0,1,/home/mr1jk1/Documents/eli/yay/src/gopath/pkg/mod/github.com/leonelquinteros/gotext@v1.7.2/cli/xgotext/parser/gofile.go
0.6270233168134919,0,0,0,0,0,0,0.0,1,/home/mr1jk1/Documents/eli/yay/src/gopath/pkg/mod/github.com/leonelquinteros/gotext@v1.7.2/cli/xgotext/parser/dir/golang.go
0.6023849045612889,0,0,0,0,0,0,0.0,1,/home/mr1jk1/Documents/eli/yay/src/gopath/pkg/mod/github.com/leonelquinteros/gotext@v1.7.2/cli/xgotext/parser/dir/parser.go
0.62833830618567,0,0,0,0,0,0,0.0,1,/home/mr1jk1/Documents/eli/yay/src/gopath/pkg/mod/github.com/leonelquinteros/gotext@v1.7.2/cli/xgotext/parser/pkg-tree/golang.go
0.6282259939919379,0,0,0,0,0,0,0.0,1,/home/mr1jk1/Documents/eli/yay/src/gopath/pkg/mod/github.com/leonelquinteros/gotext@v1.7.2/cli/xgotext/parser/pkg-tree/golang_test.go
0.6151917972415784,0,0,0,0,0,0,0.0,1,/home/mr1jk1/Documents/eli/yay/src/gopath/pkg/mod/github.com/leonelquinteros/gotext@v1.7.2/cli/xgotext/fixtures/i18n/default.po
0.6320050409944018,0,0,0,0,0,0,0.0,1,/home/mr1jk1/Documents/eli/yay/src/gopath/pkg/mod/github.com/leonelquinteros/gotext@v1.7.2/cli/xgotext/fixtures/i18n/domain.po
0.6214625528776425,0,0,0,0,0,0,0.0,1,/home/mr1jk1/Documents/eli/yay/src/gopath/pkg/mod/github.com/leonelquinteros/gotext@v1.7.2/cli/xgotext/fixtures/i18n/domain2.po
0.6351691635510893,0,0,0,0,0,0,0.0,1,/home/mr1jk1/Documents/eli/yay/src/gopath/pkg/mod/github.com/leonelquinteros/gotext@v1.7.2/cli/xgotext/fixtures/i18n/translations.po
0.5806848708645316,0,0,0,0,0,0,0.0,1,/home/mr1jk1/Documents/eli/yay/src/gopath/pkg/mod/github.com/leonelquinteros/gotext@v1.7.2/cli/xgotext/fixtures/pkg/pkg.go
0.5416394964194959,0,0,0,0,0,0,0.0,1,/home/mr1jk1/Documents/eli/yay/src/gopath/pkg/mod/github.com/leonelquinteros/gotext@v1.7.2/.github/workflows/build.yml
0.5863351035362904,0,0,0,0,0,0,0.0,1,/home/mr1jk1/Documents/eli/yay/src/gopath/pkg/mod/github.com/leonelquinteros/gotext@v1.7.2/.github/workflows/codeql.yml
0.5362279338031156,0,0,0,0,0,0,0.0,1,/home/mr1jk1/Documents/eli/yay/src/gopath/pkg/mod/github.com/leonelquinteros/gotext@v1.7.2/.github/workflows/lint.yml
0.5869746177238385,0,0,0,0,0,0,0.0,1,/home/mr1jk1/Documents/eli/yay/src/gopath/pkg/mod/github.com/!jguer/votar@v1.0.0/.gitignore
0.5398896881609654,0,0,0,0,0,0,0.0,1,/home/mr1jk1/Documents/eli/yay/src/gopath/pkg/mod/github.com/!jguer/votar@v1.0.0/.golangci.yml
0.5716603408412925,0,0,0,0,0,0,0.0,1,/home/mr1jk1/Documents/eli/yay/src/gopath/pkg/mod/github.com/!jguer/votar@v1.0.0/LICENSE
0.6471965319410042,0,0,1,0,0,0,0.0,1,/home/mr1jk1/Documents/eli/yay/src/gopath/pkg/mod/github.com/!jguer/votar@v1.0.0/README.md
0.5968009719368016,0,0,0,0,0,0,0.0,1,/home/mr1jk1/Documents/eli/yay/src/gopath/pkg/mod/github.com/!jguer/votar@v1.0.0/go.mod
0.7298612566664993,0,0,0,0,0,0,0.0,1,/home/mr1jk1/Documents/eli/yay/src/gopath/pkg/mod/github.com/!jguer/votar@v1.0.0/go.sum
0.6011347967493615,0,0,0,0,0,0,0.0,1,/home/mr1jk1/Documents/eli/yay/src/gopath/pkg/mod/github.com/!jguer/aur@v1.2.3/.gitignore
0.531410381065023,0,0,0,0,0,0,0.0,1,/home/mr1jk1/Documents/eli/yay/src/gopath/pkg/mod/github.com/!jguer/aur@v1.2.3/.golangci.yml
0.5716803316218436,0,0,0,0,0,0,0.0,1,/home/mr1jk1/Documents/eli/yay/src/gopath/pkg/mod/github.com/!jguer/aur@v1.2.3/LICENSE
0.6717280333521577,0,0,0,0,0,0,0.0,1,/home/mr1jk1/Documents/eli/yay/src/gopath/pkg/mod/github.com/!jguer/aur@v1.2.3/Makefile
0.6351665219003152,0,0,1,0,0,0,0.0,1,/home/mr1jk1/Documents/eli/yay/src/gopath/pkg/mod/github.com/!jguer/aur@v1.2.3/README.md
0.5990955124302766,0,0,0,0,0,0,0.0,1,/home/mr1jk1/Documents/eli/yay/src/gopath/pkg/mod/github.com/!jguer/aur@v1.2.3/client_types.go
0.6062710724206851,0,0,0,0,0,0,0.0,1,/home/mr1jk1/Documents/eli/yay/src/gopath/pkg/mod/github.com/!jguer/aur@v1.2.3/errors.go
0.6010219270584163,0,0,0,0,0,0,0.0,1,/home/mr1jk1/Documents/eli/yay/src/gopath/pkg/mod/github.com/!jguer/aur@v1.2.3/go.mod
0.7279564920195312,0,0,0,0,0,0,0.0,1,/home/mr1jk1/Documents/eli/yay/src/gopath/pkg/mod/github.com/!jguer/aur@v1.2.3/go.sum
0.5994056298114222,0,0,0,0,0,0,0.0,1,/home/mr1jk1/Documents/eli/yay/src/gopath/pkg/mod/github.com/!jguer/aur@v1.2.3/types.go
0.5974328956855646,0,0,0,0,0,0,0.0,1,/home/mr1jk1/Documents/eli/yay/src/gopath/pkg/mod/github.com/!jguer/aur@v1.2.3/types_test.go
0.5913888761528733,0,0,1,0,0,0,0.0,1,/home/mr1jk1/Documents/eli/yay/src/gopath/pkg/mod/github.com/!jguer/aur@v1.2.3/metadata/README.md
0.6198531263088438,0,0,0,0,0,0,0.0,1,/home/mr1jk1/Documents/eli/yay/src/gopath/pkg/mod/github.com/!jguer/aur@v1.2.3/metadata/cache.go
0.6297570218360252,0,0,0,0,0,0,0.0,1,/home/mr1jk1/Documents/eli/yay/src/gopath/pkg/mod/github.com/!jguer/aur@v1.2.3/metadata/cache_test.go
0.6183544755076849,0,0,0,0,0,0,0.0,1,/home/mr1jk1/Documents/eli/yay/src/gopath/pkg/mod/github.com/!jguer/aur@v1.2.3/metadata/client.go
0.6278481553655313,0,0,0,0,0,0,0.0,1,/home/mr1jk1/Documents/eli/yay/src/gopath/pkg/mod/github.com/!jguer/aur@v1.2.3/metadata/client_test.go
0.641685157772802,0,0,0,0,0,0,0.0,1,/home/mr1jk1/Documents/eli/yay/src/gopath/pkg/mod/github.com/!jguer/aur@v1.2.3/metadata/query.go
0.6190860871993304,0,0,0,0,0,0,0.0,1,/home/mr1jk1/Documents/eli/yay/src/gopath/pkg/mod/github.com/!jguer/aur@v1.2.3/metadata/query_test.go
0.65844401829696,0,0,0,0,0,0,0.0,1,/home/mr1jk1/Documents/eli/yay/src/gopath/pkg/mod/github.com/!jguer/aur@v1.2.3/metadata/test.json
0.6273203794714376,0,0,0,0,0,0,0.0,1,/home/mr1jk1/Documents/eli/yay/src/gopath/pkg/mod/github.com/!jguer/aur@v1.2.3/rpc/client.go
0.6171285899255627,0,0,0,0,0,0,0.0,1,/home/mr1jk1/Documents/eli/yay/src/gopath/pkg/mod/github.com/!jguer/aur@v1.2.3/rpc/client_test.go
0.6358564670117188,0,0,0,0,0,0,0.0,1,/home/mr1jk1/Documents/eli/yay/src/gopath/pkg/mod/github.com/!jguer/aur@v1.2.3/rpc/query.go
0.6577903889204519,0,0,0,0,0,0,0.0,1,/home/mr1jk1/Documents/eli/yay/src/gopath/pkg/mod/github.com/!jguer/aur@v1.2.3/rpc/query_test.go
0.6236078245402755,0,0,0,0,0,0,0.0,1,/home/mr1jk1/Documents/eli/yay/src/gopath/pkg/mod/github.com/!jguer/aur@v1.2.3/rpc/req.go
0.6474426902987674,0,0,0,0,0,0,0.0,1,/home/mr1jk1/Documents/eli/yay/src/gopath/pkg/mod/github.com/!jguer/aur@v1.2.3/cmd/aur-cli/main.go
0.6261492349396712,0,0,0,0,0,0,0.0,1,/home/mr1jk1/Documents/eli/yay/src/gopath/pkg/mod/github.com/!jguer/aur@v1.2.3/cmd/aur-cli/main_test.go
0.6474165328560358,0,0,0,0,0,0,0.0,1,/home/mr1jk1/Documents/eli/yay/src/gopath/pkg/mod/github.com/!jguer/aur@v1.2.3/cmd/aur-cli/print.go
0.5259785005299676,0,0,0,0,0,0,0.0,1,/home/mr1jk1/Documents/eli/yay/src/gopath/pkg/mod/github.com/!jguer/aur@v1.2.3/.github/workflows/go.yml
0.5866948733397459,0,0,0,0,0,0,0.0,1,/home/mr1jk1/Documents/eli/yay/src/gopath/pkg/mod/github.com/!jguer/go-alpm/v2@v2.3.1/.gitignore
0.4963518431140816,0,0,0,0,0,0,0.0,1,/home/mr1jk1/Documents/eli/yay/src/gopath/pkg/mod/github.com/!jguer/go-alpm/v2@v2.3.1/.golangci.yml
0.6451061217388376,0,0,0,0,0,0,0.0,1,/home/mr1jk1/Documents/eli/yay/src/gopath/pkg/mod/github.com/!jguer/go-alpm/v2@v2.3.1/Dockerfile
0.6377401499610191,0,0,0,0,0,0,0.0,1,/home/mr1jk1/Documents/eli/yay/src/gopath/pkg/mod/github.com/!jguer/go-alpm/v2@v2.3.1/LICENSE
0.6566061357203559,0,0,0,0,0,0,0.0,1,/home/mr1jk1/Documents/eli/yay/src/gopath/pkg/mod/github.com/!jguer/go-alpm/v2@v2.3.1/Makefile
0.6124390717507799,0,0,1,0,0,0,0.0,1,/home/mr1jk1/Documents/eli/yay/src/gopath/pkg/mod/github.com/!jguer/go-alpm/v2@v2.3.1/README.md
0.6277524946181636,0,0,0,0,0,0,0.0,1,/home/mr1jk1/Documents/eli/yay/src/gopath/pkg/mod/github.com/!jguer/go-alpm/v2@v2.3.1/alpm.go
0.6585809579974442,0,0,0,0,0,0,0.0,1,/home/mr1jk1/Documents/eli/yay/src/gopath/pkg/mod/github.com/!jguer/go-alpm/v2@v2.3.1/alpm_test.go
0.6159953225322911,0,0,0,0,0,0,0.0,1,/home/mr1jk1/Documents/eli/yay/src/gopath/pkg/mod/github.com/!jguer/go-alpm/v2@v2.3.1/callbacks.c
0.6396352997031591,0,0,0,0,0,0,0.0,1,/home/mr1jk1/Documents/eli/yay/src/gopath/pkg/mod/github.com/!jguer/go-alpm/v2@v2.3.1/callbacks.go
0.5710408343828625,0,0,0,0,0,0,0.0,1,/home/mr1jk1/Documents/eli/yay/src/gopath/pkg/mod/github.com/!jguer/go-alpm/v2@v2.3.1/callbacks.h
0.6321027487829334,0,0,0,0,0,0,0.0,1,/home/mr1jk1/Documents/eli/yay/src/gopath/pkg/mod/github.com/!jguer/go-alpm/v2@v2.3.1/callbacks_test.go
0.6340892084540711,0,0,0,0,0,0,0.0,1,/home/mr1jk1/Documents/eli/yay/src/gopath/pkg/mod/github.com/!jguer/go-alpm/v2@v2.3.1/config_test.go
0.6359216605895771,0,0,0,0,0,0,0.0,1,/home/mr1jk1/Documents/eli/yay/src/gopath/pkg/mod/github.com/!jguer/go-alpm/v2@v2.3.1/db.go
0.6468434585283215,0,0,0,0,0,0,0.0,1,/home/mr1jk1/Documents/eli/yay/src/gopath/pkg/mod/github.com/!jguer/go-alpm/v2@v2.3.1/db_test.go
0.6225704595906291,0,0,0,0,0,0,0.0,1,/home/mr1jk1/Documents/eli/yay/src/gopath/pkg/mod/github.com/!jguer/go-alpm/v2@v2.3.1/deps.go
0.6380324663937441,0,0,0,0,0,0,0.0,1,/home/mr1jk1/Documents/eli/yay/src/gopath/pkg/mod/github.com/!jguer/go-alpm/v2@v2.3.1/deps_test.go
0.6310745243304776,0,0,0,0,0,0,0.0,1,/home/mr1jk1/Documents/eli/yay/src/gopath/pkg/mod/github.com/!jguer/go-alpm/v2@v2.3.1/enums.go
0.5946629391959065,0,0,0,0,0,0,0.0,1,/home/mr1jk1/Documents/eli/yay/src/gopath/pkg/mod/github.com/!jguer/go-alpm/v2@v2.3.1/error.go
0.624712405455799,0,0,0,0,0,0,0.0,1,/home/mr1jk1/Documents/eli/yay/src/gopath/pkg/mod/github.com/!jguer/go-alpm/v2@v2.3.1/go.mod
0.7279444853032959,0,0,0,0,0,0,0.0,1,/home/mr1jk1/Documents/eli/yay/src/gopath/pkg/mod/github.com/!jguer/go-alpm/v2@v2.3.1/go.sum
0.6270969081699357,0,0,0,0,0,0,0.0,1,/home/mr1jk1/Documents/eli/yay/src/gopath/pkg/mod/github.com/!jguer/go-alpm/v2@v2.3.1/handle.go
0.6087811342037249,0,0,0,0,0,0,0.0,1,/home/mr1jk1/Documents/eli/yay/src/gopath/pkg/mod/github.com/!jguer/go-alpm/v2@v2.3.1/interfaces.go
0.62993368408721,0,0,0,0,0,0,0.0,1,/home/mr1jk1/Documents/eli/yay/src/gopath/pkg/mod/github.com/!jguer/go-alpm/v2@v2.3.1/package.go
0.6408970677243966,0,0,0,0,0,0,0.0,1,/home/mr1jk1/Documents/eli/yay/src/gopath/pkg/mod/github.com/!jguer/go-alpm/v2@v2.3.1/package_test.go
0.6470403124795838,0,0,0,0,0,0,0.0,1,/home/mr1jk1/Documents/eli/yay/src/gopath/pkg/mod/github.com/!jguer/go-alpm/v2@v2.3.1/sync.go
0.631440822541038,0,0,0,0,0,0,0.0,1,/home/mr1jk1/Documents/eli/yay/src/gopath/pkg/mod/github.com/!jguer/go-alpm/v2@v2.3.1/trans.go
0.6334336246660499,0,0,0,0,0,0,0.0,1,/home/mr1jk1/Documents/eli/yay/src/gopath/pkg/mod/github.com/!jguer/go-alpm/v2@v2.3.1/types.go
0.6322558109649137,0,0,0,0,0,0,0.0,1,/home/mr1jk1/Documents/eli/yay/src/gopath/pkg/mod/github.com/!jguer/go-alpm/v2@v2.3.1/types_test.go
0.6148954745603443,0,0,0,0,0,0,0.0,1,/home/mr1jk1/Documents/eli/yay/src/gopath/pkg/mod/github.com/!jguer/go-alpm/v2@v2.3.1/version.go
0.6246494038587683,0,0,0,0,0,0,0.0,1,/home/mr1jk1/Documents/eli/yay/src/gopath/pkg/mod/github.com/!jguer/go-alpm/v2@v2.3.1/.devcontainer/Dockerfile
0.5739476419738662,0,0,0,0,0,0,0.0,1,/home/mr1jk1/Documents/eli/yay/src/gopath/pkg/mod/github.com/!jguer/go-alpm/v2@v2.3.1/.devcontainer/devcontainer.json
0.5327206069165871,0,0,0,0,0,0,0.0,1,/home/mr1jk1/Documents/eli/yay/src/gopath/pkg/mod/github.com/!jguer/go-alpm/v2@v2.3.1/.github/dependabot.yml
0.5400935081581804,0,0,0,0,0,0,0.0,1,/home/mr1jk1/Documents/eli/yay/src/gopath/pkg/mod/github.com/!jguer/go-alpm/v2@v2.3.1/.vscode/settings.json
0.4976524976775924,0,0,1,0,0,0,0.0,1,/home/mr1jk1/Documents/eli/yay/src/gopath/pkg/mod/github.com/!jguer/go-alpm/v2@v2.3.1/testdata/README.md
0.5648954664842807,0,0,0,0,0,0,0.0,1,/home/mr1jk1/Documents/eli/yay/src/gopath/pkg/mod/github.com/!jguer/go-alpm/v2@v2.3.1/testdata/examples/Makefile
0.5472430924923776,0,0,1,0,0,0,0.0,1,/home/mr1jk1/Documents/eli/yay/src/gopath/pkg/mod/github.com/!jguer/go-alpm/v2@v2.3.1/testdata/examples/README.md
0.6473488731342532,0,0,0,0,0,0,0.0,1,/home/mr1jk1/Documents/eli/yay/src/gopath/pkg/mod/github.com/!jguer/go-alpm/v2@v2.3.1/testdata/examples/depends/depends.go
0.6474549696129279,0,0,0,0,0,0,0.0,1,/home/mr1jk1/Documents/eli/yay/src/gopath/pkg/mod/github.com/!jguer/go-alpm/v2@v2.3.1/testdata/examples/installed/installed.go
0.6571482813692326,0,0,0,0,0,0,0.0,1,/home/mr1jk1/Documents/eli/yay/src/gopath/pkg/mod/github.com/!jguer/go-alpm/v2@v2.3.1/testdata/examples/search/search.go
0.619598152976967,0,0,0,0,0,0,0.0,1,/home/mr1jk1/Documents/eli/yay/src/gopath/pkg/mod/github.com/!jguer/go-alpm/v2@v2.3.1/testdata/examples/sync/sync.go
0.647414113347453,0,0,0,0,0,0,0.0,1,/home/mr1jk1/Documents/eli/yay/src/gopath/pkg/mod/github.com/!jguer/go-alpm/v2@v2.3.1/testdata/examples/updates/updates.go
0.5717052064920051,0,0,0,0,0,0,0.0,1,/home/mr1jk1/Documents/eli/yay/src/gopath/pkg/mod/github.com/!jguer/go-alpm/v2@v2.3.1/.github/workflows/builder-image.yml
0.546581936611411,0,0,0,0,0,0,0.0,1,/home/mr1jk1/Documents/eli/yay/src/gopath/pkg/mod/github.com/!jguer/go-alpm/v2@v2.3.1/.github/workflows/test-git.yml
0.5514872666630387,0,0,0,0,0,0,0.0,1,/home/mr1jk1/Documents/eli/yay/src/gopath/pkg/mod/github.com/!jguer/go-alpm/v2@v2.3.1/.github/workflows/test.yml
0.32459895399770455,0,0,0,0,0,0,0.0,1,/home/mr1jk1/Documents/eli/yay/src/gopath/pkg/mod/github.com/!jguer/votar@v1.0.0/.github/CODEOWNERS
0.46875,0,0,0,0,0,0,0.0,1,/home/mr1jk1/Documents/eli/yay/src/gopath/pkg/mod/github.com/!jguer/votar@v1.0.0/.github/FUNDING.yml
0.64310466361249,0,0,0,0,0,0,0.0,1,/home/mr1jk1/Documents/eli/yay/src/gopath/pkg/mod/github.com/!jguer/votar@v1.0.0/pkg/vote/aur.go
0.6529210424069052,0,0,0,0,0,0,0.0,1,/home/mr1jk1/Documents/eli/yay/src/gopath/pkg/mod/github.com/!jguer/votar@v1.0.0/pkg/vote/aur_test.go
0.6114152334522375,0,0,0,0,0,0,0.0,1,/home/mr1jk1/Documents/eli/yay/src/gopath/pkg/mod/github.com/!jguer/votar@v1.0.0/pkg/vote/client.go
0.614456166727883,0,0,0,0,0,0,0.0,1,/home/mr1jk1/Documents/eli/yay/src/gopath/pkg/mod/github.com/!jguer/votar@v1.0.0/pkg/vote/errors.go
0.6091742638499585,0,0,0,0,0,0,0.0,1,/home/mr1jk1/Documents/eli/yay/src/gopath/pkg/mod/github.com/!jguer/votar@v1.0.0/pkg/vote/example_test.go
0.6276612119862196,0,0,0,0,0,0,0.0,1,/home/mr1jk1/Documents/eli/yay/src/gopath/pkg/mod/github.com/!jguer/votar@v1.0.0/cmd/votar/main.go
0.5424810308084479,0,0,0,0,0,0,0.0,1,/home/mr1jk1/Documents/eli/yay/src/gopath/pkg/mod/github.com/!jguer/votar@v1.0.0/.github/workflows/go.yml
0.5716803316218436,0,0,0,0,0,0,0.0,1,/home/mr1jk1/Documents/eli/yay/src/gopath/pkg/mod/github.com/!morganamilo/go-pacmanconf@v0.0.0-20210502114700-cff030e927a5/LICENSE
0.5991022075201944,0,0,0,0,0,0,0.0,1,/home/mr1jk1/Documents/eli/yay/src/gopath/pkg/mod/github.com/!morganamilo/go-pacmanconf@v0.0.0-20210502114700-cff030e927a5/cmd.go
0.5243584509917216,0,0,0,0,0,0,0.0,1,/home/mr1jk1/Documents/eli/yay/src/gopath/pkg/mod/github.com/!morganamilo/go-pacmanconf@v0.0.0-20210502114700-cff030e927a5/pacmanconf.go
0.6421968590641541,0,0,0,0,0,0,0.0,1,/home/mr1jk1/Documents/eli/yay/src/gopath/pkg/mod/github.com/!morganamilo/go-pacmanconf@v0.0.0-20210502114700-cff030e927a5/pacmanconf_test.go
0.6306323002838861,0,0,0,0,0,0,0.0,1,/home/mr1jk1/Documents/eli/yay/src/gopath/pkg/mod/github.com/!morganamilo/go-pacmanconf@v0.0.0-20210502114700-cff030e927a5/parser.go
0.5675184364040393,0,0,0,0,0,0,0.0,1,/home/mr1jk1/Documents/eli/yay/src/gopath/pkg/mod/github.com/!morganamilo/go-srcinfo@v1.0.0/.travis.yml
0.5716803316218436,0,0,0,0,0,0,0.0,1,/home/mr1jk1/Documents/eli/yay/src/gopath/pkg/mod/github.com/!morganamilo/go-srcinfo@v1.0.0/LICENSE
0.6650220440779248,0,0,1,0,0,0,0.0,1,/home/mr1jk1/Documents/eli/yay/src/gopath/pkg/mod/github.com/!morganamilo/go-srcinfo@v1.0.0/README.md
0.666430822816948,0,0,0,0,0,0,0.0,1,/home/mr1jk1/Documents/eli/yay/src/gopath/pkg/mod/github.com/!morganamilo/go-srcinfo@v1.0.0/examples_test.go
0.6795437159325644,0,0,0,0,0,0,0.0,1,/home/mr1jk1/Documents/eli/yay/src/gopath/pkg/mod/github.com/!morganamilo/go-srcinfo@v1.0.0/libc++_test.go
0.5722034424333071,0,0,0,0,0,0,0.0,1,/home/mr1jk1/Documents/eli/yay/src/gopath/pkg/mod/github.com/!morganamilo/go-srcinfo@v1.0.0/line_error.go
0.5926773512734465,0,0,0,0,0,0,0.0,1,/home/mr1jk1/Documents/eli/yay/src/gopath/pkg/mod/github.com/!morganamilo/go-srcinfo@v1.0.0/line_error_test.go
0.6317748941474037,0,0,0,0,0,0,0.0,1,/home/mr1jk1/Documents/eli/yay/src/gopath/pkg/mod/github.com/!morganamilo/go-srcinfo@v1.0.0/parser.go
0.6214344748123762,0,0,0,0,0,0,0.0,1,/home/mr1jk1/Documents/eli/yay/src/gopath/pkg/mod/github.com/!morganamilo/go-srcinfo@v1.0.0/parser_test.go
0.6418330891517721,0,0,0,0,0,0,0.0,1,/home/mr1jk1/Documents/eli/yay/src/gopath/pkg/mod/github.com/!morganamilo/go-srcinfo@v1.0.0/printsrcinfo.go
0.60900150110585,0,0,0,0,0,0,0.0,1,/home/mr1jk1/Documents/eli/yay/src/gopath/pkg/mod/github.com/!morganamilo/go-srcinfo@v1.0.0/printsrcinfo_test.go
0.6207483685213645,0,0,0,0,0,0,0.0,1,/home/mr1jk1/Documents/eli/yay/src/gopath/pkg/mod/github.com/!morganamilo/go-srcinfo@v1.0.0/srcinfo.go
0.6365189199121584,0,0,0,0,0,0,0.0,1,/home/mr1jk1/Documents/eli/yay/src/gopath/pkg/mod/github.com/!morganamilo/go-srcinfo@v1.0.0/srcinfo_test.go
0.647304902048512,0,0,0,0,0,0,0.0,1,/home/mr1jk1/Documents/eli/yay/src/gopath/pkg/mod/github.com/!morganamilo/go-srcinfo@v1.0.0/testdata/srcinfos/example_SRCINFO
0.5257546834988804,0,0,0,0,0,0,0.0,1,/home/mr1jk1/Documents/eli/yay/src/gopath/pkg/mod/github.com/!morganamilo/go-srcinfo@v1.0.0/testdata/srcinfos/bad/any_field
0.5211938437978989,0,0,0,0,0,0,0.0,1,/home/mr1jk1/Documents/eli/yay/src/gopath/pkg/mod/github.com/!morganamilo/go-srcinfo@v1.0.0/testdata/srcinfos/bad/base_field_after_pkgname
0.5341516563126179,0,0,0,0,0,0,0.0,1,/home/mr1jk1/Documents/eli/yay/src/gopath/pkg/mod/github.com/!morganamilo/go-srcinfo@v1.0.0/testdata/srcinfos/bad/base_field_after_pkgname2
0.0,0,0,0,0,0,0,0.0,1,/home/mr1jk1/Documents/eli/yay/src/gopath/pkg/mod/github.com/!morganamilo/go-srcinfo@v1.0.0/testdata/srcinfos/bad/empty
0.5118995383595927,0,0,0,0,0,0,0.0,1,/home/mr1jk1/Documents/eli/yay/src/gopath/pkg/mod/github.com/!morganamilo/go-srcinfo@v1.0.0/testdata/srcinfos/bad/invalid_arch
0.5001009044881364,0,0,0,0,0,0,0.0,1,/home/mr1jk1/Documents/eli/yay/src/gopath/pkg/mod/github.com/!morganamilo/go-srcinfo@v1.0.0/testdata/srcinfos/bad/multiple_pkgbase
0.5052449133706735,0,0,0,0,0,0,0.0,1,/home/mr1jk1/Documents/eli/yay/src/gopath/pkg/mod/github.com/!morganamilo/go-srcinfo@v1.0.0/testdata/srcinfos/bad/multiple_pkgname
0.49521260287125635,0,0,0,0,0,0,0.0,1,/home/mr1jk1/Documents/eli/yay/src/gopath/pkg/mod/github.com/!morganamilo/go-srcinfo@v1.0.0/testdata/srcinfos/bad/no_arch
0.4991489892982275,0,0,0,0,0,0,0.0,1,/home/mr1jk1/Documents/eli/yay/src/gopath/pkg/mod/github.com/!morganamilo/go-srcinfo@v1.0.0/testdata/srcinfos/bad/no_key
0.49882170325913966,0,0,0,0,0,0,0.0,1,/home/mr1jk1/Documents/eli/yay/src/gopath/pkg/mod/github.com/!morganamilo/go-srcinfo@v1.0.0/testdata/srcinfos/bad/no_pkgbase
0.4991587111893884,0,0,0,0,0,0,0.0,1,/home/mr1jk1/Documents/eli/yay/src/gopath/pkg/mod/github.com/!morganamilo/go-srcinfo@v1.0.0/testdata/srcinfos/bad/no_pkgname
0.4998373669813796,0,0,0,0,0,0,0.0,1,/home/mr1jk1/Documents/eli/yay/src/gopath/pkg/mod/github.com/!morganamilo/go-srcinfo@v1.0.0/testdata/srcinfos/bad/no_pkgrel
0.4998373669813796,0,0,0,0,0,0,0.0,1,/home/mr1jk1/Documents/eli/yay/src/gopath/pkg/mod/github.com/!morganamilo/go-srcinfo@v1.0.0/testdata/srcinfos/bad/no_pkgver
0.4991489892982275,0,0,0,0,0,0,0.0,1,/home/mr1jk1/Documents/eli/yay/src/gopath/pkg/mod/github.com/!morganamilo/go-srcinfo@v1.0.0/testdata/srcinfos/bad/no_value
0.4991587111893884,0,0,0,0,0,0,0.0,1,/home/mr1jk1/Documents/eli/yay/src/gopath/pkg/mod/github.com/!morganamilo/go-srcinfo@v1.0.0/testdata/srcinfos/bad/pkgname_before_pkgbase
0.4939522781688998,0,0,0,0,0,0,0.0,1,/home/mr1jk1/Documents/eli/yay/src/gopath/pkg/mod/github.com/!morganamilo/go-srcinfo@v1.0.0/testdata/srcinfos/bad/unknown_key
0.6344712808011854,0,0,0,0,0,0,0.0,1,/home/mr1jk1/Documents/eli/yay/src/gopath/pkg/mod/github.com/!morganamilo/go-srcinfo@v1.0.0/testdata/srcinfos/good/abcpp
0.640847454723685,0,0,0,0,0,0,0.0,1,/home/mr1jk1/Documents/eli/yay/src/gopath/pkg/mod/github.com/!morganamilo/go-srcinfo@v1.0.0/testdata/srcinfos/good/accel-ppp-vlanmon-dkms-git
0.644890663081109,0,0,0,0,0,0,0.0,1,/home/mr1jk1/Documents/eli/yay/src/gopath/pkg/mod/github.com/!morganamilo/go-srcinfo@v1.0.0/testdata/srcinfos/good/aerospike-amc-community
0.6339922284857233,0,0,0,0,0,0,0.0,1,/home/mr1jk1/Documents/eli/yay/src/gopath/pkg/mod/github.com/!morganamilo/go-srcinfo@v1.0.0/testdata/srcinfos/good/als-controller
0.6007299183658138,0,0,0,0,0,0,0.0,1,/home/mr1jk1/Documents/eli/yay/src/gopath/pkg/mod/github.com/!morganamilo/go-srcinfo@v1.0.0/testdata/srcinfos/good/alt-git
0.6311115124566656,0,0,0,0,0,0,0.0,1,/home/mr1jk1/Documents/eli/yay/src/gopath/pkg/mod/github.com/!morganamilo/go-srcinfo@v1.0.0/testdata/srcinfos/good/an
0.643541397243414,0,0,0,0,0,0,0.0,1,/home/mr1jk1/Documents/eli/yay/src/gopath/pkg/mod/github.com/!morganamilo/go-srcinfo@v1.0.0/testdata/srcinfos/good/anki-sync-server-git
0.6325521423111147,0,0,0,0,0,0,0.0,1,/home/mr1jk1/Documents/eli/yay/src/gopath/pkg/mod/github.com/!morganamilo/go-srcinfo@v1.0.0/testdata/srcinfos/good/anoise-community-extension3
0.6056301676154443,0,0,0,0,0,0,0.0,1,/home/mr1jk1/Documents/eli/yay/src/gopath/pkg/mod/github.com/!morganamilo/go-srcinfo@v1.0.0/testdata/srcinfos/good/ansible-container
0.6409554690468136,0,0,0,0,0,0,0.0,1,/home/mr1jk1/Documents/eli/yay/src/gopath/pkg/mod/github.com/!morganamilo/go-srcinfo@v1.0.0/testdata/srcinfos/good/anydesk
0.6056948843765545,0,0,0,0,0,0,0.0,1,/home/mr1jk1/Documents/eli/yay/src/gopath/pkg/mod/github.com/!morganamilo/go-srcinfo@v1.0.0/testdata/srcinfos/good/arc-kde-git
0.573732652097955,0,0,0,0,0,0,0.0,1,/home/mr1jk1/Documents/eli/yay/src/gopath/pkg/mod/github.com/!morganamilo/go-srcinfo@v1.0.0/testdata/srcinfos/good/arch_override
0.6126019523689719,0,0,0,0,0,0,0.0,1,/home/mr1jk1/Documents/eli/yay/src/gopath/pkg/mod/github.com/!morganamilo/go-srcinfo@v1.0.0/testdata/srcinfos/good/archalien-git
0.6279015727945176,0,0,0,0,0,0,0.0,1,/home/mr1jk1/Documents/eli/yay/src/gopath/pkg/mod/github.com/!morganamilo/go-srcinfo@v1.0.0/testdata/srcinfos/good/aspell6-fa
0.5942938743629921,0,0,0,0,0,0,0.0,1,/home/mr1jk1/Documents/eli/yay/src/gopath/pkg/mod/github.com/!morganamilo/go-srcinfo@v1.0.0/testdata/srcinfos/good/asterisk
0.6083317953920719,0,0,0,0,0,0,0.0,1,/home/mr1jk1/Documents/eli/yay/src/gopath/pkg/mod/github.com/!morganamilo/go-srcinfo@v1.0.0/testdata/srcinfos/good/astyle-svn
0.6016940117550558,0,0,0,0,0,0,0.0,1,/home/mr1jk1/Documents/eli/yay/src/gopath/pkg/mod/github.com/!morganamilo/go-srcinfo@v1.0.0/testdata/srcinfos/good/aurman
0.6553779965260926,0,0,0,0,0,0,0.0,1,/home/mr1jk1/Documents/eli/yay/src/gopath/pkg/mod/github.com/!morganamilo/go-srcinfo@v1.0.0/testdata/srcinfos/good/aurutils
0.6452924881197671,0,0,0,0,0,0,0.0,1,/home/mr1jk1/Documents/eli/yay/src/gopath/pkg/mod/github.com/!morganamilo/go-srcinfo@v1.0.0/testdata/srcinfos/good/aurvote
0.6318782135731332,0,0,0,0,0,0,0.0,1,/home/mr1jk1/Documents/eli/yay/src/gopath/pkg/mod/github.com/!morganamilo/go-srcinfo@v1.0.0/testdata/srcinfos/good/autorandr
0.6358009191059931,0,0,0,0,0,0,0.0,1,/home/mr1jk1/Documents/eli/yay/src/gopath/pkg/mod/github.com/!morganamilo/go-srcinfo@v1.0.0/testdata/srcinfos/good/avahi-static-services
0.6378000185444714,0,0,0,0,0,0,0.0,1,/home/mr1jk1/Documents/eli/yay/src/gopath/pkg/mod/github.com/!morganamilo/go-srcinfo@v1.0.0/testdata/srcinfos/good/avbin
0.6290941469122817,0,0,0,0,0,0,0.0,1,/home/mr1jk1/Documents/eli/yay/src/gopath/pkg/mod/github.com/!morganamilo/go-srcinfo@v1.0.0/testdata/srcinfos/good/awn-extras-applets-git
0.65058460551647,0,0,0,0,0,0,0.0,1,/home/mr1jk1/Documents/eli/yay/src/gopath/pkg/mod/github.com/!morganamilo/go-srcinfo@v1.0.0/testdata/srcinfos/good/awx-git
0.6056826128515251,0,0,0,0,0,0,0.0,1,/home/mr1jk1/Documents/eli/yay/src/gopath/pkg/mod/github.com/!morganamilo/go-srcinfo@v1.0.0/testdata/srcinfos/good/bash-it-git
0.6288816527264569,0,0,0,0,0,0,0.0,1,/home/mr1jk1/Documents/eli/yay/src/gopath/pkg/mod/github.com/!morganamilo/go-srcinfo@v1.0.0/testdata/srcinfos/good/bazarr-git
0.6516943575455805,0,0,0,0,0,0,0.0,1,/home/mr1jk1/Documents/eli/yay/src/gopath/pkg/mod/github.com/!morganamilo/go-srcinfo@v1.0.0/testdata/srcinfos/good/bbk-cli-bin
0.6404249992736196,0,0,0,0,0,0,0.0,1,/home/mr1jk1/Documents/eli/yay/src/gopath/pkg/mod/github.com/!morganamilo/go-srcinfo@v1.0.0/testdata/srcinfos/good/bbswitch-ck
0.5908447111477217,0,0,0,0,0,0,0.0,1,/home/mr1jk1/Documents/eli/yay/src/gopath/pkg/mod/github.com/!morganamilo/go-srcinfo@v1.0.0/testdata/srcinfos/good/beamer-theme-torino-git
0.6456458471460765,0,0,0,0,0,0,0.0,1,/home/mr1jk1/Documents/eli/yay/src/gopath/pkg/mod/github.com/!morganamilo/go-srcinfo@v1.0.0/testdata/srcinfos/good/betty
0.6368775215832857,0,0,0,0,0,0,0.0,1,/home/mr1jk1/Documents/eli/yay/src/gopath/pkg/mod/github.com/!morganamilo/go-srcinfo@v1.0.0/testdata/srcinfos/good/bgrep-git
0.6388814495538628,0,0,0,0,0,0,0.0,1,/home/mr1jk1/Documents/eli/yay/src/gopath/pkg/mod/github.com/!morganamilo/go-srcinfo@v1.0.0/testdata/srcinfos/good/biosdevname
0.6262332985563578,0,0,0,0,0,0,0.0,1,/home/mr1jk1/Documents/eli/yay/src/gopath/pkg/mod/github.com/!morganamilo/go-srcinfo@v1.0.0/testdata/srcinfos/good/bitbucket-cli
0.6694559525109359,0,0,0,0,0,0,0.0,1,/home/mr1jk1/Documents/eli/yay/src/gopath/pkg/mod/github.com/!morganamilo/go-srcinfo@v1.0.0/testdata/srcinfos/good/bitkeeper-bk
0.6472093612081542,0,0,0,0,0,0,0.0,1,/home/mr1jk1/Documents/eli/yay/src/gopath/pkg/mod/github.com/!morganamilo/go-srcinfo@v1.0.0/testdata/srcinfos/good/bitkeeper-production-bin
0.635153149090262,0,0,0,0,0,0,0.0,1,/home/mr1jk1/Documents/eli/yay/src/gopath/pkg/mod/github.com/!morganamilo/go-srcinfo@v1.0.0/testdata/srcinfos/good/bizou
0.647335164342573,0,0,0,0,0,0,0.0,1,/home/mr1jk1/Documents/eli/yay/src/gopath/pkg/mod/github.com/!morganamilo/go-srcinfo@v1.0.0/testdata/srcinfos/good/blast+
0.6203639979567127,0,0,0,0,0,0,0.0,1,/home/mr1jk1/Documents/eli/yay/src/gopath/pkg/mod/github.com/!morganamilo/go-srcinfo@v1.0.0/testdata/srcinfos/good/blender-plugin-yavne
0.6454812282986006,0,0,0,0,0,0,0.0,1,/home/mr1jk1/Documents/eli/yay/src/gopath/pkg/mod/github.com/!morganamilo/go-srcinfo@v1.0.0/testdata/srcinfos/good/blitz-cppqed-hg
0.6272628907363718,0,0,0,0,0,0,0.0,1,/home/mr1jk1/Documents/eli/yay/src/gopath/pkg/mod/github.com/!morganamilo/go-srcinfo@v1.0.0/testdata/srcinfos/good/bmpx
0.63380144035598,0,0,0,0,0,0,0.0,1,/home/mr1jk1/Documents/eli/yay/src/gopath/pkg/mod/github.com/!morganamilo/go-srcinfo@v1.0.0/testdata/srcinfos/good/bootchart2-git
0.6485755106506371,0,0,0,0,0,0,0.0,1,/home/mr1jk1/Documents/eli/yay/src/gopath/pkg/mod/github.com/!morganamilo/go-srcinfo@v1.0.0/testdata/srcinfos/good/brother-dcp195c
0.6532322892671119,0,0,0,0,0,0,0.0,1,/home/mr1jk1/Documents/eli/yay/src/gopath/pkg/mod/github.com/!morganamilo/go-srcinfo@v1.0.0/testdata/srcinfos/good/brother-mfc-210c
0.639209293997778,0,0,0,0,0,0,0.0,1,/home/mr1jk1/Documents/eli/yay/src/gopath/pkg/mod/github.com/!morganamilo/go-srcinfo@v1.0.0/testdata/srcinfos/good/burp-backup-dev
0.6347346659749863,0,0,0,0,0,0,0.0,1,/home/mr1jk1/Documents/eli/yay/src/gopath/pkg/mod/github.com/!morganamilo/go-srcinfo@v1.0.0/testdata/srcinfos/good/bwa
0.6321292454362968,0,0,0,0,0,0,0.0,1,/home/mr1jk1/Documents/eli/yay/src/gopath/pkg/mod/github.com/!morganamilo/go-srcinfo@v1.0.0/testdata/srcinfos/good/byobu
0.5904058883933062,0,0,0,0,0,0,0.0,1,/home/mr1jk1/Documents/eli/yay/src/gopath/pkg/mod/github.com/!morganamilo/go-srcinfo@v1.0.0/testdata/srcinfos/good/caffe-cmake-git
0.6347572280652961,0,0,0,0,0,0,0.0,1,/home/mr1jk1/Documents/eli/yay/src/gopath/pkg/mod/github.com/!morganamilo/go-srcinfo@v1.0.0/testdata/srcinfos/good/calibre-git
0.6083391166053589,0,0,0,0,0,0,0.0,1,/home/mr1jk1/Documents/eli/yay/src/gopath/pkg/mod/github.com/!morganamilo/go-srcinfo@v1.0.0/testdata/srcinfos/good/cargo-edit-git
0.602541371914143,0,0,0,0,0,0,0.0,1,/home/mr1jk1/Documents/eli/yay/src/gopath/pkg/mod/github.com/!morganamilo/go-srcinfo@v1.0.0/testdata/srcinfos/good/ccm
0.6333684527810667,0,0,0,0,0,0,0.0,1,/home/mr1jk1/Documents/eli/yay/src/gopath/pkg/mod/github.com/!morganamilo/go-srcinfo@v1.0.0/testdata/srcinfos/good/cef-standard
0.6299026602310573,0,0,0,0,0,0,0.0,1,/home/mr1jk1/Documents/eli/yay/src/gopath/pkg/mod/github.com/!morganamilo/go-srcinfo@v1.0.0/testdata/srcinfos/good/cellranger
0.6340073408085688,0,0,0,0,0,0,0.0,1,/home/mr1jk1/Documents/eli/yay/src/gopath/pkg/mod/github.com/!morganamilo/go-srcinfo@v1.0.0/testdata/srcinfos/good/cerbero-profiler
0.6411449776636681,0,0,0,0,0,0,0.0,1,/home/mr1jk1/Documents/eli/yay/src/gopath/pkg/mod/github.com/!morganamilo/go-srcinfo@v1.0.0/testdata/srcinfos/good/cfunge
0.6549304111171061,0,0,0,0,0,0,0.0,1,/home/mr1jk1/Documents/eli/yay/src/gopath/pkg/mod/github.com/!morganamilo/go-srcinfo@v1.0.0/testdata/srcinfos/good/cgicc
0.6343130712793078,0,0,0,0,0,0,0.0,1,/home/mr1jk1/Documents/eli/yay/src/gopath/pkg/mod/github.com/!morganamilo/go-srcinfo@v1.0.0/testdata/srcinfos/good/cgit-git
0.6442973278515703,0,0,0,0,0,0,0.0,1,/home/mr1jk1/Documents/eli/yay/src/gopath/pkg/mod/github.com/!morganamilo/go-srcinfo@v1.0.0/testdata/srcinfos/good/cgvg
0.6330088458019599,0,0,0,0,0,0,0.0,1,/home/mr1jk1/Documents/eli/yay/src/gopath/pkg/mod/github.com/!morganamilo/go-srcinfo@v1.0.0/testdata/srcinfos/good/check_bareos-git
0.6283210400413323,0,0,0,0,0,0,0.0,1,/home/mr1jk1/Documents/eli/yay/src/gopath/pkg/mod/github.com/!morganamilo/go-srcinfo@v1.0.0/testdata/srcinfos/good/checkmails
0.6086087124399033,0,0,0,0,0,0,0.0,1,/home/mr1jk1/Documents/eli/yay/src/gopath/pkg/mod/github.com/!morganamilo/go-srcinfo@v1.0.0/testdata/srcinfos/good/chewing-editor-git
0.6427697724064956,0,0,0,0,0,0,0.0,1,/home/mr1jk1/Documents/eli/yay/src/gopath/pkg/mod/github.com/!morganamilo/go-srcinfo@v1.0.0/testdata/srcinfos/good/chromium-ublock-origin-git
0.6508252252420799,0,0,0,0,0,0,0.0,1,/home/mr1jk1/Documents/eli/yay/src/gopath/pkg/mod/github.com/!morganamilo/go-srcinfo@v1.0.0/testdata/srcinfos/good/cleanwad
0.660633386481569,0,0,0,0,0,0,0.0,1,/home/mr1jk1/Documents/eli/yay/src/gopath/pkg/mod/github.com/!morganamilo/go-srcinfo@v1.0.0/testdata/srcinfos/good/clevo-xsm-wmi-util
0.6429546361660314,0,0,0,0,0,0,0.0,1,/home/mr1jk1/Documents/eli/yay/src/gopath/pkg/mod/github.com/!morganamilo/go-srcinfo@v1.0.0/testdata/srcinfos/good/clion
0.6572206198321562,0,0,0,0,0,0,0.0,1,/home/mr1jk1/Documents/eli/yay/src/gopath/pkg/mod/github.com/!morganamilo/go-srcinfo@v1.0.0/testdata/srcinfos/good/cndrvcups-common-lb
0.6456959292345539,0,0,0,0,0,0,0.0,1,/home/mr1jk1/Documents/eli/yay/src/gopath/pkg/mod/github.com/!morganamilo/go-srcinfo@v1.0.0/testdata/srcinfos/good/cnijfilter-common-mg5400
0.6462352900863676,0,0,0,0,0,0,0.0,1,/home/mr1jk1/Documents/eli/yay/src/gopath/pkg/mod/github.com/!morganamilo/go-srcinfo@v1.0.0/testdata/srcinfos/good/cnijfilter2-mg3600
0.65704152958037,0,0,0,0,0,0,0.0,1,/home/mr1jk1/Documents/eli/yay/src/gopath/pkg/mod/github.com/!morganamilo/go-srcinfo@v1.0.0/testdata/srcinfos/good/cococpp
0.6422978229340126,0,0,0,0,0,0,0.0,1,/home/mr1jk1/Documents/eli/yay/src/gopath/pkg/mod/github.com/!morganamilo/go-srcinfo@v1.0.0/testdata/srcinfos/good/code
0.6321139870104089,0,0,0,0,0,0,0.0,1,/home/mr1jk1/Documents/eli/yay/src/gopath/pkg/mod/github.com/!morganamilo/go-srcinfo@v1.0.0/testdata/srcinfos/good/coin-or-osi-git
0.6097857955571925,0,0,0,0,0,0,0.0,1,/home/mr1jk1/Documents/eli/yay/src/gopath/pkg/mod/github.com/!morganamilo/go-srcinfo@v1.0.0/testdata/srcinfos/good/compiz-core-git
0.6473592987180823,0,0,0,0,0,0,0.0,1,/home/mr1jk1/Documents/eli/yay/src/gopath/pkg/mod/github.com/!morganamilo/go-srcinfo@v1.0.0/testdata/srcinfos/good/compiz-ubuntu
0.6417079676492722,0,0,0,0,0,0,0.0,1,/home/mr1jk1/Documents/eli/yay/src/gopath/pkg/mod/github.com/!morganamilo/go-srcinfo@v1.0.0/testdata/srcinfos/good/complx-git
0.6120733535180469,0,0,0,0,0,0,0.0,1,/home/mr1jk1/Documents/eli/yay/src/gopath/pkg/mod/github.com/!morganamilo/go-srcinfo@v1.0.0/testdata/srcinfos/good/concourse-fly-git
0.635882877909373,0,0,0,0,0,0,0.0,1,/home/mr1jk1/Documents/eli/yay/src/gopath/pkg/mod/github.com/!morganamilo/go-srcinfo@v1.0.0/testdata/srcinfos/good/cover-thumbnailer
0.652271477895917,0,0,0,0,0,0,0.0,1,/home/mr1jk1/Documents/eli/yay/src/gopath/pkg/mod/github.com/!morganamilo/go-srcinfo@v1.0.0/testdata/srcinfos/good/cower
0.6450246511833229,0,0,0,0,0,0,0.0,1,/home/mr1jk1/Documents/eli/yay/src/gopath/pkg/mod/github.com/!morganamilo/go-srcinfo@v1.0.0/testdata/srcinfos/good/cpod
0.6383811803338946,0,0,0,0,0,0,0.0,1,/home/mr1jk1/Documents/eli/yay/src/gopath/pkg/mod/github.com/!morganamilo/go-srcinfo@v1.0.0/testdata/srcinfos/good/creeper-world
0.6632229483483316,0,0,0,0,0,0,0.0,1,/home/mr1jk1/Documents/eli/yay/src/gopath/pkg/mod/github.com/!morganamilo/go-srcinfo@v1.0.0/testdata/srcinfos/good/crfpp
0.6429075959849829,0,0,0,0,0,0,0.0,1,/home/mr1jk1/Documents/eli/yay/src/gopath/pkg/mod/github.com/!morganamilo/go-srcinfo@v1.0.0/testdata/srcinfos/good/crochetcharts
0.6335778562040668,0,0,0,0,0,0,0.0,1,/home/mr1jk1/Documents/eli/yay/src/gopath/pkg/mod/github.com/!morganamilo/go-srcinfo@v1.0.0/testdata/srcinfos/good/crrcsim-sceneries
0.6616177954704863,0,0,0,0,0,0,0.0,1,/home/mr1jk1/Documents/eli/yay/src/gopath/pkg/mod/github.com/!morganamilo/go-srcinfo@v1.0.0/testdata/srcinfos/good/cryptodev-linux
0.6280411003391194,0,0,0,0,0,0,0.0,1,/home/mr1jk1/Documents/eli/yay/src/gopath/pkg/mod/github.com/!morganamilo/go-srcinfo@v1.0.0/testdata/srcinfos/good/curlmirror
0.6300468389939046,0,0,0,0,0,0,0.0,1,/home/mr1jk1/Documents/eli/yay/src/gopath/pkg/mod/github.com/!morganamilo/go-srcinfo@v1.0.0/testdata/srcinfos/good/datovka-git
0.6453633039533536,0,0,0,0,0,0,0.0,1,/home/mr1jk1/Documents/eli/yay/src/gopath/pkg/mod/github.com/!morganamilo/go-srcinfo@v1.0.0/testdata/srcinfos/good/dbeaver-ee
0.6325149128134365,0,0,0,0,0,0,0.0,1,/home/mr1jk1/Documents/eli/yay/src/gopath/pkg/mod/github.com/!morganamilo/go-srcinfo@v1.0.0/testdata/srcinfos/good/dblp-refer-git
0.6312153698973458,0,0,0,0,0,0,0.0,1,/home/mr1jk1/Documents/eli/yay/src/gopath/pkg/mod/github.com/!morganamilo/go-srcinfo@v1.0.0/testdata/srcinfos/good/dbuildstat-git
0.6494108538248939,0,0,0,0,0,0,0.0,1,/home/mr1jk1/Documents/eli/yay/src/gopath/pkg/mod/github.com/!morganamilo/go-srcinfo@v1.0.0/testdata/srcinfos/good/deadbeef-plugin-fb
0.6287150483262969,0,0,0,0,0,0,0.0,1,/home/mr1jk1/Documents/eli/yay/src/gopath/pkg/mod/github.com/!morganamilo/go-srcinfo@v1.0.0/testdata/srcinfos/good/debian-gdm-themes
0.6385927645710963,0,0,0,0,0,0,0.0,1,/home/mr1jk1/Documents/eli/yay/src/gopath/pkg/mod/github.com/!morganamilo/go-srcinfo@v1.0.0/testdata/srcinfos/good/debtap
0.6418016644740114,0,0,0,0,0,0,0.0,1,/home/mr1jk1/Documents/eli/yay/src/gopath/pkg/mod/github.com/!morganamilo/go-srcinfo@v1.0.0/testdata/srcinfos/good/delta-media-player
0.6387470305290295,0,0,0,0,0,0,0.0,1,/home/mr1jk1/Documents/eli/yay/src/gopath/pkg/mod/github.com/!morganamilo/go-srcinfo@v1.0.0/testdata/srcinfos/good/deuchnord-hermes
0.6267681466014798,0,0,0,0,0,0,0.0,1,/home/mr1jk1/Documents/eli/yay/src/gopath/pkg/mod/github.com/!morganamilo/go-srcinfo@v1.0.0/testdata/srcinfos/good/dict-freedict-eng-deu-bin
0.6258155784066697,0,0,0,0,0,0,0.0,1,/home/mr1jk1/Documents/eli/yay/src/gopath/pkg/mod/github.com/!morganamilo/go-srcinfo@v1.0.0/testdata/srcinfos/good/diction
0.6303283604182843,0,0,0,0,0,0,0.0,1,/home/mr1jk1/Documents/eli/yay/src/gopath/pkg/mod/github.com/!morganamilo/go-srcinfo@v1.0.0/testdata/srcinfos/good/discord
0.6566093294239335,0,0,0,0,0,0,0.0,1,/home/mr1jk1/Documents/eli/yay/src/gopath/pkg/mod/github.com/!morganamilo/go-srcinfo@v1.0.0/testdata/srcinfos/good/displaylink
0.6443992460976166,0,0,0,0,0,0,0.0,1,/home/mr1jk1/Documents/eli/yay/src/gopath/pkg/mod/github.com/!morganamilo/go-srcinfo@v1.0.0/testdata/srcinfos/good/dkms-pl2501
0.6567963735482114,0,0,0,0,0,0,0.0,1,/home/mr1jk1/Documents/eli/yay/src/gopath/pkg/mod/github.com/!morganamilo/go-srcinfo@v1.0.0/testdata/srcinfos/good/dmtx-utils
0.6577960014074851,0,0,0,0,0,0,0.0,1,/home/mr1jk1/Documents/eli/yay/src/gopath/pkg/mod/github.com/!morganamilo/go-srcinfo@v1.0.0/testdata/srcinfos/good/dolphin-megasync-git
0.6569971143307999,0,0,0,0,0,0,0.0,1,/home/mr1jk1/Documents/eli/yay/src/gopath/pkg/mod/github.com/!morganamilo/go-srcinfo@v1.0.0/testdata/srcinfos/good/dontmove-hib
0.6208999838176301,0,0,0,0,0,0,0.0,1,/home/mr1jk1/Documents/eli/yay/src/gopath/pkg/mod/github.com/!morganamilo/go-srcinfo@v1.0.0/testdata/srcinfos/good/dovecot-libsodium-plugin
0.6319094407732418,0,0,0,0,0,0,0.0,1,/home/mr1jk1/Documents/eli/yay/src/gopath/pkg/mod/github.com/!morganamilo/go-srcinfo@v1.0.0/testdata/srcinfos/good/downgrade
0.6491141623164249,0,0,0,0,0,0,0.0,1,/home/mr1jk1/Documents/eli/yay/src/gopath/pkg/mod/github.com/!morganamilo/go-srcinfo@v1.0.0/testdata/srcinfos/good/downgrader
0.6320026527730315,0,0,0,0,0,0,0.0,1,/home/mr1jk1/Documents/eli/yay/src/gopath/pkg/mod/github.com/!morganamilo/go-srcinfo@v1.0.0/testdata/srcinfos/good/dpkg
0.6136287460282923,0,0,0,0,0,0,0.0,1,/home/mr1jk1/Documents/eli/yay/src/gopath/pkg/mod/github.com/!morganamilo/go-srcinfo@v1.0.0/testdata/srcinfos/good/dreampie
0.6406357943342657,0,0,0,0,0,0,0.0,1,/home/mr1jk1/Documents/eli/yay/src/gopath/pkg/mod/github.com/!morganamilo/go-srcinfo@v1.0.0/testdata/srcinfos/good/dropbox
0.6139346660431851,0,0,0,0,0,0,0.0,1,/home/mr1jk1/Documents/eli/yay/src/gopath/pkg/mod/github.com/!morganamilo/go-srcinfo@v1.0.0/testdata/srcinfos/good/ebtables-git
0.6383592029977299,0,0,0,0,0,0,0.0,1,/home/mr1jk1/Documents/eli/yay/src/gopath/pkg/mod/github.com/!morganamilo/go-srcinfo@v1.0.0/testdata/srcinfos/good/em8300-git
0.5911928637609606,0,0,0,0,0,0,0.0,1,/home/mr1jk1/Documents/eli/yay/src/gopath/pkg/mod/github.com/!morganamilo/go-srcinfo@v1.0.0/testdata/srcinfos/good/emacs-arduino-mode-git
0.6229640346283388,0,0,0,0,0,0,0.0,1,/home/mr1jk1/Documents/eli/yay/src/gopath/pkg/mod/github.com/!morganamilo/go-srcinfo@v1.0.0/testdata/srcinfos/good/emacs-clojure-mode-git
0.5447587130124975,0,0,0,0,0,0,0.0,1,/home/mr1jk1/Documents/eli/yay/src/gopath/pkg/mod/github.com/!morganamilo/go-srcinfo@v1.0.0/testdata/srcinfos/good/empty_override
0.6305050740612584,0,0,0,0,0,0,0.0,1,/home/mr1jk1/Documents/eli/yay/src/gopath/pkg/mod/github.com/!morganamilo/go-srcinfo@v1.0.0/testdata/srcinfos/good/envizon-git
0.6445857555979132,0,0,0,0,0,0,0.0,1,/home/mr1jk1/Documents/eli/yay/src/gopath/pkg/mod/github.com/!morganamilo/go-srcinfo@v1.0.0/testdata/srcinfos/good/epaste
0.6469488169810373,0,0,0,0,0,0,0.0,1,/home/mr1jk1/Documents/eli/yay/src/gopath/pkg/mod/github.com/!morganamilo/go-srcinfo@v1.0.0/testdata/srcinfos/good/eplot
0.657790571084431,0,0,0,0,0,0,0.0,1,/home/mr1jk1/Documents/eli/yay/src/gopath/pkg/mod/github.com/!morganamilo/go-srcinfo@v1.0.0/testdata/srcinfos/good/epson-inkjet-printer-201104w
0.6599848340509933,0,0,0,0,0,0,0.0,1,/home/mr1jk1/Documents/eli/yay/src/gopath/pkg/mod/github.com/!morganamilo/go-srcinfo@v1.0.0/testdata/srcinfos/good/epson-inkjet-printer-201311w
0.6319521637258871,0,0,0,0,0,0,0.0,1,/home/mr1jk1/Documents/eli/yay/src/gopath/pkg/mod/github.com/!morganamilo/go-srcinfo@v1.0.0/testdata/srcinfos/good/etcher
0.6499737931985567,0,0,0,0,0,0,0.0,1,/home/mr1jk1/Documents/eli/yay/src/gopath/pkg/mod/github.com/!morganamilo/go-srcinfo@v1.0.0/testdata/srcinfos/good/etlegacy-omnibot
0.6432458291660805,0,0,0,0,0,0,0.0,1,/home/mr1jk1/Documents/eli/yay/src/gopath/pkg/mod/github.com/!morganamilo/go-srcinfo@v1.0.0/testdata/srcinfos/good/evopop-gtk-theme
0.6410503517796433,0,0,0,0,0,0,0.0,1,/home/mr1jk1/Documents/eli/yay/src/gopath/pkg/mod/github.com/!morganamilo/go-srcinfo@v1.0.0/testdata/srcinfos/good/faangband
0.6404349439977676,0,0,0,0,0,0,0.0,1,/home/mr1jk1/Documents/eli/yay/src/gopath/pkg/mod/github.com/!morganamilo/go-srcinfo@v1.0.0/testdata/srcinfos/good/fackup
0.6251175671934539,0,0,0,0,0,0,0.0,1,/home/mr1jk1/Documents/eli/yay/src/gopath/pkg/mod/github.com/!morganamilo/go-srcinfo@v1.0.0/testdata/srcinfos/good/farbfeld-git
0.647123957570172,0,0,0,0,0,0,0.0,1,/home/mr1jk1/Documents/eli/yay/src/gopath/pkg/mod/github.com/!morganamilo/go-srcinfo@v1.0.0/testdata/srcinfos/good/fax4cups
0.645489645599055,0,0,0,0,0,0,0.0,1,/home/mr1jk1/Documents/eli/yay/src/gopath/pkg/mod/github.com/!morganamilo/go-srcinfo@v1.0.0/testdata/srcinfos/good/fbx-sdk
0.6017690545519003,0,0,0,0,0,0,0.0,1,/home/mr1jk1/Documents/eli/yay/src/gopath/pkg/mod/github.com/!morganamilo/go-srcinfo@v1.0.0/testdata/srcinfos/good/ffmpeg-full-arm-git
0.6102060017473543,0,0,0,0,0,0,0.0,1,/home/mr1jk1/Documents/eli/yay/src/gopath/pkg/mod/github.com/!morganamilo/go-srcinfo@v1.0.0/testdata/srcinfos/good/fgit-git
0.6314762079934554,0,0,0,0,0,0,0.0,1,/home/mr1jk1/Documents/eli/yay/src/gopath/pkg/mod/github.com/!morganamilo/go-srcinfo@v1.0.0/testdata/srcinfos/good/fheroes2-svn
0.6475277048733712,0,0,0,0,0,0,0.0,1,/home/mr1jk1/Documents/eli/yay/src/gopath/pkg/mod/github.com/!morganamilo/go-srcinfo@v1.0.0/testdata/srcinfos/good/firefox-esr-bin
0.6408876399530938,0,0,0,0,0,0,0.0,1,/home/mr1jk1/Documents/eli/yay/src/gopath/pkg/mod/github.com/!morganamilo/go-srcinfo@v1.0.0/testdata/srcinfos/good/flatcc
0.6521408613941585,0,0,0,0,0,0,0.0,1,/home/mr1jk1/Documents/eli/yay/src/gopath/pkg/mod/github.com/!morganamilo/go-srcinfo@v1.0.0/testdata/srcinfos/good/flatplat-blue-theme
0.6504995688460918,0,0,0,0,0,0,0.0,1,/home/mr1jk1/Documents/eli/yay/src/gopath/pkg/mod/github.com/!morganamilo/go-srcinfo@v1.0.0/testdata/srcinfos/good/flif
0.6416317723068552,0,0,0,0,0,0,0.0,1,/home/mr1jk1/Documents/eli/yay/src/gopath/pkg/mod/github.com/!morganamilo/go-srcinfo@v1.0.0/testdata/srcinfos/good/flvstreamer
0.6287715251835202,0,0,0,0,0,0,0.0,1,/home/mr1jk1/Documents/eli/yay/src/gopath/pkg/mod/github.com/!morganamilo/go-srcinfo@v1.0.0/testdata/srcinfos/good/fman
0.5724066042809862,0,0,0,0,0,0,0.0,1,/home/mr1jk1/Documents/eli/yay/src/gopath/pkg/mod/github.com/!morganamilo/go-srcinfo@v1.0.0/testdata/srcinfos/good/foo
0.6468044095628007,0,0,0,0,0,0,0.0,1,/home/mr1jk1/Documents/eli/yay/src/gopath/pkg/mod/github.com/!morganamilo/go-srcinfo@v1.0.0/testdata/srcinfos/good/fortune-mod-firefly
0.6340880764778671,0,0,0,0,0,0,0.0,1,/home/mr1jk1/Documents/eli/yay/src/gopath/pkg/mod/github.com/!morganamilo/go-srcinfo@v1.0.0/testdata/srcinfos/good/fortune-mod-kaamelott
0.6485381350794497,0,0,0,0,0,0,0.0,1,/home/mr1jk1/Documents/eli/yay/src/gopath/pkg/mod/github.com/!morganamilo/go-srcinfo@v1.0.0/testdata/srcinfos/good/foxitreader
0.638147008822322,0,0,0,0,0,0,0.0,1,/home/mr1jk1/Documents/eli/yay/src/gopath/pkg/mod/github.com/!morganamilo/go-srcinfo@v1.0.0/testdata/srcinfos/good/freecad
0.5929886183576039,0,0,0,0,0,0,0.0,1,/home/mr1jk1/Documents/eli/yay/src/gopath/pkg/mod/github.com/!morganamilo/go-srcinfo@v1.0.0/testdata/srcinfos/good/freedoom-git
0.6037377664032295,0,0,0,0,0,0,0.0,1,/home/mr1jk1/Documents/eli/yay/src/gopath/pkg/mod/github.com/!morganamilo/go-srcinfo@v1.0.0/testdata/srcinfos/good/freeglut-svn
0.633578181684287,0,0,0,0,0,0,0.0,1,/home/mr1jk1/Documents/eli/yay/src/gopath/pkg/mod/github.com/!morganamilo/go-srcinfo@v1.0.0/testdata/srcinfos/good/freeoffice
0.627613778008568,0,0,0,0,0,0,0.0,1,/home/mr1jk1/Documents/eli/yay/src/gopath/pkg/mod/github.com/!morganamilo/go-srcinfo@v1.0.0/testdata/srcinfos/good/freesynd
0.6544404057791869,0,0,0,0,0,0,0.0,1,/home/mr1jk1/Documents/eli/yay/src/gopath/pkg/mod/github.com/!morganamilo/go-srcinfo@v1.0.0/testdata/srcinfos/good/freetype2-cleartype
0.6144374385757683,0,0,0,0,0,0,0.0,1,/home/mr1jk1/Documents/eli/yay/src/gopath/pkg/mod/github.com/!morganamilo/go-srcinfo@v1.0.0/testdata/srcinfos/good/fs-uae
0.6431367432008421,0,0,0,0,0,0,0.0,1,/home/mr1jk1/Documents/eli/yay/src/gopath/pkg/mod/github.com/!morganamilo/go-srcinfo@v1.0.0/testdata/srcinfos/good/fsharp
0.6422618157744854,0,0,0,0,0,0,0.0,1,/home/mr1jk1/Documents/eli/yay/src/gopath/pkg/mod/github.com/!morganamilo/go-srcinfo@v1.0.0/testdata/srcinfos/good/fslint
0.6215210817655898,0,0,0,0,0,0,0.0,1,/home/mr1jk1/Documents/eli/yay/src/gopath/pkg/mod/github.com/!morganamilo/go-srcinfo@v1.0.0/testdata/srcinfos/good/fusecompress-git
0.636864807675973,0,0,0,0,0,0,0.0,1,/home/mr1jk1/Documents/eli/yay/src/gopath/pkg/mod/github.com/!morganamilo/go-srcinfo@v1.0.0/testdata/srcinfos/good/fusiondirectory-plugin-fai-schema
0.6259970730552129,0,0,0,0,0,0,0.0,1,/home/mr1jk1/Documents/eli/yay/src/gopath/pkg/mod/github.com/!morganamilo/go-srcinfo@v1.0.0/testdata/srcinfos/good/gamemode
0.6136917141238672,0,0,0,0,0,0,0.0,1,/home/mr1jk1/Documents/eli/yay/src/gopath/pkg/mod/github.com/!morganamilo/go-srcinfo@v1.0.0/testdata/srcinfos/good/ganv-git
0.647304902048512,0,0,0,0,0,0,0.0,1,/home/mr1jk1/Documents/eli/yay/src/gopath/pkg/mod/github.com/!morganamilo/go-srcinfo@v1.0.0/testdata/srcinfos/good/gdc-bin
0.6510119815669472,0,0,0,0,0,0,0.0,1,/home/mr1jk1/Documents/eli/yay/src/gopath/pkg/mod/github.com/!morganamilo/go-srcinfo@v1.0.0/testdata/srcinfos/good/geant3
0.6279222400994823,0,0,0,0,0,0,0.0,1,/home/mr1jk1/Documents/eli/yay/src/gopath/pkg/mod/github.com/!morganamilo/go-srcinfo@v1.0.0/testdata/srcinfos/good/geda-gaf-unstable
0.6051879384089935,0,0,0,0,0,0,0.0,1,/home/mr1jk1/Documents/eli/yay/src/gopath/pkg/mod/github.com/!morganamilo/go-srcinfo@v1.0.0/testdata/srcinfos/good/gedit-autotab-git
0.6414944640955772,0,0,0,0,0,0,0.0,1,/home/mr1jk1/Documents/eli/yay/src/gopath/pkg/mod/github.com/!morganamilo/go-srcinfo@v1.0.0/testdata/srcinfos/good/genymotion
0.634630351911284,0,0,0,0,0,0,0.0,1,/home/mr1jk1/Documents/eli/yay/src/gopath/pkg/mod/github.com/!morganamilo/go-srcinfo@v1.0.0/testdata/srcinfos/good/gfontview
0.6438223570845709,0,0,0,0,0,0,0.0,1,/home/mr1jk1/Documents/eli/yay/src/gopath/pkg/mod/github.com/!morganamilo/go-srcinfo@v1.0.0/testdata/srcinfos/good/ginn
0.6362439265724249,0,0,0,0,0,0,0.0,1,/home/mr1jk1/Documents/eli/yay/src/gopath/pkg/mod/github.com/!morganamilo/go-srcinfo@v1.0.0/testdata/srcinfos/good/git-lfs-arm
0.6457580275037103,0,0,0,0,0,0,0.0,1,/home/mr1jk1/Documents/eli/yay/src/gopath/pkg/mod/github.com/!morganamilo/go-srcinfo@v1.0.0/testdata/srcinfos/good/git-notifier
0.6413023083295095,0,0,0,0,0,0,0.0,1,/home/mr1jk1/Documents/eli/yay/src/gopath/pkg/mod/github.com/!morganamilo/go-srcinfo@v1.0.0/testdata/srcinfos/good/gitkraken
0.6464854535512943,0,0,0,0,0,0,0.0,1,/home/mr1jk1/Documents/eli/yay/src/gopath/pkg/mod/github.com/!morganamilo/go-srcinfo@v1.0.0/testdata/srcinfos/good/gitlab-pages
0.6299875728879691,0,0,0,0,0,0,0.0,1,/home/mr1jk1/Documents/eli/yay/src/gopath/pkg/mod/github.com/!morganamilo/go-srcinfo@v1.0.0/testdata/srcinfos/good/gitprompt-rs
0.6400884508285416,0,0,0,0,0,0,0.0,1,/home/mr1jk1/Documents/eli/yay/src/gopath/pkg/mod/github.com/!morganamilo/go-srcinfo@v1.0.0/testdata/srcinfos/good/gksu
0.6544082363292884,0,0,0,0,0,0,0.0,1,/home/mr1jk1/Documents/eli/yay/src/gopath/pkg/mod/github.com/!morganamilo/go-srcinfo@v1.0.0/testdata/srcinfos/good/gnome-desktop2
0.6102057916787026,0,0,0,0,0,0,0.0,1,/home/mr1jk1/Documents/eli/yay/src/gopath/pkg/mod/github.com/!morganamilo/go-srcinfo@v1.0.0/testdata/srcinfos/good/gnome-shell-extension-atom-dash-git
0.5904660580076525,0,0,0,0,0,0,0.0,1,/home/mr1jk1/Documents/eli/yay/src/gopath/pkg/mod/github.com/!morganamilo/go-srcinfo@v1.0.0/testdata/srcinfos/good/gnome-shell-extension-caffeine-git
0.613607163597458,0,0,0,0,0,0,0.0,1,/home/mr1jk1/Documents/eli/yay/src/gopath/pkg/mod/github.com/!morganamilo/go-srcinfo@v1.0.0/testdata/srcinfos/good/gnome-shell-extension-mmod-panel-git
0.6024908474438231,0,0,0,0,0,0,0.0,1,/home/mr1jk1/Documents/eli/yay/src/gopath/pkg/mod/github.com/!morganamilo/go-srcinfo@v1.0.0/testdata/srcinfos/good/gnome-shell-extension-slide-for-keyboard-git
0.6049560197581325,0,0,0,0,0,0,0.0,1,/home/mr1jk1/Documents/eli/yay/src/gopath/pkg/mod/github.com/!morganamilo/go-srcinfo@v1.0.0/testdata/srcinfos/good/gnucap-random-git
0.6250310153525884,0,0,0,0,0,0,0.0,1,/home/mr1jk1/Documents/eli/yay/src/gopath/pkg/mod/github.com/!morganamilo/go-srcinfo@v1.0.0/testdata/srcinfos/good/go-makepkg
0.6480435868751884,0,0,0,0,0,0,0.0,1,/home/mr1jk1/Documents/eli/yay/src/gopath/pkg/mod/github.com/!morganamilo/go-srcinfo@v1.0.0/testdata/srcinfos/good/gobi-firmware
0.6357303987198881,0,0,0,0,0,0,0.0,1,/home/mr1jk1/Documents/eli/yay/src/gopath/pkg/mod/github.com/!morganamilo/go-srcinfo@v1.0.0/testdata/srcinfos/good/godot
0.6514343899270174,0,0,0,0,0,0,0.0,1,/home/mr1jk1/Documents/eli/yay/src/gopath/pkg/mod/github.com/!morganamilo/go-srcinfo@v1.0.0/testdata/srcinfos/good/gogs
0.6403606776567772,0,0,0,0,0,0,0.0,1,/home/mr1jk1/Documents/eli/yay/src/gopath/pkg/mod/github.com/!morganamilo/go-srcinfo@v1.0.0/testdata/srcinfos/good/goodvibes
0.6203167251976038,0,0,0,0,0,0,0.0,1,/home/mr1jk1/Documents/eli/yay/src/gopath/pkg/mod/github.com/!morganamilo/go-srcinfo@v1.0.0/testdata/srcinfos/good/google-maps-desktop
0.5975117218270933,0,0,0,0,0,0,0.0,1,/home/mr1jk1/Documents/eli/yay/src/gopath/pkg/mod/github.com/!morganamilo/go-srcinfo@v1.0.0/testdata/srcinfos/good/gopacket-git
0.6127879864895643,0,0,0,0,0,0,0.0,1,/home/mr1jk1/Documents/eli/yay/src/gopath/pkg/mod/github.com/!morganamilo/go-srcinfo@v1.0.0/testdata/srcinfos/good/gophcatch-git
0.6526297253139852,0,0,0,0,0,0,0.0,1,/home/mr1jk1/Documents/eli/yay/src/gopath/pkg/mod/github.com/!morganamilo/go-srcinfo@v1.0.0/testdata/srcinfos/good/gpicker
0.6307166427353634,0,0,0,0,0,0,0.0,1,/home/mr1jk1/Documents/eli/yay/src/gopath/pkg/mod/github.com/!morganamilo/go-srcinfo@v1.0.0/testdata/srcinfos/good/grail
0.6163107617856701,0,0,0,0,0,0,0.0,1,/home/mr1jk1/Documents/eli/yay/src/gopath/pkg/mod/github.com/!morganamilo/go-srcinfo@v1.0.0/testdata/srcinfos/good/greyhole
0.6416782536408443,0,0,0,0,0,0,0.0,1,/home/mr1jk1/Documents/eli/yay/src/gopath/pkg/mod/github.com/!morganamilo/go-srcinfo@v1.0.0/testdata/srcinfos/good/grive
0.634686910452243,0,0,0,0,0,0,0.0,1,/home/mr1jk1/Documents/eli/yay/src/gopath/pkg/mod/github.com/!morganamilo/go-srcinfo@v1.0.0/testdata/srcinfos/good/grub2-theme-archxion
0.6341161330939074,0,0,0,0,0,0,0.0,1,/home/mr1jk1/Documents/eli/yay/src/gopath/pkg/mod/github.com/!morganamilo/go-srcinfo@v1.0.0/testdata/srcinfos/good/gsignond
0.6130474171366166,0,0,0,0,0,0,0.0,1,/home/mr1jk1/Documents/eli/yay/src/gopath/pkg/mod/github.com/!morganamilo/go-srcinfo@v1.0.0/testdata/srcinfos/good/gst123
0.6361737206771017,0,0,0,0,0,0,0.0,1,/home/mr1jk1/Documents/eli/yay/src/gopath/pkg/mod/github.com/!morganamilo/go-srcinfo@v1.0.0/testdata/srcinfos/good/guile-git
0.6306871506565831,0,0,0,0,0,0,0.0,1,/home/mr1jk1/Documents/eli/yay/src/gopath/pkg/mod/github.com/!morganamilo/go-srcinfo@v1.0.0/testdata/srcinfos/good/gzdoom
0.6395425286625777,0,0,0,0,0,0,0.0,1,/home/mr1jk1/Documents/eli/yay/src/gopath/pkg/mod/github.com/!morganamilo/go-srcinfo@v1.0.0/testdata/srcinfos/good/hamsolar
0.603721203562341,0,0,0,0,0,0,0.0,1,/home/mr1jk1/Documents/eli/yay/src/gopath/pkg/mod/github.com/!morganamilo/go-srcinfo@v1.0.0/testdata/srcinfos/good/hangups-git
0.6124317413352635,0,0,0,0,0,0,0.0,1,/home/mr1jk1/Documents/eli/yay/src/gopath/pkg/mod/github.com/!morganamilo/go-srcinfo@v1.0.0/testdata/srcinfos/good/hardcode-tray-git
0.6195155087361357,0,0,0,0,0,0,0.0,1,/home/mr1jk1/Documents/eli/yay/src/gopath/pkg/mod/github.com/!morganamilo/go-srcinfo@v1.0.0/testdata/srcinfos/good/haskell-pcap
0.6538196858273756,0,0,0,0,0,0,0.0,1,/home/mr1jk1/Documents/eli/yay/src/gopath/pkg/mod/github.com/!morganamilo/go-srcinfo@v1.0.0/testdata/srcinfos/good/hax11-git
0.6301616707994675,0,0,0,0,0,0,0.0,1,/home/mr1jk1/Documents/eli/yay/src/gopath/pkg/mod/github.com/!morganamilo/go-srcinfo@v1.0.0/testdata/srcinfos/good/hd-idle-cvs
0.651124474158262,0,0,0,0,0,0,0.0,1,/home/mr1jk1/Documents/eli/yay/src/gopath/pkg/mod/github.com/!morganamilo/go-srcinfo@v1.0.0/testdata/srcinfos/good/heimdall
0.6177661864346375,0,0,0,0,0,0,0.0,1,/home/mr1jk1/Documents/eli/yay/src/gopath/pkg/mod/github.com/!morganamilo/go-srcinfo@v1.0.0/testdata/srcinfos/good/holodev
0.6424973104457232,0,0,0,0,0,0,0.0,1,/home/mr1jk1/Documents/eli/yay/src/gopath/pkg/mod/github.com/!morganamilo/go-srcinfo@v1.0.0/testdata/srcinfos/good/hplip-raw-ledm
0.6355445975529271,0,0,0,0,0,0,0.0,1,/home/mr1jk1/Documents/eli/yay/src/gopath/pkg/mod/github.com/!morganamilo/go-srcinfo@v1.0.0/testdata/srcinfos/good/hpx
0.6242358445797405,0,0,0,0,0,0,0.0,1,/home/mr1jk1/Documents/eli/yay/src/gopath/pkg/mod/github.com/!morganamilo/go-srcinfo@v1.0.0/testdata/srcinfos/good/httpjs-git
0.6252468635591505,0,0,0,0,0,0,0.0,1,/home/mr1jk1/Documents/eli/yay/src/gopath/pkg/mod/github.com/!morganamilo/go-srcinfo@v1.0.0/testdata/srcinfos/good/hunspell-ar
0.62092795890043,0,0,0,0,0,0,0.0,1,/home/mr1jk1/Documents/eli/yay/src/gopath/pkg/mod/github.com/!morganamilo/go-srcinfo@v1.0.0/testdata/srcinfos/good/hws-git
0.6115605071476594,0,0,0,0,0,0,0.0,1,/home/mr1jk1/Documents/eli/yay/src/gopath/pkg/mod/github.com/!morganamilo/go-srcinfo@v1.0.0/testdata/srcinfos/good/i3session-git
0.6248562906508135,0,0,0,0,0,0,0.0,1,/home/mr1jk1/Documents/eli/yay/src/gopath/pkg/mod/github.com/!morganamilo/go-srcinfo@v1.0.0/testdata/srcinfos/good/ibus-m17n-git
0.6140268888661903,0,0,0,0,0,0,0.0,1,/home/mr1jk1/Documents/eli/yay/src/gopath/pkg/mod/github.com/!morganamilo/go-srcinfo@v1.0.0/testdata/srcinfos/good/ibus-uniemoji-git
0.6684313351154348,0,0,0,0,0,0,0.0,1,/home/mr1jk1/Documents/eli/yay/src/gopath/pkg/mod/github.com/!morganamilo/go-srcinfo@v1.0.0/testdata/srcinfos/good/icaclient
0.6538799395823065,0,0,0,0,0,0,0.0,1,/home/mr1jk1/Documents/eli/yay/src/gopath/pkg/mod/github.com/!morganamilo/go-srcinfo@v1.0.0/testdata/srcinfos/good/im
0.626550167846896,0,0,0,0,0,0,0.0,1,/home/mr1jk1/Documents/eli/yay/src/gopath/pkg/mod/github.com/!morganamilo/go-srcinfo@v1.0.0/testdata/srcinfos/good/indicator-keylock
0.6510073158440677,0,0,0,0,0,0,0.0,1,/home/mr1jk1/Documents/eli/yay/src/gopath/pkg/mod/github.com/!morganamilo/go-srcinfo@v1.0.0/testdata/srcinfos/good/insync
0.6044848267592661,0,0,0,0,0,0,0.0,1,/home/mr1jk1/Documents/eli/yay/src/gopath/pkg/mod/github.com/!morganamilo/go-srcinfo@v1.0.0/testdata/srcinfos/good/inxi
0.6229920019912732,0,0,0,0,0,0,0.0,1,/home/mr1jk1/Documents/eli/yay/src/gopath/pkg/mod/github.com/!morganamilo/go-srcinfo@v1.0.0/testdata/srcinfos/good/ipoibmodemtu
0.64135381749795,0,0,0,0,0,0,0.0,1,/home/mr1jk1/Documents/eli/yay/src/gopath/pkg/mod/github.com/!morganamilo/go-srcinfo@v1.0.0/testdata/srcinfos/good/ipwatchd
0.6441696481952877,0,0,0,0,0,0,0.0,1,/home/mr1jk1/Documents/eli/yay/src/gopath/pkg/mod/github.com/!morganamilo/go-srcinfo@v1.0.0/testdata/srcinfos/good/irclog2html
0.6582650883850619,0,0,0,0,0,0,0.0,1,/home/mr1jk1/Documents/eli/yay/src/gopath/pkg/mod/github.com/!morganamilo/go-srcinfo@v1.0.0/testdata/srcinfos/good/jabref
0.6257693848970591,0,0,0,0,0,0,0.0,1,/home/mr1jk1/Documents/eli/yay/src/gopath/pkg/mod/github.com/!morganamilo/go-srcinfo@v1.0.0/testdata/srcinfos/good/jack2-git
0.6380671391569555,0,0,0,0,0,0,0.0,1,/home/mr1jk1/Documents/eli/yay/src/gopath/pkg/mod/github.com/!morganamilo/go-srcinfo@v1.0.0/testdata/srcinfos/good/japa
0.6652696957146416,0,0,0,0,0,0,0.0,1,/home/mr1jk1/Documents/eli/yay/src/gopath/pkg/mod/github.com/!morganamilo/go-srcinfo@v1.0.0/testdata/srcinfos/good/java8-openjdk-hsdis
0.6393610839573896,0,0,0,0,0,0,0.0,1,/home/mr1jk1/Documents/eli/yay/src/gopath/pkg/mod/github.com/!morganamilo/go-srcinfo@v1.0.0/testdata/srcinfos/good/jcdk-classic
0.6427939807759028,0,0,0,0,0,0,0.0,1,/home/mr1jk1/Documents/eli/yay/src/gopath/pkg/mod/github.com/!morganamilo/go-srcinfo@v1.0.0/testdata/srcinfos/good/jdiskreport
0.6468526520286345,0,0,0,0,0,0,0.0,1,/home/mr1jk1/Documents/eli/yay/src/gopath/pkg/mod/github.com/!morganamilo/go-srcinfo@v1.0.0/testdata/srcinfos/good/jedit-pkgbuild
0.6232650788635558,0,0,0,0,0,0,0.0,1,/home/mr1jk1/Documents/eli/yay/src/gopath/pkg/mod/github.com/!morganamilo/go-srcinfo@v1.0.0/testdata/srcinfos/good/jid3-bzr
0.6445393224974841,0,0,0,0,0,0,0.0,1,/home/mr1jk1/Documents/eli/yay/src/gopath/pkg/mod/github.com/!morganamilo/go-srcinfo@v1.0.0/testdata/srcinfos/good/jmtpfs
0.6482197703797641,0,0,0,0,0,0,0.0,1,/home/mr1jk1/Documents/eli/yay/src/gopath/pkg/mod/github.com/!morganamilo/go-srcinfo@v1.0.0/testdata/srcinfos/good/joplin
0.657436636382557,0,0,0,0,0,0,0.0,1,/home/mr1jk1/Documents/eli/yay/src/gopath/pkg/mod/github.com/!morganamilo/go-srcinfo@v1.0.0/testdata/srcinfos/good/journal-notify
0.6378868711707094,0,0,0,0,0,0,0.0,1,/home/mr1jk1/Documents/eli/yay/src/gopath/pkg/mod/github.com/!morganamilo/go-srcinfo@v1.0.0/testdata/srcinfos/good/jre
0.635732490131502,0,0,0,0,0,0,0.0,1,/home/mr1jk1/Documents/eli/yay/src/gopath/pkg/mod/github.com/!morganamilo/go-srcinfo@v1.0.0/testdata/srcinfos/good/json-parser-git
0.6415904102290211,0,0,0,0,0,0,0.0,1,/home/mr1jk1/Documents/eli/yay/src/gopath/pkg/mod/github.com/!morganamilo/go-srcinfo@v1.0.0/testdata/srcinfos/good/jsontocsv
0.6111593328781291,0,0,0,0,0,0,0.0,1,/home/mr1jk1/Documents/eli/yay/src/gopath/pkg/mod/github.com/!morganamilo/go-srcinfo@v1.0.0/testdata/srcinfos/good/jtharness-hg
0.6429263729477064,0,0,0,0,0,0,0.0,1,/home/mr1jk1/Documents/eli/yay/src/gopath/pkg/mod/github.com/!morganamilo/go-srcinfo@v1.0.0/testdata/srcinfos/good/kalu
0.6140187962858655,0,0,0,0,0,0,0.0,1,/home/mr1jk1/Documents/eli/yay/src/gopath/pkg/mod/github.com/!morganamilo/go-srcinfo@v1.0.0/testdata/srcinfos/good/karia2-svn
0.6410392240252473,0,0,0,0,0,0,0.0,1,/home/mr1jk1/Documents/eli/yay/src/gopath/pkg/mod/github.com/!morganamilo/go-srcinfo@v1.0.0/testdata/srcinfos/good/kde1-kdebase
0.6416482102842371,0,0,0,0,0,0,0.0,1,/home/mr1jk1/Documents/eli/yay/src/gopath/pkg/mod/github.com/!morganamilo/go-srcinfo@v1.0.0/testdata/srcinfos/good/kdeplasma-applets-playbar
0.6208941208169293,0,0,0,0,0,0,0.0,1,/home/mr1jk1/Documents/eli/yay/src/gopath/pkg/mod/github.com/!morganamilo/go-srcinfo@v1.0.0/testdata/srcinfos/good/kdevelop-pg-qt-git
0.6457917200735914,0,0,0,0,0,0,0.0,1,/home/mr1jk1/Documents/eli/yay/src/gopath/pkg/mod/github.com/!morganamilo/go-srcinfo@v1.0.0/testdata/srcinfos/good/keepass-es
0.6341005791716978,0,0,0,0,0,0,0.0,1,/home/mr1jk1/Documents/eli/yay/src/gopath/pkg/mod/github.com/!morganamilo/go-srcinfo@v1.0.0/testdata/srcinfos/good/kio-gdrive-git
0.6045493673199536,0,0,0,0,0,0,0.0,1,/home/mr1jk1/Documents/eli/yay/src/gopath/pkg/mod/github.com/!morganamilo/go-srcinfo@v1.0.0/testdata/srcinfos/good/kodi-cli-git
0.6460297808786986,0,0,0,0,0,0,0.0,1,/home/mr1jk1/Documents/eli/yay/src/gopath/pkg/mod/github.com/!morganamilo/go-srcinfo@v1.0.0/testdata/srcinfos/good/komodo-ide-nightly
0.6227193637153834,0,0,0,0,0,0,0.0,1,/home/mr1jk1/Documents/eli/yay/src/gopath/pkg/mod/github.com/!morganamilo/go-srcinfo@v1.0.0/testdata/srcinfos/good/konoha
0.6047616681431445,0,0,0,0,0,0,0.0,1,/home/mr1jk1/Documents/eli/yay/src/gopath/pkg/mod/github.com/!morganamilo/go-srcinfo@v1.0.0/testdata/srcinfos/good/lddgraph-git
0.6579056527086019,0,0,0,0,0,0,0.0,1,/home/mr1jk1/Documents/eli/yay/src/gopath/pkg/mod/github.com/!morganamilo/go-srcinfo@v1.0.0/testdata/srcinfos/good/leocad
0.6378372138504189,0,0,0,0,0,0,0.0,1,/home/mr1jk1/Documents/eli/yay/src/gopath/pkg/mod/github.com/!morganamilo/go-srcinfo@v1.0.0/testdata/srcinfos/good/lib32-double-conversion
0.6470846552980396,0,0,0,0,0,0,0.0,1,/home/mr1jk1/Documents/eli/yay/src/gopath/pkg/mod/github.com/!morganamilo/go-srcinfo@v1.0.0/testdata/srcinfos/good/lib32-fcitx
0.666234690474735,0,0,0,0,0,0,0.0,1,/home/mr1jk1/Documents/eli/yay/src/gopath/pkg/mod/github.com/!morganamilo/go-srcinfo@v1.0.0/testdata/srcinfos/good/lib32-orbit2
0.643717626554665,0,0,0,0,0,0,0.0,1,/home/mr1jk1/Documents/eli/yay/src/gopath/pkg/mod/github.com/!morganamilo/go-srcinfo@v1.0.0/testdata/srcinfos/good/lib3ds
0.6305019314410026,0,0,0,0,0,0,0.0,1,/home/mr1jk1/Documents/eli/yay/src/gopath/pkg/mod/github.com/!morganamilo/go-srcinfo@v1.0.0/testdata/srcinfos/good/lib_mysqludf_sys
0.6554160810475651,0,0,0,0,0,0,0.0,1,/home/mr1jk1/Documents/eli/yay/src/gopath/pkg/mod/github.com/!morganamilo/go-srcinfo@v1.0.0/testdata/srcinfos/good/libattr-aarch64
0.6343317069404382,0,0,0,0,0,0,0.0,1,/home/mr1jk1/Documents/eli/yay/src/gopath/pkg/mod/github.com/!morganamilo/go-srcinfo@v1.0.0/testdata/srcinfos/good/libbonobo
0.6332770064414901,0,0,0,0,0,0,0.0,1,/home/mr1jk1/Documents/eli/yay/src/gopath/pkg/mod/github.com/!morganamilo/go-srcinfo@v1.0.0/testdata/srcinfos/good/libbonoboui
0.6654831894275454,0,0,0,0,0,0,0.0,1,/home/mr1jk1/Documents/eli/yay/src/gopath/pkg/mod/github.com/!morganamilo/go-srcinfo@v1.0.0/testdata/srcinfos/good/libc++
0.6617645945096877,0,0,0,0,0,0,0.0,1,/home/mr1jk1/Documents/eli/yay/src/gopath/pkg/mod/github.com/!morganamilo/go-srcinfo@v1.0.0/testdata/srcinfos/good/libcotp
0.622529312616547,0,0,0,0,0,0,0.0,1,/home/mr1jk1/Documents/eli/yay/src/gopath/pkg/mod/github.com/!morganamilo/go-srcinfo@v1.0.0/testdata/srcinfos/good/libcs50-git
0.6446750860302972,0,0,0,0,0,0,0.0,1,/home/mr1jk1/Documents/eli/yay/src/gopath/pkg/mod/github.com/!morganamilo/go-srcinfo@v1.0.0/testdata/srcinfos/good/libgksu
0.6513879118221795,0,0,0,0,0,0,0.0,1,/home/mr1jk1/Documents/eli/yay/src/gopath/pkg/mod/github.com/!morganamilo/go-srcinfo@v1.0.0/testdata/srcinfos/good/libgksu-colormap-fix
0.6501140183432792,0,0,0,0,0,0,0.0,1,/home/mr1jk1/Documents/eli/yay/src/gopath/pkg/mod/github.com/!morganamilo/go-srcinfo@v1.0.0/testdata/srcinfos/good/libgnome
0.6499689944006793,0,0,0,0,0,0,0.0,1,/home/mr1jk1/Documents/eli/yay/src/gopath/pkg/mod/github.com/!morganamilo/go-srcinfo@v1.0.0/testdata/srcinfos/good/libgnomeui
0.640757295355882,0,0,0,0,0,0,0.0,1,/home/mr1jk1/Documents/eli/yay/src/gopath/pkg/mod/github.com/!morganamilo/go-srcinfo@v1.0.0/testdata/srcinfos/good/libheif
0.6144848245821445,0,0,0,0,0,0,0.0,1,/home/mr1jk1/Documents/eli/yay/src/gopath/pkg/mod/github.com/!morganamilo/go-srcinfo@v1.0.0/testdata/srcinfos/good/libkvkontakte-git
0.6471433106157937,0,0,0,0,0,0,0.0,1,/home/mr1jk1/Documents/eli/yay/src/gopath/pkg/mod/github.com/!morganamilo/go-srcinfo@v1.0.0/testdata/srcinfos/good/liblfds
0.6335241700878503,0,0,0,0,0,0,0.0,1,/home/mr1jk1/Documents/eli/yay/src/gopath/pkg/mod/github.com/!morganamilo/go-srcinfo@v1.0.0/testdata/srcinfos/good/liboglappth
0.6508259127677816,0,0,0,0,0,0,0.0,1,/home/mr1jk1/Documents/eli/yay/src/gopath/pkg/mod/github.com/!morganamilo/go-srcinfo@v1.0.0/testdata/srcinfos/good/libpri
0.6311198053393138,0,0,0,0,0,0,0.0,1,/home/mr1jk1/Documents/eli/yay/src/gopath/pkg/mod/github.com/!morganamilo/go-srcinfo@v1.0.0/testdata/srcinfos/good/libpurple-lurch-git
0.6256687441404953,0,0,0,0,0,0,0.0,1,/home/mr1jk1/Documents/eli/yay/src/gopath/pkg/mod/github.com/!morganamilo/go-srcinfo@v1.0.0/testdata/srcinfos/good/libsoxr-git
0.6536190935081663,0,0,0,0,0,0,0.0,1,/home/mr1jk1/Documents/eli/yay/src/gopath/pkg/mod/github.com/!morganamilo/go-srcinfo@v1.0.0/testdata/srcinfos/good/libsub
0.642654055123847,0,0,0,0,0,0,0.0,1,/home/mr1jk1/Documents/eli/yay/src/gopath/pkg/mod/github.com/!morganamilo/go-srcinfo@v1.0.0/testdata/srcinfos/good/libtickit
0.6434586315730548,0,0,0,0,0,0,0.0,1,/home/mr1jk1/Documents/eli/yay/src/gopath/pkg/mod/github.com/!morganamilo/go-srcinfo@v1.0.0/testdata/srcinfos/good/libu2f-server
0.6155853060273371,0,0,0,0,0,0,0.0,1,/home/mr1jk1/Documents/eli/yay/src/gopath/pkg/mod/github.com/!morganamilo/go-srcinfo@v1.0.0/testdata/srcinfos/good/lightdm-pantheon-greeter-git
0.6632306220103946,0,0,0,0,0,0,0.0,1,/home/mr1jk1/Documents/eli/yay/src/gopath/pkg/mod/github.com/!morganamilo/go-srcinfo@v1.0.0/testdata/srcinfos/good/linux-disable-tsq
0.6594354521220268,0,0,0,0,0,0,0.0,1,/home/mr1jk1/Documents/eli/yay/src/gopath/pkg/mod/github.com/!morganamilo/go-srcinfo@v1.0.0/testdata/srcinfos/good/log4j
0.642278366397573,0,0,0,0,0,0,0.0,1,/home/mr1jk1/Documents/eli/yay/src/gopath/pkg/mod/github.com/!morganamilo/go-srcinfo@v1.0.0/testdata/srcinfos/good/lomoco
0.6382827674909802,0,0,0,0,0,0,0.0,1,/home/mr1jk1/Documents/eli/yay/src/gopath/pkg/mod/github.com/!morganamilo/go-srcinfo@v1.0.0/testdata/srcinfos/good/lonestar
0.6426645096851114,0,0,0,0,0,0,0.0,1,/home/mr1jk1/Documents/eli/yay/src/gopath/pkg/mod/github.com/!morganamilo/go-srcinfo@v1.0.0/testdata/srcinfos/good/loop-aes
0.6516023664244049,0,0,0,0,0,0,0.0,1,/home/mr1jk1/Documents/eli/yay/src/gopath/pkg/mod/github.com/!morganamilo/go-srcinfo@v1.0.0/testdata/srcinfos/good/lostfiles
0.6220048731989086,0,0,0,0,0,0,0.0,1,/home/mr1jk1/Documents/eli/yay/src/gopath/pkg/mod/github.com/!morganamilo/go-srcinfo@v1.0.0/testdata/srcinfos/good/lp
0.6473961218693013,0,0,0,0,0,0,0.0,1,/home/mr1jk1/Documents/eli/yay/src/gopath/pkg/mod/github.com/!morganamilo/go-srcinfo@v1.0.0/testdata/srcinfos/good/luabind
0.6292021588027445,0,0,0,0,0,0,0.0,1,/home/mr1jk1/Documents/eli/yay/src/gopath/pkg/mod/github.com/!morganamilo/go-srcinfo@v1.0.0/testdata/srcinfos/good/luks-tpm
0.6247719133178432,0,0,0,0,0,0,0.0,1,/home/mr1jk1/Documents/eli/yay/src/gopath/pkg/mod/github.com/!morganamilo/go-srcinfo@v1.0.0/testdata/srcinfos/good/lutris
0.6204260799201834,0,0,0,0,0,0,0.0,1,/home/mr1jk1/Documents/eli/yay/src/gopath/pkg/mod/github.com/!morganamilo/go-srcinfo@v1.0.0/testdata/srcinfos/good/lxqt-panel-git
0.6349579054691022,0,0,0,0,0,0,0.0,1,/home/mr1jk1/Documents/eli/yay/src/gopath/pkg/mod/github.com/!morganamilo/go-srcinfo@v1.0.0/testdata/srcinfos/good/mailspring
0.6087501288803685,0,0,0,0,0,0,0.0,1,/home/mr1jk1/Documents/eli/yay/src/gopath/pkg/mod/github.com/!morganamilo/go-srcinfo@v1.0.0/testdata/srcinfos/good/mairix-largembox
0.6203198848502659,0,0,0,0,0,0,0.0,1,/home/mr1jk1/Documents/eli/yay/src/gopath/pkg/mod/github.com/!morganamilo/go-srcinfo@v1.0.0/testdata/srcinfos/good/masterpdfeditor
0.6299591511617556,0,0,0,0,0,0,0.0,1,/home/mr1jk1/Documents/eli/yay/src/gopath/pkg/mod/github.com/!morganamilo/go-srcinfo@v1.0.0/testdata/srcinfos/good/matterhorn
0.6532398056479384,0,0,0,0,0,0,0.0,1,/home/mr1jk1/Documents/eli/yay/src/gopath/pkg/mod/github.com/!morganamilo/go-srcinfo@v1.0.0/testdata/srcinfos/good/mdxmini-git
0.6472412033562929,0,0,0,0,0,0,0.0,1,/home/mr1jk1/Documents/eli/yay/src/gopath/pkg/mod/github.com/!morganamilo/go-srcinfo@v1.0.0/testdata/srcinfos/good/med
0.639333226991911,0,0,0,0,0,0,0.0,1,/home/mr1jk1/Documents/eli/yay/src/gopath/pkg/mod/github.com/!morganamilo/go-srcinfo@v1.0.0/testdata/srcinfos/good/megasync
0.6391094513072492,0,0,0,0,0,0,0.0,1,/home/mr1jk1/Documents/eli/yay/src/gopath/pkg/mod/github.com/!morganamilo/go-srcinfo@v1.0.0/testdata/srcinfos/good/mendeleydesktop
0.6184426946043372,0,0,0,0,0,0,0.0,1,/home/mr1jk1/Documents/eli/yay/src/gopath/pkg/mod/github.com/!morganamilo/go-srcinfo@v1.0.0/testdata/srcinfos/good/menulibre
0.6231865247960923,0,0,0,0,0,0,0.0,1,/home/mr1jk1/Documents/eli/yay/src/gopath/pkg/mod/github.com/!morganamilo/go-srcinfo@v1.0.0/testdata/srcinfos/good/meson-cross-aarch64-linux-gnu
0.64558425737208,0,0,0,0,0,0,0.0,1,/home/mr1jk1/Documents/eli/yay/src/gopath/pkg/mod/github.com/!morganamilo/go-srcinfo@v1.0.0/testdata/srcinfos/good/minecraft
0.6189649707095842,0,0,0,0,0,0,0.0,1,/home/mr1jk1/Documents/eli/yay/src/gopath/pkg/mod/github.com/!morganamilo/go-srcinfo@v1.0.0/testdata/srcinfos/good/mingw-w64-libcuckoo-git
0.6533171859529661,0,0,0,0,0,0,0.0,1,/home/mr1jk1/Documents/eli/yay/src/gopath/pkg/mod/github.com/!morganamilo/go-srcinfo@v1.0.0/testdata/srcinfos/good/mingw-w64-libgcrypt
0.6569836473656044,0,0,0,0,0,0,0.0,1,/home/mr1jk1/Documents/eli/yay/src/gopath/pkg/mod/github.com/!morganamilo/go-srcinfo@v1.0.0/testdata/srcinfos/good/mingw-w64-libmodbus
0.6519915385568572,0,0,0,0,0,0,0.0,1,/home/mr1jk1/Documents/eli/yay/src/gopath/pkg/mod/github.com/!morganamilo/go-srcinfo@v1.0.0/testdata/srcinfos/good/mini-xfwm4-theme
0.6096523298299571,0,0,0,0,0,0,0.0,1,/home/mr1jk1/Documents/eli/yay/src/gopath/pkg/mod/github.com/!morganamilo/go-srcinfo@v1.0.0/testdata/srcinfos/good/minlog-git
0.6196227283532972,0,0,0,0,0,0,0.0,1,/home/mr1jk1/Documents/eli/yay/src/gopath/pkg/mod/github.com/!morganamilo/go-srcinfo@v1.0.0/testdata/srcinfos/good/mint-backgrounds-serena
0.6209693054459452,0,0,0,0,0,0,0.0,1,/home/mr1jk1/Documents/eli/yay/src/gopath/pkg/mod/github.com/!morganamilo/go-srcinfo@v1.0.0/testdata/srcinfos/good/miraclecast-git
0.5986012880759235,0,0,0,0,0,0,0.0,1,/home/mr1jk1/Documents/eli/yay/src/gopath/pkg/mod/github.com/!morganamilo/go-srcinfo@v1.0.0/testdata/srcinfos/good/mkinitcpio-archivetmpfs
0.6428710827421564,0,0,0,0,0,0,0.0,1,/home/mr1jk1/Documents/eli/yay/src/gopath/pkg/mod/github.com/!morganamilo/go-srcinfo@v1.0.0/testdata/srcinfos/good/mmass
0.6249739021035458,0,0,0,0,0,0,0.0,1,/home/mr1jk1/Documents/eli/yay/src/gopath/pkg/mod/github.com/!morganamilo/go-srcinfo@v1.0.0/testdata/srcinfos/good/mod_authnz_pam
0.5983919490577352,0,0,0,0,0,0,0.0,1,/home/mr1jk1/Documents/eli/yay/src/gopath/pkg/mod/github.com/!morganamilo/go-srcinfo@v1.0.0/testdata/srcinfos/good/moka-icon-theme-git
0.6202700926105237,0,0,0,0,0,0,0.0,1,/home/mr1jk1/Documents/eli/yay/src/gopath/pkg/mod/github.com/!morganamilo/go-srcinfo@v1.0.0/testdata/srcinfos/good/monero
0.6430897214891571,0,0,0,0,0,0,0.0,1,/home/mr1jk1/Documents/eli/yay/src/gopath/pkg/mod/github.com/!morganamilo/go-srcinfo@v1.0.0/testdata/srcinfos/good/mongo-cxx-driver
0.6404327971275123,0,0,0,0,0,0,0.0,1,/home/mr1jk1/Documents/eli/yay/src/gopath/pkg/mod/github.com/!morganamilo/go-srcinfo@v1.0.0/testdata/srcinfos/good/mongroup
0.6252446436750991,0,0,0,0,0,0,0.0,1,/home/mr1jk1/Documents/eli/yay/src/gopath/pkg/mod/github.com/!morganamilo/go-srcinfo@v1.0.0/testdata/srcinfos/good/monogame-git
0.6366500319675795,0,0,0,0,0,0,0.0,1,/home/mr1jk1/Documents/eli/yay/src/gopath/pkg/mod/github.com/!morganamilo/go-srcinfo@v1.0.0/testdata/srcinfos/good/mp
0.6126272857223185,0,0,0,0,0,0,0.0,1,/home/mr1jk1/Documents/eli/yay/src/gopath/pkg/mod/github.com/!morganamilo/go-srcinfo@v1.0.0/testdata/srcinfos/good/mpv-prescalers-git
0.6430951603119884,0,0,0,0,0,0,0.0,1,/home/mr1jk1/Documents/eli/yay/src/gopath/pkg/mod/github.com/!morganamilo/go-srcinfo@v1.0.0/testdata/srcinfos/good/mpv-vapoursynth
0.6394152080536343,0,0,0,0,0,0,0.0,1,/home/mr1jk1/Documents/eli/yay/src/gopath/pkg/mod/github.com/!morganamilo/go-srcinfo@v1.0.0/testdata/srcinfos/good/mugshot
0.6474582724921139,0,0,0,0,0,0,0.0,1,/home/mr1jk1/Documents/eli/yay/src/gopath/pkg/mod/github.com/!morganamilo/go-srcinfo@v1.0.0/testdata/srcinfos/good/multibootusb
0.6468663145642144,0,0,0,0,0,0,0.0,1,/home/mr1jk1/Documents/eli/yay/src/gopath/pkg/mod/github.com/!morganamilo/go-srcinfo@v1.0.0/testdata/srcinfos/good/murmur-snapshot-minimal
0.6779407985902098,0,0,0,0,0,0,0.0,1,/home/mr1jk1/Documents/eli/yay/src/gopath/pkg/mod/github.com/!morganamilo/go-srcinfo@v1.0.0/testdata/srcinfos/good/mysql-jdbc
0.6698312331427215,0,0,0,0,0,0,0.0,1,/home/mr1jk1/Documents/eli/yay/src/gopath/pkg/mod/github.com/!morganamilo/go-srcinfo@v1.0.0/testdata/srcinfos/good/mysql-proxy
0.6372972054934934,0,0,0,0,0,0,0.0,1,/home/mr1jk1/Documents/eli/yay/src/gopath/pkg/mod/github.com/!morganamilo/go-srcinfo@v1.0.0/testdata/srcinfos/good/nanopond
0.6364840432777892,0,0,0,0,0,0,0.0,1,/home/mr1jk1/Documents/eli/yay/src/gopath/pkg/mod/github.com/!morganamilo/go-srcinfo@v1.0.0/testdata/srcinfos/good/nautilus-dropbox
0.6066462052151259,0,0,0,0,0,0,0.0,1,/home/mr1jk1/Documents/eli/yay/src/gopath/pkg/mod/github.com/!morganamilo/go-srcinfo@v1.0.0/testdata/srcinfos/good/ncxmms2-git
0.6615306400777916,0,0,0,0,0,0,0.0,1,/home/mr1jk1/Documents/eli/yay/src/gopath/pkg/mod/github.com/!morganamilo/go-srcinfo@v1.0.0/testdata/srcinfos/good/neon-wallet-bin
0.6319148030447852,0,0,0,0,0,0,0.0,1,/home/mr1jk1/Documents/eli/yay/src/gopath/pkg/mod/github.com/!morganamilo/go-srcinfo@v1.0.0/testdata/srcinfos/good/netatop-dkms
0.6371997089552096,0,0,0,0,0,0,0.0,1,/home/mr1jk1/Documents/eli/yay/src/gopath/pkg/mod/github.com/!morganamilo/go-srcinfo@v1.0.0/testdata/srcinfos/good/netstiff
0.6320961933248666,0,0,0,0,0,0,0.0,1,/home/mr1jk1/Documents/eli/yay/src/gopath/pkg/mod/github.com/!morganamilo/go-srcinfo@v1.0.0/testdata/srcinfos/good/nfrotz
0.675581596847908,0,0,0,0,0,0,0.0,1,/home/mr1jk1/Documents/eli/yay/src/gopath/pkg/mod/github.com/!morganamilo/go-srcinfo@v1.0.0/testdata/srcinfos/good/ngrok
0.637842868396766,0,0,0,0,0,0,0.0,1,/home/mr1jk1/Documents/eli/yay/src/gopath/pkg/mod/github.com/!morganamilo/go-srcinfo@v1.0.0/testdata/srcinfos/good/nodejs-budo
0.6393895921871138,0,0,0,0,0,0,0.0,1,/home/mr1jk1/Documents/eli/yay/src/gopath/pkg/mod/github.com/!morganamilo/go-srcinfo@v1.0.0/testdata/srcinfos/good/nodejs-generator-jhipster
0.6416875665444135,0,0,0,0,0,0,0.0,1,/home/mr1jk1/Documents/eli/yay/src/gopath/pkg/mod/github.com/!morganamilo/go-srcinfo@v1.0.0/testdata/srcinfos/good/nodejs-nativefier
0.6404350769073048,0,0,0,0,0,0,0.0,1,/home/mr1jk1/Documents/eli/yay/src/gopath/pkg/mod/github.com/!morganamilo/go-srcinfo@v1.0.0/testdata/srcinfos/good/nodejs-ws
0.646400042332053,0,0,0,0,0,0,0.0,1,/home/mr1jk1/Documents/eli/yay/src/gopath/pkg/mod/github.com/!morganamilo/go-srcinfo@v1.0.0/testdata/srcinfos/good/nvm
0.6448035916135102,0,0,0,0,0,0,0.0,1,/home/mr1jk1/Documents/eli/yay/src/gopath/pkg/mod/github.com/!morganamilo/go-srcinfo@v1.0.0/testdata/srcinfos/good/ocaml-menhir
0.6475777337187368,0,0,0,0,0,0,0.0,1,/home/mr1jk1/Documents/eli/yay/src/gopath/pkg/mod/github.com/!morganamilo/go-srcinfo@v1.0.0/testdata/srcinfos/good/oni
0.6452641275922116,0,0,0,0,0,0,0.0,1,/home/mr1jk1/Documents/eli/yay/src/gopath/pkg/mod/github.com/!morganamilo/go-srcinfo@v1.0.0/testdata/srcinfos/good/opencascade
0.6528043138556215,0,0,0,0,0,0,0.0,1,/home/mr1jk1/Documents/eli/yay/src/gopath/pkg/mod/github.com/!morganamilo/go-srcinfo@v1.0.0/testdata/srcinfos/good/opencobolide
0.6373598981928659,0,0,0,0,0,0,0.0,1,/home/mr1jk1/Documents/eli/yay/src/gopath/pkg/mod/github.com/!morganamilo/go-srcinfo@v1.0.0/testdata/srcinfos/good/openfaas-cli
0.6075266388568116,0,0,0,0,0,0,0.0,1,/home/mr1jk1/Documents/eli/yay/src/gopath/pkg/mod/github.com/!morganamilo/go-srcinfo@v1.0.0/testdata/srcinfos/good/openss7-modules-lts41-git
0.6559479996849232,0,0,0,0,0,0,0.0,1,/home/mr1jk1/Documents/eli/yay/src/gopath/pkg/mod/github.com/!morganamilo/go-srcinfo@v1.0.0/testdata/srcinfos/good/openvpn-auth-ldap
0.6153570503716222,0,0,0,0,0,0,0.0,1,/home/mr1jk1/Documents/eli/yay/src/gopath/pkg/mod/github.com/!morganamilo/go-srcinfo@v1.0.0/testdata/srcinfos/good/optiprime
0.6341520006386057,0,0,0,0,0,0,0.0,1,/home/mr1jk1/Documents/eli/yay/src/gopath/pkg/mod/github.com/!morganamilo/go-srcinfo@v1.0.0/testdata/srcinfos/good/otf-aurulent-sans
0.6171174455340331,0,0,0,0,0,0,0.0,1,/home/mr1jk1/Documents/eli/yay/src/gopath/pkg/mod/github.com/!morganamilo/go-srcinfo@v1.0.0/testdata/srcinfos/good/otf-ipaexfont
0.6542528114765898,0,0,0,0,0,0,0.0,1,/home/mr1jk1/Documents/eli/yay/src/gopath/pkg/mod/github.com/!morganamilo/go-srcinfo@v1.0.0/testdata/srcinfos/good/otf-tex-gyre-ib
0.6408714387410674,0,0,0,0,0,0,0.0,1,/home/mr1jk1/Documents/eli/yay/src/gopath/pkg/mod/github.com/!morganamilo/go-srcinfo@v1.0.0/testdata/srcinfos/good/outlast-hib
0.6097007006260678,0,0,0,0,0,0,0.0,1,/home/mr1jk1/Documents/eli/yay/src/gopath/pkg/mod/github.com/!morganamilo/go-srcinfo@v1.0.0/testdata/srcinfos/good/outspline
0.6314486518815097,0,0,0,0,0,0,0.0,1,/home/mr1jk1/Documents/eli/yay/src/gopath/pkg/mod/github.com/!morganamilo/go-srcinfo@v1.0.0/testdata/srcinfos/good/p7
0.6134125441438751,0,0,0,0,0,0,0.0,1,/home/mr1jk1/Documents/eli/yay/src/gopath/pkg/mod/github.com/!morganamilo/go-srcinfo@v1.0.0/testdata/srcinfos/good/pacaur
0.633218092657889,0,0,0,0,0,0,0.0,1,/home/mr1jk1/Documents/eli/yay/src/gopath/pkg/mod/github.com/!morganamilo/go-srcinfo@v1.0.0/testdata/srcinfos/good/pacmon-git
0.6071431869059002,0,0,0,0,0,0,0.0,1,/home/mr1jk1/Documents/eli/yay/src/gopath/pkg/mod/github.com/!morganamilo/go-srcinfo@v1.0.0/testdata/srcinfos/good/pacvis-git
0.6062776835576741,0,0,0,0,0,0,0.0,1,/home/mr1jk1/Documents/eli/yay/src/gopath/pkg/mod/github.com/!morganamilo/go-srcinfo@v1.0.0/testdata/srcinfos/good/panda3d-git
0.6479580473467168,0,0,0,0,0,0,0.0,1,/home/mr1jk1/Documents/eli/yay/src/gopath/pkg/mod/github.com/!morganamilo/go-srcinfo@v1.0.0/testdata/srcinfos/good/parallels12-tools
0.612836269413073,0,0,0,0,0,0,0.0,1,/home/mr1jk1/Documents/eli/yay/src/gopath/pkg/mod/github.com/!morganamilo/go-srcinfo@v1.0.0/testdata/srcinfos/good/passcheck
0.6354993091473707,0,0,0,0,0,0,0.0,1,/home/mr1jk1/Documents/eli/yay/src/gopath/pkg/mod/github.com/!morganamilo/go-srcinfo@v1.0.0/testdata/srcinfos/good/patchrom
0.6519715495167557,0,0,0,0,0,0,0.0,1,/home/mr1jk1/Documents/eli/yay/src/gopath/pkg/mod/github.com/!morganamilo/go-srcinfo@v1.0.0/testdata/srcinfos/good/pcloudcc
0.6261971777423975,0,0,0,0,0,0,0.0,1,/home/mr1jk1/Documents/eli/yay/src/gopath/pkg/mod/github.com/!morganamilo/go-srcinfo@v1.0.0/testdata/srcinfos/good/pdf4tcl
0.6561858085158049,0,0,0,0,0,0,0.0,1,/home/mr1jk1/Documents/eli/yay/src/gopath/pkg/mod/github.com/!morganamilo/go-srcinfo@v1.0.0/testdata/srcinfos/good/pdfstudio10
0.6524603121696726,0,0,0,0,0,0,0.0,1,/home/mr1jk1/Documents/eli/yay/src/gopath/pkg/mod/github.com/!morganamilo/go-srcinfo@v1.0.0/testdata/srcinfos/good/pdftk
0.6339909107243842,0,0,0,0,0,0,0.0,1,/home/mr1jk1/Documents/eli/yay/src/gopath/pkg/mod/github.com/!morganamilo/go-srcinfo@v1.0.0/testdata/srcinfos/good/peek
0.6158500513005757,0,0,0,0,0,0,0.0,1,/home/mr1jk1/Documents/eli/yay/src/gopath/pkg/mod/github.com/!morganamilo/go-srcinfo@v1.0.0/testdata/srcinfos/good/pep8-asm-git
0.6611041017220372,0,0,0,0,0,0,0.0,1,/home/mr1jk1/Documents/eli/yay/src/gopath/pkg/mod/github.com/!morganamilo/go-srcinfo@v1.0.0/testdata/srcinfos/good/perl-class-dbi-plugin-type
0.6294471532181521,0,0,0,0,0,0,0.0,1,/home/mr1jk1/Documents/eli/yay/src/gopath/pkg/mod/github.com/!morganamilo/go-srcinfo@v1.0.0/testdata/srcinfos/good/perl-datetime-incomplete
0.6639857680972245,0,0,0,0,0,0,0.0,1,/home/mr1jk1/Documents/eli/yay/src/gopath/pkg/mod/github.com/!morganamilo/go-srcinfo@v1.0.0/testdata/srcinfos/good/perl-file-sync
0.6583666120191041,0,0,0,0,0,0,0.0,1,/home/mr1jk1/Documents/eli/yay/src/gopath/pkg/mod/github.com/!morganamilo/go-srcinfo@v1.0.0/testdata/srcinfos/good/perl-javascript-closure
0.6453325953371661,0,0,0,0,0,0,0.0,1,/home/mr1jk1/Documents/eli/yay/src/gopath/pkg/mod/github.com/!morganamilo/go-srcinfo@v1.0.0/testdata/srcinfos/good/perl-lingua-en-inflect-phrase
0.6601625944779058,0,0,0,0,0,0,0.0,1,/home/mr1jk1/Documents/eli/yay/src/gopath/pkg/mod/github.com/!morganamilo/go-srcinfo@v1.0.0/testdata/srcinfos/good/perl-log-dispatch-config
0.6294820663650362,0,0,0,0,0,0,0.0,1,/home/mr1jk1/Documents/eli/yay/src/gopath/pkg/mod/github.com/!morganamilo/go-srcinfo@v1.0.0/testdata/srcinfos/good/perl-math-prime-util
0.658614188561057,0,0,0,0,0,0,0.0,1,/home/mr1jk1/Documents/eli/yay/src/gopath/pkg/mod/github.com/!morganamilo/go-srcinfo@v1.0.0/testdata/srcinfos/good/perl-math-vec
0.6429633647919507,0,0,0,0,0,0,0.0,1,/home/mr1jk1/Documents/eli/yay/src/gopath/pkg/mod/github.com/!morganamilo/go-srcinfo@v1.0.0/testdata/srcinfos/good/perl-moosex-types
0.6421028011851567,0,0,0,0,0,0,0.0,1,/home/mr1jk1/Documents/eli/yay/src/gopath/pkg/mod/github.com/!morganamilo/go-srcinfo@v1.0.0/testdata/srcinfos/good/perl-moosex-types-datetime
0.6273236077074819,0,0,0,0,0,0,0.0,1,/home/mr1jk1/Documents/eli/yay/src/gopath/pkg/mod/github.com/!morganamilo/go-srcinfo@v1.0.0/testdata/srcinfos/good/perl-net-opensoundcontrol
0.6592765797754102,0,0,0,0,0,0,0.0,1,/home/mr1jk1/Documents/eli/yay/src/gopath/pkg/mod/github.com/!morganamilo/go-srcinfo@v1.0.0/testdata/srcinfos/good/perl-php-serialization
0.6536778897873053,0,0,0,0,0,0,0.0,1,/home/mr1jk1/Documents/eli/yay/src/gopath/pkg/mod/github.com/!morganamilo/go-srcinfo@v1.0.0/testdata/srcinfos/good/perl-term-readline-zoid
0.6239763613253898,0,0,0,0,0,0,0.0,1,/home/mr1jk1/Documents/eli/yay/src/gopath/pkg/mod/github.com/!morganamilo/go-srcinfo@v1.0.0/testdata/srcinfos/good/perl-test-class
0.6230575906250365,0,0,0,0,0,0,0.0,1,/home/mr1jk1/Documents/eli/yay/src/gopath/pkg/mod/github.com/!morganamilo/go-srcinfo@v1.0.0/testdata/srcinfos/good/perl6-html-parser
0.6049872137241282,0,0,0,0,0,0,0.0,1,/home/mr1jk1/Documents/eli/yay/src/gopath/pkg/mod/github.com/!morganamilo/go-srcinfo@v1.0.0/testdata/srcinfos/good/phpstorm-url-handler
0.6521295356480392,0,0,0,0,0,0,0.0,1,/home/mr1jk1/Documents/eli/yay/src/gopath/pkg/mod/github.com/!morganamilo/go-srcinfo@v1.0.0/testdata/srcinfos/good/pikalogy
0.6378705163354753,0,0,0,0,0,0,0.0,1,/home/mr1jk1/Documents/eli/yay/src/gopath/pkg/mod/github.com/!morganamilo/go-srcinfo@v1.0.0/testdata/srcinfos/good/pikaur
0.6344033697380708,0,0,0,0,0,0,0.0,1,/home/mr1jk1/Documents/eli/yay/src/gopath/pkg/mod/github.com/!morganamilo/go-srcinfo@v1.0.0/testdata/srcinfos/good/pioneer
0.6588881167059849,0,0,0,0,0,0,0.0,1,/home/mr1jk1/Documents/eli/yay/src/gopath/pkg/mod/github.com/!morganamilo/go-srcinfo@v1.0.0/testdata/srcinfos/good/piuio-dkms-git
0.6292196044414655,0,0,0,0,0,0,0.0,1,/home/mr1jk1/Documents/eli/yay/src/gopath/pkg/mod/github.com/!morganamilo/go-srcinfo@v1.0.0/testdata/srcinfos/good/pixelize
0.6023776345868375,0,0,0,0,0,0,0.0,1,/home/mr1jk1/Documents/eli/yay/src/gopath/pkg/mod/github.com/!morganamilo/go-srcinfo@v1.0.0/testdata/srcinfos/good/pixiecore
0.6449907947700313,0,0,0,0,0,0,0.0,1,/home/mr1jk1/Documents/eli/yay/src/gopath/pkg/mod/github.com/!morganamilo/go-srcinfo@v1.0.0/testdata/srcinfos/good/pkgbrowser
0.6228347050195897,0,0,0,0,0,0,0.0,1,/home/mr1jk1/Documents/eli/yay/src/gopath/pkg/mod/github.com/!morganamilo/go-srcinfo@v1.0.0/testdata/srcinfos/good/plexydesk-git
0.6525696392468588,0,0,0,0,0,0,0.0,1,/home/mr1jk1/Documents/eli/yay/src/gopath/pkg/mod/github.com/!morganamilo/go-srcinfo@v1.0.0/testdata/srcinfos/good/plink
0.6465399642629152,0,0,0,0,0,0,0.0,1,/home/mr1jk1/Documents/eli/yay/src/gopath/pkg/mod/github.com/!morganamilo/go-srcinfo@v1.0.0/testdata/srcinfos/good/plptools
0.643224846707778,0,0,0,0,0,0,0.0,1,/home/mr1jk1/Documents/eli/yay/src/gopath/pkg/mod/github.com/!morganamilo/go-srcinfo@v1.0.0/testdata/srcinfos/good/plymouth
0.615199028360294,0,0,0,0,0,0,0.0,1,/home/mr1jk1/Documents/eli/yay/src/gopath/pkg/mod/github.com/!morganamilo/go-srcinfo@v1.0.0/testdata/srcinfos/good/pngwriter-git
0.6364722394566941,0,0,0,0,0,0,0.0,1,/home/mr1jk1/Documents/eli/yay/src/gopath/pkg/mod/github.com/!morganamilo/go-srcinfo@v1.0.0/testdata/srcinfos/good/polly-b-gone-git
0.6008090599808512,0,0,0,0,0,0,0.0,1,/home/mr1jk1/Documents/eli/yay/src/gopath/pkg/mod/github.com/!morganamilo/go-srcinfo@v1.0.0/testdata/srcinfos/good/polybar
0.6069815578150097,0,0,0,0,0,0,0.0,1,/home/mr1jk1/Documents/eli/yay/src/gopath/pkg/mod/github.com/!morganamilo/go-srcinfo@v1.0.0/testdata/srcinfos/good/portage-git
0.6402527943518411,0,0,0,0,0,0,0.0,1,/home/mr1jk1/Documents/eli/yay/src/gopath/pkg/mod/github.com/!morganamilo/go-srcinfo@v1.0.0/testdata/srcinfos/good/prosody-mod-smacks
0.6137320397026497,0,0,0,0,0,0,0.0,1,/home/mr1jk1/Documents/eli/yay/src/gopath/pkg/mod/github.com/!morganamilo/go-srcinfo@v1.0.0/testdata/srcinfos/good/pulseeffects
0.6022630806163,0,0,0,0,0,0,0.0,1,/home/mr1jk1/Documents/eli/yay/src/gopath/pkg/mod/github.com/!morganamilo/go-srcinfo@v1.0.0/testdata/srcinfos/good/puppet3
0.6210393738838087,0,0,0,0,0,0,0.0,1,/home/mr1jk1/Documents/eli/yay/src/gopath/pkg/mod/github.com/!morganamilo/go-srcinfo@v1.0.0/testdata/srcinfos/good/purple-hangouts-hg
0.6371231043932003,0,0,0,0,0,0,0.0,1,/home/mr1jk1/Documents/eli/yay/src/gopath/pkg/mod/github.com/!morganamilo/go-srcinfo@v1.0.0/testdata/srcinfos/good/pyfa
0.6311859665005665,0,0,0,0,0,0,0.0,1,/home/mr1jk1/Documents/eli/yay/src/gopath/pkg/mod/github.com/!morganamilo/go-srcinfo@v1.0.0/testdata/srcinfos/good/pygobject-tutorial-git
0.6504137129669854,0,0,0,0,0,0,0.0,1,/home/mr1jk1/Documents/eli/yay/src/gopath/pkg/mod/github.com/!morganamilo/go-srcinfo@v1.0.0/testdata/srcinfos/good/pypy-lxml
0.6308158210215303,0,0,0,0,0,0,0.0,1,/home/mr1jk1/Documents/eli/yay/src/gopath/pkg/mod/github.com/!morganamilo/go-srcinfo@v1.0.0/testdata/srcinfos/good/python-bluezero
0.6104239238100494,0,0,0,0,0,0,0.0,1,/home/mr1jk1/Documents/eli/yay/src/gopath/pkg/mod/github.com/!morganamilo/go-srcinfo@v1.0.0/testdata/srcinfos/good/python-bottlenose-git
0.6367860819113559,0,0,0,0,0,0,0.0,1,/home/mr1jk1/Documents/eli/yay/src/gopath/pkg/mod/github.com/!morganamilo/go-srcinfo@v1.0.0/testdata/srcinfos/good/python-django-cors-headers
0.6357157327816605,0,0,0,0,0,0,0.0,1,/home/mr1jk1/Documents/eli/yay/src/gopath/pkg/mod/github.com/!morganamilo/go-srcinfo@v1.0.0/testdata/srcinfos/good/python-django-extra-views
0.6312787008628966,0,0,0,0,0,0,0.0,1,/home/mr1jk1/Documents/eli/yay/src/gopath/pkg/mod/github.com/!morganamilo/go-srcinfo@v1.0.0/testdata/srcinfos/good/python-django-taggit
0.6404632924332788,0,0,0,0,0,0,0.0,1,/home/mr1jk1/Documents/eli/yay/src/gopath/pkg/mod/github.com/!morganamilo/go-srcinfo@v1.0.0/testdata/srcinfos/good/python-errol
0.6408855653471011,0,0,0,0,0,0,0.0,1,/home/mr1jk1/Documents/eli/yay/src/gopath/pkg/mod/github.com/!morganamilo/go-srcinfo@v1.0.0/testdata/srcinfos/good/python-habitica
0.658436666716993,0,0,0,0,0,0,0.0,1,/home/mr1jk1/Documents/eli/yay/src/gopath/pkg/mod/github.com/!morganamilo/go-srcinfo@v1.0.0/testdata/srcinfos/good/python-html5lint
0.6081152467775167,0,0,0,0,0,0,0.0,1,/home/mr1jk1/Documents/eli/yay/src/gopath/pkg/mod/github.com/!morganamilo/go-srcinfo@v1.0.0/testdata/srcinfos/good/python-http-parser-git
0.6237634122969768,0,0,0,0,0,0,0.0,1,/home/mr1jk1/Documents/eli/yay/src/gopath/pkg/mod/github.com/!morganamilo/go-srcinfo@v1.0.0/testdata/srcinfos/good/python-httpie-jwt-auth
0.6406178434150016,0,0,0,0,0,0,0.0,1,/home/mr1jk1/Documents/eli/yay/src/gopath/pkg/mod/github.com/!morganamilo/go-srcinfo@v1.0.0/testdata/srcinfos/good/python-intelhex
0.628110282445965,0,0,0,0,0,0,0.0,1,/home/mr1jk1/Documents/eli/yay/src/gopath/pkg/mod/github.com/!morganamilo/go-srcinfo@v1.0.0/testdata/srcinfos/good/python-kwant
0.6084933820302548,0,0,0,0,0,0,0.0,1,/home/mr1jk1/Documents/eli/yay/src/gopath/pkg/mod/github.com/!morganamilo/go-srcinfo@v1.0.0/testdata/srcinfos/good/python-lookfor
0.6468137990454216,0,0,0,0,0,0,0.0,1,/home/mr1jk1/Documents/eli/yay/src/gopath/pkg/mod/github.com/!morganamilo/go-srcinfo@v1.0.0/testdata/srcinfos/good/python-magic-ahupp
0.6251336562615541,0,0,0,0,0,0,0.0,1,/home/mr1jk1/Documents/eli/yay/src/gopath/pkg/mod/github.com/!morganamilo/go-srcinfo@v1.0.0/testdata/srcinfos/good/python-mapnik
0.6186383958170503,0,0,0,0,0,0,0.0,1,/home/mr1jk1/Documents/eli/yay/src/gopath/pkg/mod/github.com/!morganamilo/go-srcinfo@v1.0.0/testdata/srcinfos/good/python-monary-hg
0.6308081607529293,0,0,0,0,0,0,0.0,1,/home/mr1jk1/Documents/eli/yay/src/gopath/pkg/mod/github.com/!morganamilo/go-srcinfo@v1.0.0/testdata/srcinfos/good/python-mshr
0.6626141707481293,0,0,0,0,0,0,0.0,1,/home/mr1jk1/Documents/eli/yay/src/gopath/pkg/mod/github.com/!morganamilo/go-srcinfo@v1.0.0/testdata/srcinfos/good/python-nss
0.6138592109200375,0,0,0,0,0,0,0.0,1,/home/mr1jk1/Documents/eli/yay/src/gopath/pkg/mod/github.com/!morganamilo/go-srcinfo@v1.0.0/testdata/srcinfos/good/python-py-wink
0.6313176029978855,0,0,0,0,0,0,0.0,1,/home/mr1jk1/Documents/eli/yay/src/gopath/pkg/mod/github.com/!morganamilo/go-srcinfo@v1.0.0/testdata/srcinfos/good/python-pyalsaaudio
0.6101423848781837,0,0,0,0,0,0,0.0,1,/home/mr1jk1/Documents/eli/yay/src/gopath/pkg/mod/github.com/!morganamilo/go-srcinfo@v1.0.0/testdata/srcinfos/good/python-pygpgme-rshk-git
0.6365831564144373,0,0,0,0,0,0,0.0,1,/home/mr1jk1/Documents/eli/yay/src/gopath/pkg/mod/github.com/!morganamilo/go-srcinfo@v1.0.0/testdata/srcinfos/good/python-pykwalify
0.6463938271440879,0,0,0,0,0,0,0.0,1,/home/mr1jk1/Documents/eli/yay/src/gopath/pkg/mod/github.com/!morganamilo/go-srcinfo@v1.0.0/testdata/srcinfos/good/python-pyorgmode
0.6225100176758251,0,0,0,0,0,0,0.0,1,/home/mr1jk1/Documents/eli/yay/src/gopath/pkg/mod/github.com/!morganamilo/go-srcinfo@v1.0.0/testdata/srcinfos/good/python-pysmell
0.6198793464084861,0,0,0,0,0,0,0.0,1,/home/mr1jk1/Documents/eli/yay/src/gopath/pkg/mod/github.com/!morganamilo/go-srcinfo@v1.0.0/testdata/srcinfos/good/python-pytimeparse
0.6488555586844791,0,0,0,0,0,0,0.0,1,/home/mr1jk1/Documents/eli/yay/src/gopath/pkg/mod/github.com/!morganamilo/go-srcinfo@v1.0.0/testdata/srcinfos/good/python-queryablelist
0.6308102114014335,0,0,0,0,0,0,0.0,1,/home/mr1jk1/Documents/eli/yay/src/gopath/pkg/mod/github.com/!morganamilo/go-srcinfo@v1.0.0/testdata/srcinfos/good/python-rasterio
0.6053007037190006,0,0,0,0,0,0,0.0,1,/home/mr1jk1/Documents/eli/yay/src/gopath/pkg/mod/github.com/!morganamilo/go-srcinfo@v1.0.0/testdata/srcinfos/good/python-rednose
0.6364556718157894,0,0,0,0,0,0,0.0,1,/home/mr1jk1/Documents/eli/yay/src/gopath/pkg/mod/github.com/!morganamilo/go-srcinfo@v1.0.0/testdata/srcinfos/good/python-rtttl
0.6518289463104553,0,0,0,0,0,0,0.0,1,/home/mr1jk1/Documents/eli/yay/src/gopath/pkg/mod/github.com/!morganamilo/go-srcinfo@v1.0.0/testdata/srcinfos/good/python-usfm2osis
0.6094910040940698,0,0,0,0,0,0,0.0,1,/home/mr1jk1/Documents/eli/yay/src/gopath/pkg/mod/github.com/!morganamilo/go-srcinfo@v1.0.0/testdata/srcinfos/good/python2-axolotl-git
0.6246997259588649,0,0,0,0,0,0,0.0,1,/home/mr1jk1/Documents/eli/yay/src/gopath/pkg/mod/github.com/!morganamilo/go-srcinfo@v1.0.0/testdata/srcinfos/good/python2-boto-rsync
0.6284303512435324,0,0,0,0,0,0,0.0,1,/home/mr1jk1/Documents/eli/yay/src/gopath/pkg/mod/github.com/!morganamilo/go-srcinfo@v1.0.0/testdata/srcinfos/good/python2-cliff-tablib-liberty
0.6463840861562191,0,0,0,0,0,0,0.0,1,/home/mr1jk1/Documents/eli/yay/src/gopath/pkg/mod/github.com/!morganamilo/go-srcinfo@v1.0.0/testdata/srcinfos/good/python2-couleur
0.6384889141233057,0,0,0,0,0,0,0.0,1,/home/mr1jk1/Documents/eli/yay/src/gopath/pkg/mod/github.com/!morganamilo/go-srcinfo@v1.0.0/testdata/srcinfos/good/python2-dnsq
0.5996400254259769,0,0,0,0,0,0,0.0,1,/home/mr1jk1/Documents/eli/yay/src/gopath/pkg/mod/github.com/!morganamilo/go-srcinfo@v1.0.0/testdata/srcinfos/good/python2-doom_py-git
0.6255751602295332,0,0,0,0,0,0,0.0,1,/home/mr1jk1/Documents/eli/yay/src/gopath/pkg/mod/github.com/!morganamilo/go-srcinfo@v1.0.0/testdata/srcinfos/good/python2-espressopp
0.650644915987166,0,0,0,0,0,0,0.0,1,/home/mr1jk1/Documents/eli/yay/src/gopath/pkg/mod/github.com/!morganamilo/go-srcinfo@v1.0.0/testdata/srcinfos/good/python2-libzfs-git
0.6334364392585582,0,0,0,0,0,0,0.0,1,/home/mr1jk1/Documents/eli/yay/src/gopath/pkg/mod/github.com/!morganamilo/go-srcinfo@v1.0.0/testdata/srcinfos/good/python2-postfix-policyd-spf
0.6401520246373431,0,0,0,0,0,0,0.0,1,/home/mr1jk1/Documents/eli/yay/src/gopath/pkg/mod/github.com/!morganamilo/go-srcinfo@v1.0.0/testdata/srcinfos/good/python2-procname
0.6033759650447448,0,0,0,0,0,0,0.0,1,/home/mr1jk1/Documents/eli/yay/src/gopath/pkg/mod/github.com/!morganamilo/go-srcinfo@v1.0.0/testdata/srcinfos/good/python2-pycanberra-git
0.651897885573068,0,0,0,0,0,0,0.0,1,/home/mr1jk1/Documents/eli/yay/src/gopath/pkg/mod/github.com/!morganamilo/go-srcinfo@v1.0.0/testdata/srcinfos/good/python2-pyliblzma
0.6496665528430006,0,0,0,0,0,0,0.0,1,/home/mr1jk1/Documents/eli/yay/src/gopath/pkg/mod/github.com/!morganamilo/go-srcinfo@v1.0.0/testdata/srcinfos/good/python2-pyro3
0.6440699360805116,0,0,0,0,0,0,0.0,1,/home/mr1jk1/Documents/eli/yay/src/gopath/pkg/mod/github.com/!morganamilo/go-srcinfo@v1.0.0/testdata/srcinfos/good/python2-pytune
0.6352207357873945,0,0,0,0,0,0,0.0,1,/home/mr1jk1/Documents/eli/yay/src/gopath/pkg/mod/github.com/!morganamilo/go-srcinfo@v1.0.0/testdata/srcinfos/good/python2-schematics
0.6331596203696562,0,0,0,0,0,0,0.0,1,/home/mr1jk1/Documents/eli/yay/src/gopath/pkg/mod/github.com/!morganamilo/go-srcinfo@v1.0.0/testdata/srcinfos/good/python2-spidev
0.6584338426059819,0,0,0,0,0,0,0.0,1,/home/mr1jk1/Documents/eli/yay/src/gopath/pkg/mod/github.com/!morganamilo/go-srcinfo@v1.0.0/testdata/srcinfos/good/python2-surt
0.6511231815675745,0,0,0,0,0,0,0.0,1,/home/mr1jk1/Documents/eli/yay/src/gopath/pkg/mod/github.com/!morganamilo/go-srcinfo@v1.0.0/testdata/srcinfos/good/qrq
0.6357682877222816,0,0,0,0,0,0,0.0,1,/home/mr1jk1/Documents/eli/yay/src/gopath/pkg/mod/github.com/!morganamilo/go-srcinfo@v1.0.0/testdata/srcinfos/good/qsolocards
0.6329202236039219,0,0,0,0,0,0,0.0,1,/home/mr1jk1/Documents/eli/yay/src/gopath/pkg/mod/github.com/!morganamilo/go-srcinfo@v1.0.0/testdata/srcinfos/good/qtel-git
0.6492987657916484,0,0,0,0,0,0,0.0,1,/home/mr1jk1/Documents/eli/yay/src/gopath/pkg/mod/github.com/!morganamilo/go-srcinfo@v1.0.0/testdata/srcinfos/good/quickfm-git
0.6363213665991145,0,0,0,0,0,0,0.0,1,/home/mr1jk1/Documents/eli/yay/src/gopath/pkg/mod/github.com/!morganamilo/go-srcinfo@v1.0.0/testdata/srcinfos/good/qweechat
0.6518875651885347,0,0,0,0,0,0,0.0,1,/home/mr1jk1/Documents/eli/yay/src/gopath/pkg/mod/github.com/!morganamilo/go-srcinfo@v1.0.0/testdata/srcinfos/good/r5u87x
0.6533548972306593,0,0,0,0,0,0,0.0,1,/home/mr1jk1/Documents/eli/yay/src/gopath/pkg/mod/github.com/!morganamilo/go-srcinfo@v1.0.0/testdata/srcinfos/good/r8169aspm-dkms
0.6404836478402548,0,0,0,0,0,0,0.0,1,/home/mr1jk1/Documents/eli/yay/src/gopath/pkg/mod/github.com/!morganamilo/go-srcinfo@v1.0.0/testdata/srcinfos/good/radarr
0.6304161659197172,0,0,0,0,0,0,0.0,1,/home/mr1jk1/Documents/eli/yay/src/gopath/pkg/mod/github.com/!morganamilo/go-srcinfo@v1.0.0/testdata/srcinfos/good/ragnar-git
0.6504424242148381,0,0,0,0,0,0,0.0,1,/home/mr1jk1/Documents/eli/yay/src/gopath/pkg/mod/github.com/!morganamilo/go-srcinfo@v1.0.0/testdata/srcinfos/good/reaper
0.63683515512833,0,0,0,0,0,0,0.0,1,/home/mr1jk1/Documents/eli/yay/src/gopath/pkg/mod/github.com/!morganamilo/go-srcinfo@v1.0.0/testdata/srcinfos/good/remarkable
0.5989856221651818,0,0,0,0,0,0,0.0,1,/home/mr1jk1/Documents/eli/yay/src/gopath/pkg/mod/github.com/!morganamilo/go-srcinfo@v1.0.0/testdata/srcinfos/good/retro-bzr
0.6339958604661435,0,0,0,0,0,0,0.0,1,/home/mr1jk1/Documents/eli/yay/src/gopath/pkg/mod/github.com/!morganamilo/go-srcinfo@v1.0.0/testdata/srcinfos/good/roboptim-core-git
0.6310875621287615,0,0,0,0,0,0,0.0,1,/home/mr1jk1/Documents/eli/yay/src/gopath/pkg/mod/github.com/!morganamilo/go-srcinfo@v1.0.0/testdata/srcinfos/good/ros-ardent-examples-rclcpp-minimal-subscriber
0.6289081673660466,0,0,0,0,0,0,0.0,1,/home/mr1jk1/Documents/eli/yay/src/gopath/pkg/mod/github.com/!morganamilo/go-srcinfo@v1.0.0/testdata/srcinfos/good/ros-indigo-joy
0.6270160196809195,0,0,0,0,0,0,0.0,1,/home/mr1jk1/Documents/eli/yay/src/gopath/pkg/mod/github.com/!morganamilo/go-srcinfo@v1.0.0/testdata/srcinfos/good/ros-indigo-openni2-launch
0.6420407273014314,0,0,0,0,0,0,0.0,1,/home/mr1jk1/Documents/eli/yay/src/gopath/pkg/mod/github.com/!morganamilo/go-srcinfo@v1.0.0/testdata/srcinfos/good/ros-indigo-orocos-kdl
0.6161677971687597,0,0,0,0,0,0,0.0,1,/home/mr1jk1/Documents/eli/yay/src/gopath/pkg/mod/github.com/!morganamilo/go-srcinfo@v1.0.0/testdata/srcinfos/good/ros-indigo-roslaunch
0.6431854325526408,0,0,0,0,0,0,0.0,1,/home/mr1jk1/Documents/eli/yay/src/gopath/pkg/mod/github.com/!morganamilo/go-srcinfo@v1.0.0/testdata/srcinfos/good/ros-indigo-rqt-action
0.6417095708246406,0,0,0,0,0,0,0.0,1,/home/mr1jk1/Documents/eli/yay/src/gopath/pkg/mod/github.com/!morganamilo/go-srcinfo@v1.0.0/testdata/srcinfos/good/ros-jade-cpp-common
0.6441604161471489,0,0,0,0,0,0,0.0,1,/home/mr1jk1/Documents/eli/yay/src/gopath/pkg/mod/github.com/!morganamilo/go-srcinfo@v1.0.0/testdata/srcinfos/good/ros-jade-orocos-kdl
0.5912484756584316,0,0,0,0,0,0,0.0,1,/home/mr1jk1/Documents/eli/yay/src/gopath/pkg/mod/github.com/!morganamilo/go-srcinfo@v1.0.0/testdata/srcinfos/good/ros-jade-usb-cam
0.6174886912017961,0,0,0,0,0,0,0.0,1,/home/mr1jk1/Documents/eli/yay/src/gopath/pkg/mod/github.com/!morganamilo/go-srcinfo@v1.0.0/testdata/srcinfos/good/ros-jade-voxel-grid
0.6172355286042537,0,0,0,0,0,0,0.0,1,/home/mr1jk1/Documents/eli/yay/src/gopath/pkg/mod/github.com/!morganamilo/go-srcinfo@v1.0.0/testdata/srcinfos/good/ros-kinetic-eigen-conversions
0.6185165928805685,0,0,0,0,0,0,0.0,1,/home/mr1jk1/Documents/eli/yay/src/gopath/pkg/mod/github.com/!morganamilo/go-srcinfo@v1.0.0/testdata/srcinfos/good/ros-kinetic-moveit-fake-controller-manager
0.6198940346264684,0,0,0,0,0,0,0.0,1,/home/mr1jk1/Documents/eli/yay/src/gopath/pkg/mod/github.com/!morganamilo/go-srcinfo@v1.0.0/testdata/srcinfos/good/ros-kinetic-smach-msgs
0.6327294513166335,0,0,0,0,0,0,0.0,1,/home/mr1jk1/Documents/eli/yay/src/gopath/pkg/mod/github.com/!morganamilo/go-srcinfo@v1.0.0/testdata/srcinfos/good/ros-kinetic-std-srvs
0.6075568785077171,0,0,0,0,0,0,0.0,1,/home/mr1jk1/Documents/eli/yay/src/gopath/pkg/mod/github.com/!morganamilo/go-srcinfo@v1.0.0/testdata/srcinfos/good/ros-kinetic-tf2-ros
0.6226680593747242,0,0,0,0,0,0,0.0,1,/home/mr1jk1/Documents/eli/yay/src/gopath/pkg/mod/github.com/!morganamilo/go-srcinfo@v1.0.0/testdata/srcinfos/good/ros-kinetic-transmission-interface
0.6312234525644838,0,0,0,0,0,0,0.0,1,/home/mr1jk1/Documents/eli/yay/src/gopath/pkg/mod/github.com/!morganamilo/go-srcinfo@v1.0.0/testdata/srcinfos/good/ros-kinetic-wfov-camera-msgs
0.6183512893263029,0,0,0,0,0,0,0.0,1,/home/mr1jk1/Documents/eli/yay/src/gopath/pkg/mod/github.com/!morganamilo/go-srcinfo@v1.0.0/testdata/srcinfos/good/ros-lunar-camera-info-manager
0.6235747352798994,0,0,0,0,0,0,0.0,1,/home/mr1jk1/Documents/eli/yay/src/gopath/pkg/mod/github.com/!morganamilo/go-srcinfo@v1.0.0/testdata/srcinfos/good/ros-lunar-compressed-image-transport
0.6353449448467989,0,0,0,0,0,0,0.0,1,/home/mr1jk1/Documents/eli/yay/src/gopath/pkg/mod/github.com/!morganamilo/go-srcinfo@v1.0.0/testdata/srcinfos/good/ros-lunar-rqt-msg
0.6059657456632208,0,0,0,0,0,0,0.0,1,/home/mr1jk1/Documents/eli/yay/src/gopath/pkg/mod/github.com/!morganamilo/go-srcinfo@v1.0.0/testdata/srcinfos/good/ros-lunar-turtle-actionlib
0.5933756982423751,0,0,0,0,0,0,0.0,1,/home/mr1jk1/Documents/eli/yay/src/gopath/pkg/mod/github.com/!morganamilo/go-srcinfo@v1.0.0/testdata/srcinfos/good/ros-melodic-nodelet
0.6329350619611437,0,0,0,0,0,0,0.0,1,/home/mr1jk1/Documents/eli/yay/src/gopath/pkg/mod/github.com/!morganamilo/go-srcinfo@v1.0.0/testdata/srcinfos/good/ros-melodic-octomap
0.6121460133959883,0,0,0,0,0,0,0.0,1,/home/mr1jk1/Documents/eli/yay/src/gopath/pkg/mod/github.com/!morganamilo/go-srcinfo@v1.0.0/testdata/srcinfos/good/ros-melodic-swri-console
0.6264197693530846,0,0,0,0,0,0,0.0,1,/home/mr1jk1/Documents/eli/yay/src/gopath/pkg/mod/github.com/!morganamilo/go-srcinfo@v1.0.0/testdata/srcinfos/good/rstudio-desktop-git
0.6359873547935685,0,0,0,0,0,0,0.0,1,/home/mr1jk1/Documents/eli/yay/src/gopath/pkg/mod/github.com/!morganamilo/go-srcinfo@v1.0.0/testdata/srcinfos/good/rtl-sdr-git
0.6378943311959128,0,0,0,0,0,0,0.0,1,/home/mr1jk1/Documents/eli/yay/src/gopath/pkg/mod/github.com/!morganamilo/go-srcinfo@v1.0.0/testdata/srcinfos/good/ruby-breakpoint
0.6345326357761291,0,0,0,0,0,0,0.0,1,/home/mr1jk1/Documents/eli/yay/src/gopath/pkg/mod/github.com/!morganamilo/go-srcinfo@v1.0.0/testdata/srcinfos/good/ruby-faraday-cookie_jar
0.6336265545502517,0,0,0,0,0,0,0.0,1,/home/mr1jk1/Documents/eli/yay/src/gopath/pkg/mod/github.com/!morganamilo/go-srcinfo@v1.0.0/testdata/srcinfos/good/ruby-fog-core
0.6440195682500203,0,0,0,0,0,0,0.0,1,/home/mr1jk1/Documents/eli/yay/src/gopath/pkg/mod/github.com/!morganamilo/go-srcinfo@v1.0.0/testdata/srcinfos/good/ruby-gnomecanvas
0.654586092657635,0,0,0,0,0,0,0.0,1,/home/mr1jk1/Documents/eli/yay/src/gopath/pkg/mod/github.com/!morganamilo/go-srcinfo@v1.0.0/testdata/srcinfos/good/ruby-to_slug
0.6654492295779262,0,0,0,0,0,0,0.0,1,/home/mr1jk1/Documents/eli/yay/src/gopath/pkg/mod/github.com/!morganamilo/go-srcinfo@v1.0.0/testdata/srcinfos/good/runzip
0.6212646175597979,0,0,0,0,0,0,0.0,1,/home/mr1jk1/Documents/eli/yay/src/gopath/pkg/mod/github.com/!morganamilo/go-srcinfo@v1.0.0/testdata/srcinfos/good/safe-iop
0.6477991540820514,0,0,0,0,0,0,0.0,1,/home/mr1jk1/Documents/eli/yay/src/gopath/pkg/mod/github.com/!morganamilo/go-srcinfo@v1.0.0/testdata/srcinfos/good/sahel-fonts
0.6387335604943584,0,0,0,0,0,0,0.0,1,/home/mr1jk1/Documents/eli/yay/src/gopath/pkg/mod/github.com/!morganamilo/go-srcinfo@v1.0.0/testdata/srcinfos/good/salome-smesh
0.6471362833214168,0,0,0,0,0,0,0.0,1,/home/mr1jk1/Documents/eli/yay/src/gopath/pkg/mod/github.com/!morganamilo/go-srcinfo@v1.0.0/testdata/srcinfos/good/scangearmp-common
0.6398780706209952,0,0,0,0,0,0,0.0,1,/home/mr1jk1/Documents/eli/yay/src/gopath/pkg/mod/github.com/!morganamilo/go-srcinfo@v1.0.0/testdata/srcinfos/good/scrcpy
0.6407471825954157,0,0,0,0,0,0,0.0,1,/home/mr1jk1/Documents/eli/yay/src/gopath/pkg/mod/github.com/!morganamilo/go-srcinfo@v1.0.0/testdata/srcinfos/good/sddm-theme-archpaint2
0.6378813515536813,0,0,0,0,0,0,0.0,1,/home/mr1jk1/Documents/eli/yay/src/gopath/pkg/mod/github.com/!morganamilo/go-srcinfo@v1.0.0/testdata/srcinfos/good/seamonkey-i18n-pl
0.6185669730888386,0,0,0,0,0,0,0.0,1,/home/mr1jk1/Documents/eli/yay/src/gopath/pkg/mod/github.com/!morganamilo/go-srcinfo@v1.0.0/testdata/srcinfos/good/setpgrp
0.6226118368270512,0,0,0,0,0,0,0.0,1,/home/mr1jk1/Documents/eli/yay/src/gopath/pkg/mod/github.com/!morganamilo/go-srcinfo@v1.0.0/testdata/srcinfos/good/shotcut
0.6436481529067261,0,0,0,0,0,0,0.0,1,/home/mr1jk1/Documents/eli/yay/src/gopath/pkg/mod/github.com/!morganamilo/go-srcinfo@v1.0.0/testdata/srcinfos/good/signal
0.6207053789087315,0,0,0,0,0,0,0.0,1,/home/mr1jk1/Documents/eli/yay/src/gopath/pkg/mod/github.com/!morganamilo/go-srcinfo@v1.0.0/testdata/srcinfos/good/simgear
0.6470855215617849,0,0,0,0,0,0,0.0,1,/home/mr1jk1/Documents/eli/yay/src/gopath/pkg/mod/github.com/!morganamilo/go-srcinfo@v1.0.0/testdata/srcinfos/good/simple-http-server
0.6454570437220609,0,0,0,0,0,0,0.0,1,/home/mr1jk1/Documents/eli/yay/src/gopath/pkg/mod/github.com/!morganamilo/go-srcinfo@v1.0.0/testdata/srcinfos/good/sky
0.637217149480994,0,0,0,0,0,0,0.0,1,/home/mr1jk1/Documents/eli/yay/src/gopath/pkg/mod/github.com/!morganamilo/go-srcinfo@v1.0.0/testdata/srcinfos/good/slideextract
0.6541308269944239,0,0,0,0,0,0,0.0,1,/home/mr1jk1/Documents/eli/yay/src/gopath/pkg/mod/github.com/!morganamilo/go-srcinfo@v1.0.0/testdata/srcinfos/good/smarty3
0.6127593498607605,0,0,0,0,0,0,0.0,1,/home/mr1jk1/Documents/eli/yay/src/gopath/pkg/mod/github.com/!morganamilo/go-srcinfo@v1.0.0/testdata/srcinfos/good/snapd
0.6472845792383336,0,0,0,0,0,0,0.0,1,/home/mr1jk1/Documents/eli/yay/src/gopath/pkg/mod/github.com/!morganamilo/go-srcinfo@v1.0.0/testdata/srcinfos/good/softethervpn
0.6104510682710779,0,0,0,0,0,0,0.0,1,/home/mr1jk1/Documents/eli/yay/src/gopath/pkg/mod/github.com/!morganamilo/go-srcinfo@v1.0.0/testdata/srcinfos/good/sotw-dev
0.6472887405769596,0,0,0,0,0,0,0.0,1,/home/mr1jk1/Documents/eli/yay/src/gopath/pkg/mod/github.com/!morganamilo/go-srcinfo@v1.0.0/testdata/srcinfos/good/spotify
0.6203445604086019,0,0,0,0,0,0,0.0,1,/home/mr1jk1/Documents/eli/yay/src/gopath/pkg/mod/github.com/!morganamilo/go-srcinfo@v1.0.0/testdata/srcinfos/good/spotrec
0.6347484781078981,0,0,0,0,0,0,0.0,1,/home/mr1jk1/Documents/eli/yay/src/gopath/pkg/mod/github.com/!morganamilo/go-srcinfo@v1.0.0/testdata/srcinfos/good/squidview
0.6279541036476141,0,0,0,0,0,0,0.0,1,/home/mr1jk1/Documents/eli/yay/src/gopath/pkg/mod/github.com/!morganamilo/go-srcinfo@v1.0.0/testdata/srcinfos/good/ssh-askpass-fullscreen
0.6444348915895438,0,0,0,0,0,0,0.0,1,/home/mr1jk1/Documents/eli/yay/src/gopath/pkg/mod/github.com/!morganamilo/go-srcinfo@v1.0.0/testdata/srcinfos/good/st
0.6336074410295992,0,0,0,0,0,0,0.0,1,/home/mr1jk1/Documents/eli/yay/src/gopath/pkg/mod/github.com/!morganamilo/go-srcinfo@v1.0.0/testdata/srcinfos/good/st-solarized-powerline
0.6167879037968422,0,0,0,0,0,0,0.0,1,/home/mr1jk1/Documents/eli/yay/src/gopath/pkg/mod/github.com/!morganamilo/go-srcinfo@v1.0.0/testdata/srcinfos/good/stellarium-lts
0.6452768937071104,0,0,0,0,0,0,0.0,1,/home/mr1jk1/Documents/eli/yay/src/gopath/pkg/mod/github.com/!morganamilo/go-srcinfo@v1.0.0/testdata/srcinfos/good/stern-bin
0.5966632586907309,0,0,0,0,0,0,0.0,1,/home/mr1jk1/Documents/eli/yay/src/gopath/pkg/mod/github.com/!morganamilo/go-srcinfo@v1.0.0/testdata/srcinfos/good/stest-git
0.650939293462957,0,0,0,0,0,0,0.0,1,/home/mr1jk1/Documents/eli/yay/src/gopath/pkg/mod/github.com/!morganamilo/go-srcinfo@v1.0.0/testdata/srcinfos/good/stm32cubemx
0.6447498952008829,0,0,0,0,0,0,0.0,1,/home/mr1jk1/Documents/eli/yay/src/gopath/pkg/mod/github.com/!morganamilo/go-srcinfo@v1.0.0/testdata/srcinfos/good/stm32flash
0.6502517656002041,0,0,0,0,0,0,0.0,1,/home/mr1jk1/Documents/eli/yay/src/gopath/pkg/mod/github.com/!morganamilo/go-srcinfo@v1.0.0/testdata/srcinfos/good/stockfish
0.6042949036801905,0,0,0,0,0,0,0.0,1,/home/mr1jk1/Documents/eli/yay/src/gopath/pkg/mod/github.com/!morganamilo/go-srcinfo@v1.0.0/testdata/srcinfos/good/stopmotion
0.6386376773646165,0,0,0,0,0,0,0.0,1,/home/mr1jk1/Documents/eli/yay/src/gopath/pkg/mod/github.com/!morganamilo/go-srcinfo@v1.0.0/testdata/srcinfos/good/sx-open
0.6382723983363111,0,0,0,0,0,0,0.0,1,/home/mr1jk1/Documents/eli/yay/src/gopath/pkg/mod/github.com/!morganamilo/go-srcinfo@v1.0.0/testdata/srcinfos/good/syncplay
0.6091630727465441,0,0,0,0,0,0,0.0,1,/home/mr1jk1/Documents/eli/yay/src/gopath/pkg/mod/github.com/!morganamilo/go-srcinfo@v1.0.0/testdata/srcinfos/good/system-tar-and-restore
0.6543130998056632,0,0,0,0,0,0,0.0,1,/home/mr1jk1/Documents/eli/yay/src/gopath/pkg/mod/github.com/!morganamilo/go-srcinfo@v1.0.0/testdata/srcinfos/good/teamviewer
0.6208854667531409,0,0,0,0,0,0,0.0,1,/home/mr1jk1/Documents/eli/yay/src/gopath/pkg/mod/github.com/!morganamilo/go-srcinfo@v1.0.0/testdata/srcinfos/good/tear-pages
0.6343065605911311,0,0,0,0,0,0,0.0,1,/home/mr1jk1/Documents/eli/yay/src/gopath/pkg/mod/github.com/!morganamilo/go-srcinfo@v1.0.0/testdata/srcinfos/good/tensorflow-computecpp
0.6470092007848437,0,0,0,0,0,0,0.0,1,/home/mr1jk1/Documents/eli/yay/src/gopath/pkg/mod/github.com/!morganamilo/go-srcinfo@v1.0.0/testdata/srcinfos/good/termboy
0.605850800122402,0,0,0,0,0,0,0.0,1,/home/mr1jk1/Documents/eli/yay/src/gopath/pkg/mod/github.com/!morganamilo/go-srcinfo@v1.0.0/testdata/srcinfos/good/termi-git
0.6365782968635315,0,0,0,0,0,0,0.0,1,/home/mr1jk1/Documents/eli/yay/src/gopath/pkg/mod/github.com/!morganamilo/go-srcinfo@v1.0.0/testdata/srcinfos/good/terminus-terminal
0.6243162558641369,0,0,0,0,0,0,0.0,1,/home/mr1jk1/Documents/eli/yay/src/gopath/pkg/mod/github.com/!morganamilo/go-srcinfo@v1.0.0/testdata/srcinfos/good/texmaster
0.6215957923583448,0,0,0,0,0,0,0.0,1,/home/mr1jk1/Documents/eli/yay/src/gopath/pkg/mod/github.com/!morganamilo/go-srcinfo@v1.0.0/testdata/srcinfos/good/thinkpad-scripts
0.6559760102110207,0,0,0,0,0,0,0.0,1,/home/mr1jk1/Documents/eli/yay/src/gopath/pkg/mod/github.com/!morganamilo/go-srcinfo@v1.0.0/testdata/srcinfos/good/tidb-bin
0.605064386337942,0,0,0,0,0,0,0.0,1,/home/mr1jk1/Documents/eli/yay/src/gopath/pkg/mod/github.com/!morganamilo/go-srcinfo@v1.0.0/testdata/srcinfos/good/tig-git
0.622648297820231,0,0,0,0,0,0,0.0,1,/home/mr1jk1/Documents/eli/yay/src/gopath/pkg/mod/github.com/!morganamilo/go-srcinfo@v1.0.0/testdata/srcinfos/good/tigervnc-git
0.6236477971812359,0,0,0,0,0,0,0.0,1,/home/mr1jk1/Documents/eli/yay/src/gopath/pkg/mod/github.com/!morganamilo/go-srcinfo@v1.0.0/testdata/srcinfos/good/tini
0.6257684131890581,0,0,0,0,0,0,0.0,1,/home/mr1jk1/Documents/eli/yay/src/gopath/pkg/mod/github.com/!morganamilo/go-srcinfo@v1.0.0/testdata/srcinfos/good/trash-cli-git
0.6027837831959205,0,0,0,0,0,0,0.0,1,/home/mr1jk1/Documents/eli/yay/src/gopath/pkg/mod/github.com/!morganamilo/go-srcinfo@v1.0.0/testdata/srcinfos/good/tribler
0.631081182270711,0,0,0,0,0,0,0.0,1,/home/mr1jk1/Documents/eli/yay/src/gopath/pkg/mod/github.com/!morganamilo/go-srcinfo@v1.0.0/testdata/srcinfos/good/trisquel-icon-theme
0.6498303108900285,0,0,0,0,0,0,0.0,1,/home/mr1jk1/Documents/eli/yay/src/gopath/pkg/mod/github.com/!morganamilo/go-srcinfo@v1.0.0/testdata/srcinfos/good/trisquel-wallpapers
0.6180397805009299,0,0,0,0,0,0,0.0,1,/home/mr1jk1/Documents/eli/yay/src/gopath/pkg/mod/github.com/!morganamilo/go-srcinfo@v1.0.0/testdata/srcinfos/good/tritium
0.6348101932291463,0,0,0,0,0,0,0.0,1,/home/mr1jk1/Documents/eli/yay/src/gopath/pkg/mod/github.com/!morganamilo/go-srcinfo@v1.0.0/testdata/srcinfos/good/trizen
0.6304799151166022,0,0,0,0,0,0,0.0,1,/home/mr1jk1/Documents/eli/yay/src/gopath/pkg/mod/github.com/!morganamilo/go-srcinfo@v1.0.0/testdata/srcinfos/good/ttf-aenigma
0.6466881325708344,0,0,0,0,0,0,0.0,1,/home/mr1jk1/Documents/eli/yay/src/gopath/pkg/mod/github.com/!morganamilo/go-srcinfo@v1.0.0/testdata/srcinfos/good/ttf-fira-sans-ibx
0.6369568448404761,0,0,0,0,0,0,0.0,1,/home/mr1jk1/Documents/eli/yay/src/gopath/pkg/mod/github.com/!morganamilo/go-srcinfo@v1.0.0/testdata/srcinfos/good/ttf-iosevka-term-ss08
0.6398966756663116,0,0,0,0,0,0,0.0,1,/home/mr1jk1/Documents/eli/yay/src/gopath/pkg/mod/github.com/!morganamilo/go-srcinfo@v1.0.0/testdata/srcinfos/good/ttf-liberastika
0.6171686200916126,0,0,0,0,0,0,0.0,1,/home/mr1jk1/Documents/eli/yay/src/gopath/pkg/mod/github.com/!morganamilo/go-srcinfo@v1.0.0/testdata/srcinfos/good/ttf-noto
0.6466946087020591,0,0,0,0,0,0,0.0,1,/home/mr1jk1/Documents/eli/yay/src/gopath/pkg/mod/github.com/!morganamilo/go-srcinfo@v1.0.0/testdata/srcinfos/good/ttf-oxygen-gf
0.6504417401575576,0,0,0,0,0,0,0.0,1,/home/mr1jk1/Documents/eli/yay/src/gopath/pkg/mod/github.com/!morganamilo/go-srcinfo@v1.0.0/testdata/srcinfos/good/ttf-signika
0.5875181123245911,0,0,0,0,0,0,0.0,1,/home/mr1jk1/Documents/eli/yay/src/gopath/pkg/mod/github.com/!morganamilo/go-srcinfo@v1.0.0/testdata/srcinfos/good/ttyecho-git
0.6367323578417907,0,0,0,0,0,0,0.0,1,/home/mr1jk1/Documents/eli/yay/src/gopath/pkg/mod/github.com/!morganamilo/go-srcinfo@v1.0.0/testdata/srcinfos/good/ttyvideo
0.6275870424522647,0,0,0,0,0,0,0.0,1,/home/mr1jk1/Documents/eli/yay/src/gopath/pkg/mod/github.com/!morganamilo/go-srcinfo@v1.0.0/testdata/srcinfos/good/tvheadend
0.6274319415279432,0,0,0,0,0,0,0.0,1,/home/mr1jk1/Documents/eli/yay/src/gopath/pkg/mod/github.com/!morganamilo/go-srcinfo@v1.0.0/testdata/srcinfos/good/typora
0.5906433832817232,0,0,0,0,0,0,0.0,1,/home/mr1jk1/Documents/eli/yay/src/gopath/pkg/mod/github.com/!morganamilo/go-srcinfo@v1.0.0/testdata/srcinfos/good/udiskie-dmenu-git
0.6457461863607269,0,0,0,0,0,0,0.0,1,/home/mr1jk1/Documents/eli/yay/src/gopath/pkg/mod/github.com/!morganamilo/go-srcinfo@v1.0.0/testdata/srcinfos/good/uftp
0.6169552688858007,0,0,0,0,0,0,0.0,1,/home/mr1jk1/Documents/eli/yay/src/gopath/pkg/mod/github.com/!morganamilo/go-srcinfo@v1.0.0/testdata/srcinfos/good/uget-integrator
0.6401004106818591,0,0,0,0,0,0,0.0,1,/home/mr1jk1/Documents/eli/yay/src/gopath/pkg/mod/github.com/!morganamilo/go-srcinfo@v1.0.0/testdata/srcinfos/good/umview-mod-umlwip
0.634870908717648,0,0,0,0,0,0,0.0,1,/home/mr1jk1/Documents/eli/yay/src/gopath/pkg/mod/github.com/!morganamilo/go-srcinfo@v1.0.0/testdata/srcinfos/good/unetbootin
0.640680850260179,0,0,0,0,0,0,0.0,1,/home/mr1jk1/Documents/eli/yay/src/gopath/pkg/mod/github.com/!morganamilo/go-srcinfo@v1.0.0/testdata/srcinfos/good/upp
0.6518690957796331,0,0,0,0,0,0,0.0,1,/home/mr1jk1/Documents/eli/yay/src/gopath/pkg/mod/github.com/!morganamilo/go-srcinfo@v1.0.0/testdata/srcinfos/good/urlview
0.6304255459160416,0,0,0,0,0,0,0.0,1,/home/mr1jk1/Documents/eli/yay/src/gopath/pkg/mod/github.com/!morganamilo/go-srcinfo@v1.0.0/testdata/srcinfos/good/uterm-git
0.6105370330825223,0,0,0,0,0,0,0.0,1,/home/mr1jk1/Documents/eli/yay/src/gopath/pkg/mod/github.com/!morganamilo/go-srcinfo@v1.0.0/testdata/srcinfos/good/utmp-git
0.6381232595131845,0,0,0,0,0,0,0.0,1,/home/mr1jk1/Documents/eli/yay/src/gopath/pkg/mod/github.com/!morganamilo/go-srcinfo@v1.0.0/testdata/srcinfos/good/v4l2loopback-dkms-git
0.6349706584131255,0,0,0,0,0,0,0.0,1,/home/mr1jk1/Documents/eli/yay/src/gopath/pkg/mod/github.com/!morganamilo/go-srcinfo@v1.0.0/testdata/srcinfos/good/vapoursynth-plugin-degrainmedian-git
0.6426259157076973,0,0,0,0,0,0,0.0,1,/home/mr1jk1/Documents/eli/yay/src/gopath/pkg/mod/github.com/!morganamilo/go-srcinfo@v1.0.0/testdata/srcinfos/good/vapoursynth-plugin-finedehalo-git
0.6457959864995947,0,0,0,0,0,0,0.0,1,/home/mr1jk1/Documents/eli/yay/src/gopath/pkg/mod/github.com/!morganamilo/go-srcinfo@v1.0.0/testdata/srcinfos/good/vdhcoapp
0.6375852273136854,0,0,0,0,0,0,0.0,1,/home/mr1jk1/Documents/eli/yay/src/gopath/pkg/mod/github.com/!morganamilo/go-srcinfo@v1.0.0/testdata/srcinfos/good/vdr-cinebars
0.6230887258690099,0,0,0,0,0,0,0.0,1,/home/mr1jk1/Documents/eli/yay/src/gopath/pkg/mod/github.com/!morganamilo/go-srcinfo@v1.0.0/testdata/srcinfos/good/vdradmin-am
0.6223260594472059,0,0,0,0,0,0,0.0,1,/home/mr1jk1/Documents/eli/yay/src/gopath/pkg/mod/github.com/!morganamilo/go-srcinfo@v1.0.0/testdata/srcinfos/good/vdrctl
0.6375142264719835,0,0,0,0,0,0,0.0,1,/home/mr1jk1/Documents/eli/yay/src/gopath/pkg/mod/github.com/!morganamilo/go-srcinfo@v1.0.0/testdata/srcinfos/good/veles
0.6514559509816386,0,0,0,0,0,0,0.0,1,/home/mr1jk1/Documents/eli/yay/src/gopath/pkg/mod/github.com/!morganamilo/go-srcinfo@v1.0.0/testdata/srcinfos/good/versionist
0.6622681928271084,0,0,0,0,0,0,0.0,1,/home/mr1jk1/Documents/eli/yay/src/gopath/pkg/mod/github.com/!morganamilo/go-srcinfo@v1.0.0/testdata/srcinfos/good/vibrancy-colors
0.6299276990497357,0,0,0,0,0,0,0.0,1,/home/mr1jk1/Documents/eli/yay/src/gopath/pkg/mod/github.com/!morganamilo/go-srcinfo@v1.0.0/testdata/srcinfos/good/vim-codepad
0.6431654926215502,0,0,0,0,0,0,0.0,1,/home/mr1jk1/Documents/eli/yay/src/gopath/pkg/mod/github.com/!morganamilo/go-srcinfo@v1.0.0/testdata/srcinfos/good/vim-oz
0.6518666938391696,0,0,0,0,0,0,0.0,1,/home/mr1jk1/Documents/eli/yay/src/gopath/pkg/mod/github.com/!morganamilo/go-srcinfo@v1.0.0/testdata/srcinfos/good/virtio-win
0.6207281334327412,0,0,0,0,0,0,0.0,1,/home/mr1jk1/Documents/eli/yay/src/gopath/pkg/mod/github.com/!morganamilo/go-srcinfo@v1.0.0/testdata/srcinfos/good/visd-git
0.6401890995712562,0,0,0,0,0,0,0.0,1,/home/mr1jk1/Documents/eli/yay/src/gopath/pkg/mod/github.com/!morganamilo/go-srcinfo@v1.0.0/testdata/srcinfos/good/visit
0.6378822571014708,0,0,0,0,0,0,0.0,1,/home/mr1jk1/Documents/eli/yay/src/gopath/pkg/mod/github.com/!morganamilo/go-srcinfo@v1.0.0/testdata/srcinfos/good/vivaldi
0.6131313170721159,0,0,0,0,0,0,0.0,1,/home/mr1jk1/Documents/eli/yay/src/gopath/pkg/mod/github.com/!morganamilo/go-srcinfo@v1.0.0/testdata/srcinfos/good/vlc-nightly
0.6473891123076932,0,0,0,0,0,0,0.0,1,/home/mr1jk1/Documents/eli/yay/src/gopath/pkg/mod/github.com/!morganamilo/go-srcinfo@v1.0.0/testdata/srcinfos/good/vmware-systemd-services
0.6438975541542642,0,0,0,0,0,0,0.0,1,/home/mr1jk1/Documents/eli/yay/src/gopath/pkg/mod/github.com/!morganamilo/go-srcinfo@v1.0.0/testdata/srcinfos/good/vncsnapshot-png
0.6496876840541496,0,0,0,0,0,0,0.0,1,/home/mr1jk1/Documents/eli/yay/src/gopath/pkg/mod/github.com/!morganamilo/go-srcinfo@v1.0.0/testdata/srcinfos/good/voxelquest-git
0.614505193672486,0,0,0,0,0,0,0.0,1,/home/mr1jk1/Documents/eli/yay/src/gopath/pkg/mod/github.com/!morganamilo/go-srcinfo@v1.0.0/testdata/srcinfos/good/wallabag
0.6346693391751485,0,0,0,0,0,0,0.0,1,/home/mr1jk1/Documents/eli/yay/src/gopath/pkg/mod/github.com/!morganamilo/go-srcinfo@v1.0.0/testdata/srcinfos/good/way-cooler-bg
0.6202910238063468,0,0,0,0,0,0,0.0,1,/home/mr1jk1/Documents/eli/yay/src/gopath/pkg/mod/github.com/!morganamilo/go-srcinfo@v1.0.0/testdata/srcinfos/good/webkitgtk
0.6222642471756762,0,0,0,0,0,0,0.0,1,/home/mr1jk1/Documents/eli/yay/src/gopath/pkg/mod/github.com/!morganamilo/go-srcinfo@v1.0.0/testdata/srcinfos/good/weeb-git
0.5962704081699296,0,0,0,0,0,0,0.0,1,/home/mr1jk1/Documents/eli/yay/src/gopath/pkg/mod/github.com/!morganamilo/go-srcinfo@v1.0.0/testdata/srcinfos/good/wifite-git
0.638980329652866,0,0,0,0,0,0,0.0,1,/home/mr1jk1/Documents/eli/yay/src/gopath/pkg/mod/github.com/!morganamilo/go-srcinfo@v1.0.0/testdata/srcinfos/good/wmidump-git
0.6297884813591154,0,0,0,0,0,0,0.0,1,/home/mr1jk1/Documents/eli/yay/src/gopath/pkg/mod/github.com/!morganamilo/go-srcinfo@v1.0.0/testdata/srcinfos/good/wuzz-git
0.6354384838887953,0,0,0,0,0,0,0.0,1,/home/mr1jk1/Documents/eli/yay/src/gopath/pkg/mod/github.com/!morganamilo/go-srcinfo@v1.0.0/testdata/srcinfos/good/wxfbe
0.6485995640743306,0,0,0,0,0,0,0.0,1,/home/mr1jk1/Documents/eli/yay/src/gopath/pkg/mod/github.com/!morganamilo/go-srcinfo@v1.0.0/testdata/srcinfos/good/x86info
0.6554242940031014,0,0,0,0,0,0,0.0,1,/home/mr1jk1/Documents/eli/yay/src/gopath/pkg/mod/github.com/!morganamilo/go-srcinfo@v1.0.0/testdata/srcinfos/good/xcursor-gt3
0.6521777908152351,0,0,0,0,0,0,0.0,1,/home/mr1jk1/Documents/eli/yay/src/gopath/pkg/mod/github.com/!morganamilo/go-srcinfo@v1.0.0/testdata/srcinfos/good/xcursor-lliurex
0.600804977595097,0,0,0,0,0,0,0.0,1,/home/mr1jk1/Documents/eli/yay/src/gopath/pkg/mod/github.com/!morganamilo/go-srcinfo@v1.0.0/testdata/srcinfos/good/xdg-utils-git
0.6534934389316078,0,0,0,0,0,0,0.0,1,/home/mr1jk1/Documents/eli/yay/src/gopath/pkg/mod/github.com/!morganamilo/go-srcinfo@v1.0.0/testdata/srcinfos/good/xfe
0.6338170743440968,0,0,0,0,0,0,0.0,1,/home/mr1jk1/Documents/eli/yay/src/gopath/pkg/mod/github.com/!morganamilo/go-srcinfo@v1.0.0/testdata/srcinfos/good/xroot-bin
0.6206733847373791,0,0,0,0,0,0,0.0,1,/home/mr1jk1/Documents/eli/yay/src/gopath/pkg/mod/github.com/!morganamilo/go-srcinfo@v1.0.0/testdata/srcinfos/good/xtables-addons
0.6350264909635553,0,0,0,0,0,0,0.0,1,/home/mr1jk1/Documents/eli/yay/src/gopath/pkg/mod/github.com/!morganamilo/go-srcinfo@v1.0.0/testdata/srcinfos/good/xtheme
0.6383432177997815,0,0,0,0,0,0,0.0,1,/home/mr1jk1/Documents/eli/yay/src/gopath/pkg/mod/github.com/!morganamilo/go-srcinfo@v1.0.0/testdata/srcinfos/good/yaourt
0.6425149651989605,0,0,0,0,0,0,0.0,1,/home/mr1jk1/Documents/eli/yay/src/gopath/pkg/mod/github.com/!morganamilo/go-srcinfo@v1.0.0/testdata/srcinfos/good/yay
0.6250321523037884,0,0,0,0,0,0,0.0,1,/home/mr1jk1/Documents/eli/yay/src/gopath/pkg/mod/github.com/!morganamilo/go-srcinfo@v1.0.0/testdata/srcinfos/good/yay-git
0.6184437922354211,0,0,0,0,0,0,0.0,1,/home/mr1jk1/Documents/eli/yay/src/gopath/pkg/mod/github.com/!morganamilo/go-srcinfo@v1.0.0/testdata/srcinfos/good/ydcv-git
0.6317824164776414,0,0,0,0,0,0,0.0,1,/home/mr1jk1/Documents/eli/yay/src/gopath/pkg/mod/github.com/!morganamilo/go-srcinfo@v1.0.0/testdata/srcinfos/good/yokadi
0.6380012992287543,0,0,0,0,0,0,0.0,1,/home/mr1jk1/Documents/eli/yay/src/gopath/pkg/mod/github.com/!morganamilo/go-srcinfo@v1.0.0/testdata/srcinfos/good/yourik-qt5
0.632031839421321,0,0,0,0,0,0,0.0,1,/home/mr1jk1/Documents/eli/yay/src/gopath/pkg/mod/github.com/!morganamilo/go-srcinfo@v1.0.0/testdata/srcinfos/good/ytree
0.634289118177626,0,0,0,0,0,0,0.0,1,/home/mr1jk1/Documents/eli/yay/src/gopath/pkg/mod/github.com/!morganamilo/go-srcinfo@v1.0.0/testdata/srcinfos/good/zoom
0.6511833095634538,0,0,0,0,0,0,0.0,1,/home/mr1jk1/Documents/eli/yay/src/gopath/pkg/mod/github.com/!morganamilo/go-srcinfo@v1.0.0/testdata/srcinfos/good/zotero
0.6283309000635867,0,0,0,0,0,0,0.0,1,/home/mr1jk1/Documents/eli/yay/src/gopath/pkg/mod/github.com/!morganamilo/go-srcinfo@v1.0.0/testdata/srcinfos/good/zramswap
0.6272206029942888,0,0,0,0,0,0,0.0,1,/home/mr1jk1/Documents/eli/yay/src/gopath/pkg/mod/github.com/!morganamilo/go-srcinfo@v1.0.0/testdata/srcinfos/good/zsurf-git
0.6037626220539665,0,0,0,0,0,0,0.0,1,/home/mr1jk1/Documents/eli/yay/src/gopath/pkg/mod/github.com/!morganamilo/go-pacmanconf@v0.0.0-20210502114700-cff030e927a5/ini/ini.go
0.5616388938041094,0,0,0,0,0,0,0.0,1,/home/mr1jk1/Documents/eli/yay/src/gopath/pkg/mod/github.com/!morganamilo/go-pacmanconf@v0.0.0-20210502114700-cff030e927a5/testdata/custom
0.6148129195286196,0,0,0,0,0,0,0.0,1,/home/mr1jk1/Documents/eli/yay/src/gopath/pkg/mod/github.com/!morganamilo/go-pacmanconf@v0.0.0-20210502114700-cff030e927a5/testdata/pacman.conf
0.5634250828737656,0,0,1,0,0,0,0.0,1,/home/mr1jk1/Documents/eli/yay/src/gopath/pkg/mod/github.com/adrg/strutil@v0.3.1/CODE_OF_CONDUCT.md
0.5844740733022059,0,0,1,0,0,0,0.0,1,/home/mr1jk1/Documents/eli/yay/src/gopath/pkg/mod/github.com/adrg/strutil@v0.3.1/CONTRIBUTING.md
0.6418451431542452,0,0,0,0,0,0,0.0,1,/home/mr1jk1/Documents/eli/yay/src/gopath/pkg/mod/github.com/adrg/strutil@v0.3.1/LICENSE
0.6443207378273286,0,0,1,0,0,0,0.0,1,/home/mr1jk1/Documents/eli/yay/src/gopath/pkg/mod/github.com/adrg/strutil@v0.3.1/README.md
0.6362068204395227,0,0,0,0,0,0,0.0,1,/home/mr1jk1/Documents/eli/yay/src/gopath/pkg/mod/github.com/adrg/strutil@v0.3.1/example_test.go
0.5589616795031065,0,0,0,0,0,0,0.0,1,/home/mr1jk1/Documents/eli/yay/src/gopath/pkg/mod/github.com/adrg/strutil@v0.3.1/go.mod
0.7283263006452679,0,0,0,0,0,0,0.0,1,/home/mr1jk1/Documents/eli/yay/src/gopath/pkg/mod/github.com/adrg/strutil@v0.3.1/go.sum
0.5852615441910146,0,0,0,0,0,0,0.0,1,/home/mr1jk1/Documents/eli/yay/src/gopath/pkg/mod/github.com/adrg/strutil@v0.3.1/strutil.go
0.4625549647676366,0,0,0,0,0,0,0.0,1,/home/mr1jk1/Documents/eli/yay/src/gopath/pkg/mod/github.com/adrg/strutil@v0.3.1/.github/FUNDING.yml
0.5201157596786641,0,0,0,0,0,0,0.0,1,/home/mr1jk1/Documents/eli/yay/src/gopath/pkg/mod/github.com/adrg/strutil@v0.3.1/.github/dependabot.yml
0.6449043482261354,0,0,0,0,0,0,0.0,1,/home/mr1jk1/Documents/eli/yay/src/gopath/pkg/mod/github.com/adrg/strutil@v0.3.1/metrics/examples_test.go
0.605563411719763,0,0,0,0,0,0,0.0,1,/home/mr1jk1/Documents/eli/yay/src/gopath/pkg/mod/github.com/adrg/strutil@v0.3.1/metrics/hamming.go
0.6103746109423273,0,0,0,0,0,0,0.0,1,/home/mr1jk1/Documents/eli/yay/src/gopath/pkg/mod/github.com/adrg/strutil@v0.3.1/metrics/jaccard.go
0.6298268626701348,0,0,0,0,0,0,0.0,1,/home/mr1jk1/Documents/eli/yay/src/gopath/pkg/mod/github.com/adrg/strutil@v0.3.1/metrics/jaro.go
0.613837149637994,0,0,0,0,0,0,0.0,1,/home/mr1jk1/Documents/eli/yay/src/gopath/pkg/mod/github.com/adrg/strutil@v0.3.1/metrics/jaro_winkler.go
0.6120230118828364,0,0,0,0,0,0,0.0,1,/home/mr1jk1/Documents/eli/yay/src/gopath/pkg/mod/github.com/adrg/strutil@v0.3.1/metrics/levenshtein.go
0.5825127398134156,0,0,0,0,0,0,0.0,1,/home/mr1jk1/Documents/eli/yay/src/gopath/pkg/mod/github.com/adrg/strutil@v0.3.1/metrics/match_mismatch.go
0.6444265535940225,0,0,0,0,0,0,0.0,1,/home/mr1jk1/Documents/eli/yay/src/gopath/pkg/mod/github.com/adrg/strutil@v0.3.1/metrics/metrics_test.go
0.6088481903813169,0,0,0,0,0,0,0.0,1,/home/mr1jk1/Documents/eli/yay/src/gopath/pkg/mod/github.com/adrg/strutil@v0.3.1/metrics/overlap_coefficient.go
0.6364902315391826,0,0,0,0,0,0,0.0,1,/home/mr1jk1/Documents/eli/yay/src/gopath/pkg/mod/github.com/adrg/strutil@v0.3.1/metrics/smith_waterman_gotoh.go
0.6044490222208105,0,0,0,0,0,0,0.0,1,/home/mr1jk1/Documents/eli/yay/src/gopath/pkg/mod/github.com/adrg/strutil@v0.3.1/metrics/sorensen_dice.go
0.5734984729294427,0,0,0,0,0,0,0.0,1,/home/mr1jk1/Documents/eli/yay/src/gopath/pkg/mod/github.com/adrg/strutil@v0.3.1/metrics/substitution.go
0.5830085659314062,0,0,0,0,0,0,0.0,1,/home/mr1jk1/Documents/eli/yay/src/gopath/pkg/mod/github.com/adrg/strutil@v0.3.1/internal/mathutil/math.go
0.6118855609228326,0,0,0,0,0,0,0.0,1,/home/mr1jk1/Documents/eli/yay/src/gopath/pkg/mod/github.com/adrg/strutil@v0.3.1/internal/mathutil/mathutil_test.go
0.6016085548190206,0,0,0,0,0,0,0.0,1,/home/mr1jk1/Documents/eli/yay/src/gopath/pkg/mod/github.com/adrg/strutil@v0.3.1/internal/ngram/ngram.go
0.6059116682721286,0,0,0,0,0,0,0.0,1,/home/mr1jk1/Documents/eli/yay/src/gopath/pkg/mod/github.com/adrg/strutil@v0.3.1/internal/ngram/ngram_test.go
0.5911983826924988,0,0,0,0,0,0,0.0,1,/home/mr1jk1/Documents/eli/yay/src/gopath/pkg/mod/github.com/adrg/strutil@v0.3.1/internal/stringutil/stringutil.go
0.6486913558319346,0,0,0,0,0,0,0.0,1,/home/mr1jk1/Documents/eli/yay/src/gopath/pkg/mod/github.com/adrg/strutil@v0.3.1/internal/stringutil/stringutil_test.go
0.5416479319575969,0,0,0,0,0,0,0.0,1,/home/mr1jk1/Documents/eli/yay/src/gopath/pkg/mod/github.com/adrg/strutil@v0.3.1/.github/workflows/ci.yml
0.5591441192452075,0,0,0,0,0,0,0.0,1,/home/mr1jk1/Documents/eli/yay/src/gopath/pkg/mod/github.com/adrg/strutil@v0.3.1/.github/workflows/codeql-analysis.yml
0.5577064368616524,0,0,0,0,0,0,0.0,1,/home/mr1jk1/Documents/eli/yay/src/gopath/pkg/mod/github.com/hashicorp/go-multierror@v1.1.1/LICENSE
0.6256899850318238,0,0,0,0,0,0,0.0,1,/home/mr1jk1/Documents/eli/yay/src/gopath/pkg/mod/github.com/hashicorp/go-multierror@v1.1.1/Makefile
0.6035388016517567,0,0,1,0,0,0,0.0,1,/home/mr1jk1/Documents/eli/yay/src/gopath/pkg/mod/github.com/hashicorp/go-multierror@v1.1.1/README.md
0.5688743928433769,0,0,0,0,0,0,0.0,1,/home/mr1jk1/Documents/eli/yay/src/gopath/pkg/mod/github.com/hashicorp/go-multierror@v1.1.1/append.go
0.6037306860782521,0,0,0,0,0,0,0.0,1,/home/mr1jk1/Documents/eli/yay/src/gopath/pkg/mod/github.com/hashicorp/go-multierror@v1.1.1/append_test.go
0.5664888456412044,0,0,0,0,0,0,0.0,1,/home/mr1jk1/Documents/eli/yay/src/gopath/pkg/mod/github.com/hashicorp/go-multierror@v1.1.1/flatten.go
0.6018050111821387,0,0,0,0,0,0,0.0,1,/home/mr1jk1/Documents/eli/yay/src/gopath/pkg/mod/github.com/hashicorp/go-multierror@v1.1.1/flatten_test.go
0.5965766964361566,0,0,0,0,0,0,0.0,1,/home/mr1jk1/Documents/eli/yay/src/gopath/pkg/mod/github.com/hashicorp/go-multierror@v1.1.1/format.go
0.6129126665299282,0,0,0,0,0,0,0.0,1,/home/mr1jk1/Documents/eli/yay/src/gopath/pkg/mod/github.com/hashicorp/go-multierror@v1.1.1/format_test.go
0.5604940849027376,0,0,0,0,0,0,0.0,1,/home/mr1jk1/Documents/eli/yay/src/gopath/pkg/mod/github.com/hashicorp/go-multierror@v1.1.1/go.mod
0.6921477041569437,0,0,0,0,0,0,0.0,1,/home/mr1jk1/Documents/eli/yay/src/gopath/pkg/mod/github.com/hashicorp/go-multierror@v1.1.1/go.sum
0.5985368566593231,0,0,0,0,0,0,0.0,1,/home/mr1jk1/Documents/eli/yay/src/gopath/pkg/mod/github.com/hashicorp/go-multierror@v1.1.1/group.go
0.5935963161480952,0,0,0,0,0,0,0.0,1,/home/mr1jk1/Documents/eli/yay/src/gopath/pkg/mod/github.com/hashicorp/go-multierror@v1.1.1/group_test.go
0.5733972572012842,0,0,0,0,0,0,0.0,1,/home/mr1jk1/Documents/eli/yay/src/gopath/pkg/mod/github.com/hashicorp/go-multierror@v1.1.1/multierror.go
0.6089250747677364,0,0,0,0,0,0,0.0,1,/home/mr1jk1/Documents/eli/yay/src/gopath/pkg/mod/github.com/hashicorp/go-multierror@v1.1.1/multierror_test.go
0.576634388988893,0,0,0,0,0,0,0.0,1,/home/mr1jk1/Documents/eli/yay/src/gopath/pkg/mod/github.com/hashicorp/go-multierror@v1.1.1/prefix.go
0.6044366423461311,0,0,0,0,0,0,0.0,1,/home/mr1jk1/Documents/eli/yay/src/gopath/pkg/mod/github.com/hashicorp/go-multierror@v1.1.1/prefix_test.go
0.563621032200788,0,0,0,0,0,0,0.0,1,/home/mr1jk1/Documents/eli/yay/src/gopath/pkg/mod/github.com/hashicorp/go-multierror@v1.1.1/sort.go
0.5924861891400679,0,0,0,0,0,0,0.0,1,/home/mr1jk1/Documents/eli/yay/src/gopath/pkg/mod/github.com/hashicorp/go-multierror@v1.1.1/sort_test.go
0.5577145457552949,0,0,0,0,0,0,0.0,1,/home/mr1jk1/Documents/eli/yay/src/gopath/pkg/mod/github.com/hashicorp/errwrap@v1.1.0/LICENSE
0.5945683909681357,0,0,1,0,0,0,0.0,1,/home/mr1jk1/Documents/eli/yay/src/gopath/pkg/mod/github.com/hashicorp/errwrap@v1.1.0/README.md
0.5908601082994832,0,0,0,0,0,0,0.0,1,/home/mr1jk1/Documents/eli/yay/src/gopath/pkg/mod/github.com/hashicorp/errwrap@v1.1.0/errwrap.go
0.604967619121098,0,0,0,0,0,0,0.0,1,/home/mr1jk1/Documents/eli/yay/src/gopath/pkg/mod/github.com/hashicorp/errwrap@v1.1.0/errwrap_test.go
0.5298872397485982,0,0,0,0,0,0,0.0,1,/home/mr1jk1/Documents/eli/yay/src/gopath/pkg/mod/github.com/hashicorp/errwrap@v1.1.0/go.mod
0.5698127966904004,0,0,0,0,0,0,0.0,1,/home/mr1jk1/Documents/eli/yay/src/gopath/pkg/mod/github.com/hashicorp/go-multierror@v1.1.1/.circleci/config.yml
0.0,0,0,0,0,0,0,0.0,1,/home/mr1jk1/Documents/eli/yay/src/gopath/pkg/mod/cache/download/golang.org/x/term/@v/v0.38.0.lock
0.6391244375709723,0,0,0,0,0,0,0.0,1,/home/mr1jk1/Documents/eli/yay/src/gopath/pkg/mod/cache/download/golang.org/x/term/@v/v0.38.0.ziphash
0.9801712632650533,0,0,0,0,0,0,0.0,1,/home/mr1jk1/Documents/eli/yay/src/gopath/pkg/mod/cache/download/golang.org/x/term/@v/v0.38.0.zip
0.5529459299462322,0,0,0,0,0,0,0.0,1,/home/mr1jk1/Documents/eli/yay/src/gopath/pkg/mod/cache/download/golang.org/x/term/@v/v0.38.0.mod
0.3125,0,0,0,0,0,0,0.0,1,/home/mr1jk1/Documents/eli/yay/src/gopath/pkg/mod/cache/download/golang.org/x/term/@v/list
0.6320298489826215,0,0,0,0,0,0,0.0,1,/home/mr1jk1/Documents/eli/yay/src/gopath/pkg/mod/cache/download/golang.org/x/term/@v/v0.38.0.info
0.0,0,0,0,0,0,0,0.0,1,/home/mr1jk1/Documents/eli/yay/src/gopath/pkg/mod/cache/download/golang.org/x/net/@v/v0.48.0.lock
0.6277822500537106,0,0,0,0,0,0,0.0,1,/home/mr1jk1/Documents/eli/yay/src/gopath/pkg/mod/cache/download/golang.org/x/net/@v/v0.48.0.ziphash
0.9983250985427324,0,0,0,0,0,0,0.0,1,/home/mr1jk1/Documents/eli/yay/src/gopath/pkg/mod/cache/download/golang.org/x/net/@v/v0.48.0.zip
0.5679812240920116,0,0,0,0,0,0,0.0,1,/home/mr1jk1/Documents/eli/yay/src/gopath/pkg/mod/cache/download/golang.org/x/net/@v/v0.48.0.mod
0.3125,0,0,0,0,0,0,0.0,1,/home/mr1jk1/Documents/eli/yay/src/gopath/pkg/mod/cache/download/golang.org/x/net/@v/list
0.6306318892349455,0,0,0,0,0,0,0.0,1,/home/mr1jk1/Documents/eli/yay/src/gopath/pkg/mod/cache/download/golang.org/x/net/@v/v0.48.0.info
0.0,0,0,0,0,0,0,0.0,1,/home/mr1jk1/Documents/eli/yay/src/gopath/pkg/mod/cache/download/golang.org/x/sys/@v/v0.39.0.lock
0.6118248032451998,0,0,0,0,0,0,0.0,1,/home/mr1jk1/Documents/eli/yay/src/gopath/pkg/mod/cache/download/golang.org/x/sys/@v/v0.39.0.ziphash
0.9984828615851037,0,0,0,0,0,0,0.0,1,/home/mr1jk1/Documents/eli/yay/src/gopath/pkg/mod/cache/download/golang.org/x/sys/@v/v0.39.0.zip
0.5214826092455245,0,0,0,0,0,0,0.0,1,/home/mr1jk1/Documents/eli/yay/src/gopath/pkg/mod/cache/download/golang.org/x/sys/@v/v0.39.0.mod
0.3125,0,0,0,0,0,0,0.0,1,/home/mr1jk1/Documents/eli/yay/src/gopath/pkg/mod/cache/download/golang.org/x/sys/@v/list
0.630118258280257,0,0,0,0,0,0,0.0,1,/home/mr1jk1/Documents/eli/yay/src/gopath/pkg/mod/cache/download/golang.org/x/sys/@v/v0.39.0.info
0.0,0,0,0,0,0,0,0.0,1,/home/mr1jk1/Documents/eli/yay/src/gopath/pkg/mod/cache/download/github.com/itchyny/timefmt-go/@v/v0.1.7.lock
0.6411321170980026,0,0,0,0,0,0,0.0,1,/home/mr1jk1/Documents/eli/yay/src/gopath/pkg/mod/cache/download/github.com/itchyny/timefmt-go/@v/v0.1.7.ziphash
0.9822166338649398,0,0,0,0,0,0,0.0,1,/home/mr1jk1/Documents/eli/yay/src/gopath/pkg/mod/cache/download/github.com/itchyny/timefmt-go/@v/v0.1.7.zip
0.54298692247862,0,0,0,0,0,0,0.0,1,/home/mr1jk1/Documents/eli/yay/src/gopath/pkg/mod/cache/download/github.com/itchyny/timefmt-go/@v/v0.1.7.mod
0.3152050795429148,0,0,0,0,0,0,0.0,1,/home/mr1jk1/Documents/eli/yay/src/gopath/pkg/mod/cache/download/github.com/itchyny/timefmt-go/@v/list
0.6352849775186757,0,0,0,0,0,0,0.0,1,/home/mr1jk1/Documents/eli/yay/src/gopath/pkg/mod/cache/download/github.com/itchyny/timefmt-go/@v/v0.1.7.info
0.0,0,0,0,0,0,0,0.0,1,/home/mr1jk1/Documents/eli/yay/src/gopath/pkg/mod/cache/download/github.com/itchyny/gojq/@v/v0.12.18.lock
0.5905482075005188,0,0,0,0,0,0,0.0,1,/home/mr1jk1/Documents/eli/yay/src/gopath/pkg/mod/cache/download/github.com/itchyny/gojq/@v/v0.12.18.ziphash
0.9868869957929853,0,0,0,0,0,0,0.0,1,/home/mr1jk1/Documents/eli/yay/src/gopath/pkg/mod/cache/download/github.com/itchyny/gojq/@v/v0.12.18.zip
0.6175456812661173,0,0,0,0,0,0,0.0,1,/home/mr1jk1/Documents/eli/yay/src/gopath/pkg/mod/cache/download/github.com/itchyny/gojq/@v/v0.12.18.mod
0.3406850696247335,0,0,0,0,0,0,0.0,1,/home/mr1jk1/Documents/eli/yay/src/gopath/pkg/mod/cache/download/github.com/itchyny/gojq/@v/list
0.6376463534806426,0,0,0,0,0,0,0.0,1,/home/mr1jk1/Documents/eli/yay/src/gopath/pkg/mod/cache/download/github.com/itchyny/gojq/@v/v0.12.18.info
0.0,0,0,0,0,0,0,0.0,1,/home/mr1jk1/Documents/eli/yay/src/gopath/pkg/mod/cache/download/github.com/mitchellh/mapstructure/@v/v1.5.0.lock
0.6304938192256618,0,0,0,0,0,0,0.0,1,/home/mr1jk1/Documents/eli/yay/src/gopath/pkg/mod/cache/download/github.com/mitchellh/mapstructure/@v/v1.5.0.ziphash
0.993228443046895,0,0,0,0,0,0,0.0,1,/home/mr1jk1/Documents/eli/yay/src/gopath/pkg/mod/cache/download/github.com/mitchellh/mapstructure/@v/v1.5.0.zip
0.5391587111893883,0,0,0,0,0,0,0.0,1,/home/mr1jk1/Documents/eli/yay/src/gopath/pkg/mod/cache/download/github.com/mitchellh/mapstructure/@v/v1.5.0.mod
0.3152050795429148,0,0,0,0,0,0,0.0,1,/home/mr1jk1/Documents/eli/yay/src/gopath/pkg/mod/cache/download/github.com/mitchellh/mapstructure/@v/list
0.5248203674556146,0,0,0,0,0,0,0.0,1,/home/mr1jk1/Documents/eli/yay/src/gopath/pkg/mod/cache/download/github.com/mitchellh/mapstructure/@v/v1.5.0.info
0.0,0,0,0,0,0,0,0.0,1,/home/mr1jk1/Documents/eli/yay/src/gopath/pkg/mod/cache/download/github.com/ohler55/ojg/@v/v1.27.0.lock
0.6264784601716011,0,0,0,0,0,0,0.0,1,/home/mr1jk1/Documents/eli/yay/src/gopath/pkg/mod/cache/download/github.com/ohler55/ojg/@v/v1.27.0.ziphash
0.9866005600183657,0,0,0,0,0,0,0.0,1,/home/mr1jk1/Documents/eli/yay/src/gopath/pkg/mod/cache/download/github.com/ohler55/ojg/@v/v1.27.0.zip
0.5288822790284101,0,0,0,0,0,0,0.0,1,/home/mr1jk1/Documents/eli/yay/src/gopath/pkg/mod/cache/download/github.com/ohler55/ojg/@v/v1.27.0.mod
0.34375,0,0,0,0,0,0,0.0,1,/home/mr1jk1/Documents/eli/yay/src/gopath/pkg/mod/cache/download/github.com/ohler55/ojg/@v/list
0.6328450848519357,0,0,0,0,0,0,0.0,1,/home/mr1jk1/Documents/eli/yay/src/gopath/pkg/mod/cache/download/github.com/ohler55/ojg/@v/v1.27.0.info
0.0,0,0,0,0,0,0,0.0,1,/home/mr1jk1/Documents/eli/yay/src/gopath/pkg/mod/cache/download/github.com/hashicorp/errwrap/@v/v1.1.0.lock
0.6231669907624616,0,0,0,0,0,0,0.0,1,/home/mr1jk1/Documents/eli/yay/src/gopath/pkg/mod/cache/download/github.com/hashicorp/errwrap/@v/v1.1.0.ziphash
0.9875719428913882,0,0,0,0,0,0,0.0,1,/home/mr1jk1/Documents/eli/yay/src/gopath/pkg/mod/cache/download/github.com/hashicorp/errwrap/@v/v1.1.0.zip
0.5298872397485982,0,0,0,0,0,0,0.0,1,/home/mr1jk1/Documents/eli/yay/src/gopath/pkg/mod/cache/download/github.com/hashicorp/errwrap/@v/v1.1.0.mod
0.27949079382862907,0,0,0,0,0,0,0.0,1,/home/mr1jk1/Documents/eli/yay/src/gopath/pkg/mod/cache/download/github.com/hashicorp/errwrap/@v/list
0.5226834850249311,0,0,0,0,0,0,0.0,1,/home/mr1jk1/Documents/eli/yay/src/gopath/pkg/mod/cache/download/github.com/hashicorp/errwrap/@v/v1.1.0.info
0.0,0,0,0,0,0,0,0.0,1,/home/mr1jk1/Documents/eli/yay/src/gopath/pkg/mod/cache/download/github.com/hashicorp/go-multierror/@v/v1.1.1.lock
0.6284861396986317,0,0,0,0,0,0,0.0,1,/home/mr1jk1/Documents/eli/yay/src/gopath/pkg/mod/cache/download/github.com/hashicorp/go-multierror/@v/v1.1.1.ziphash
0.9675963271649174,0,0,0,0,0,0,0.0,1,/home/mr1jk1/Documents/eli/yay/src/gopath/pkg/mod/cache/download/github.com/hashicorp/go-multierror/@v/v1.1.1.zip
0.5604940849027376,0,0,0,0,0,0,0.0,1,/home/mr1jk1/Documents/eli/yay/src/gopath/pkg/mod/cache/download/github.com/hashicorp/go-multierror/@v/v1.1.1.mod
0.23029637414713855,0,0,0,0,0,0,0.0,1,/home/mr1jk1/Documents/eli/yay/src/gopath/pkg/mod/cache/download/github.com/hashicorp/go-multierror/@v/list
0.5085948049664318,0,0,0,0,0,0,0.0,1,/home/mr1jk1/Documents/eli/yay/src/gopath/pkg/mod/cache/download/github.com/hashicorp/go-multierror/@v/v1.1.1.info
0.0,0,0,0,0,0,0,0.0,1,/home/mr1jk1/Documents/eli/yay/src/gopath/pkg/mod/cache/download/github.com/adrg/strutil/@v/v0.3.1.lock
0.5845251689194273,0,0,0,0,0,0,0.0,1,/home/mr1jk1/Documents/eli/yay/src/gopath/pkg/mod/cache/download/github.com/adrg/strutil/@v/v0.3.1.ziphash
0.9676244534588684,0,0,0,0,0,0,0.0,1,/home/mr1jk1/Documents/eli/yay/src/gopath/pkg/mod/cache/download/github.com/adrg/strutil/@v/v0.3.1.zip
0.5589616795031065,0,0,0,0,0,0,0.0,1,/home/mr1jk1/Documents/eli/yay/src/gopath/pkg/mod/cache/download/github.com/adrg/strutil/@v/v0.3.1.mod
0.3152050795429148,0,0,0,0,0,0,0.0,1,/home/mr1jk1/Documents/eli/yay/src/gopath/pkg/mod/cache/download/github.com/adrg/strutil/@v/list
0.6370343419351336,0,0,0,0,0,0,0.0,1,/home/mr1jk1/Documents/eli/yay/src/gopath/pkg/mod/cache/download/github.com/adrg/strutil/@v/v0.3.1.info
0.0,0,0,0,0,0,0,0.0,1,/home/mr1jk1/Documents/eli/yay/src/gopath/pkg/mod/cache/download/github.com/leonelquinteros/gotext/@v/v1.7.2.lock
0.621159311235431,0,0,0,0,0,0,0.0,1,/home/mr1jk1/Documents/eli/yay/src/gopath/pkg/mod/cache/download/github.com/leonelquinteros/gotext/@v/v1.7.2.ziphash
0.9780006172227699,0,0,0,0,0,0,0.0,1,/home/mr1jk1/Documents/eli/yay/src/gopath/pkg/mod/cache/download/github.com/leonelquinteros/gotext/@v/v1.7.2.zip
0.6003979359952318,0,0,0,0,0,0,0.0,1,/home/mr1jk1/Documents/eli/yay/src/gopath/pkg/mod/cache/download/github.com/leonelquinteros/gotext/@v/v1.7.2.mod
0.3152050795429148,0,0,0,0,0,0,0.0,1,/home/mr1jk1/Documents/eli/yay/src/gopath/pkg/mod/cache/download/github.com/leonelquinteros/gotext/@v/list
0.6405436909948278,0,0,0,0,0,0,0.0,1,/home/mr1jk1/Documents/eli/yay/src/gopath/pkg/mod/cache/download/github.com/leonelquinteros/gotext/@v/v1.7.2.info
0.0,0,0,0,0,0,0,0.0,1,/home/mr1jk1/Documents/eli/yay/src/gopath/pkg/mod/cache/download/github.com/deckarep/golang-set/v2/@v/v2.8.0.lock
0.6371167580439417,0,0,0,0,0,0,0.0,1,/home/mr1jk1/Documents/eli/yay/src/gopath/pkg/mod/cache/download/github.com/deckarep/golang-set/v2/@v/v2.8.0.ziphash
0.9985956553551614,0,0,0,0,0,0,0.0,1,/home/mr1jk1/Documents/eli/yay/src/gopath/pkg/mod/cache/download/github.com/deckarep/golang-set/v2/@v/v2.8.0.zip
0.5717075862110231,0,0,0,0,0,0,0.0,1,/home/mr1jk1/Documents/eli/yay/src/gopath/pkg/mod/cache/download/github.com/deckarep/golang-set/v2/@v/v2.8.0.mod
0.3152050795429148,0,0,0,0,0,0,0.0,1,/home/mr1jk1/Documents/eli/yay/src/gopath/pkg/mod/cache/download/github.com/deckarep/golang-set/v2/@v/list
0.6395355597791316,0,0,0,0,0,0,0.0,1,/home/mr1jk1/Documents/eli/yay/src/gopath/pkg/mod/cache/download/github.com/deckarep/golang-set/v2/@v/v2.8.0.info
0.0,0,0,0,0,0,0,0.0,1,/home/mr1jk1/Documents/eli/yay/src/gopath/pkg/mod/cache/download/github.com/!morganamilo/go-pacmanconf/@v/v0.0.0-20210502114700-cff030e927a5.lock
0.6118248032451997,0,0,0,0,0,0,0.0,1,/home/mr1jk1/Documents/eli/yay/src/gopath/pkg/mod/cache/download/github.com/!morganamilo/go-pacmanconf/@v/v0.0.0-20210502114700-cff030e927a5.ziphash
0.9874881251971156,0,0,0,0,0,0,0.0,1,/home/mr1jk1/Documents/eli/yay/src/gopath/pkg/mod/cache/download/github.com/!morganamilo/go-pacmanconf/@v/v0.0.0-20210502114700-cff030e927a5.zip
0.5296606639466583,0,0,0,0,0,0,0.0,1,/home/mr1jk1/Documents/eli/yay/src/gopath/pkg/mod/cache/download/github.com/!morganamilo/go-pacmanconf/@v/v0.0.0-20210502114700-cff030e927a5.mod
0.44125263265013104,0,0,0,0,0,0,0.0,1,/home/mr1jk1/Documents/eli/yay/src/gopath/pkg/mod/cache/download/github.com/!morganamilo/go-pacmanconf/@v/list
0.5324232246344663,0,0,0,0,0,0,0.0,1,/home/mr1jk1/Documents/eli/yay/src/gopath/pkg/mod/cache/download/github.com/!morganamilo/go-pacmanconf/@v/v0.0.0-20210502114700-cff030e927a5.info
0.0,0,0,0,0,0,0,0.0,1,/home/mr1jk1/Documents/eli/yay/src/gopath/pkg/mod/cache/download/github.com/!morganamilo/go-srcinfo/@v/v1.0.0.lock
0.606240054654482,0,0,0,0,0,0,0.0,1,/home/mr1jk1/Documents/eli/yay/src/gopath/pkg/mod/cache/download/github.com/!morganamilo/go-srcinfo/@v/v1.0.0.ziphash
0.9257981681912946,0,0,0,0,0,0,0.0,1,/home/mr1jk1/Documents/eli/yay/src/gopath/pkg/mod/cache/download/github.com/!morganamilo/go-srcinfo/@v/v1.0.0.zip
0.5362353496296467,0,0,0,0,0,0,0.0,1,/home/mr1jk1/Documents/eli/yay/src/gopath/pkg/mod/cache/download/github.com/!morganamilo/go-srcinfo/@v/v1.0.0.mod
0.27949079382862907,0,0,0,0,0,0,0.0,1,/home/mr1jk1/Documents/eli/yay/src/gopath/pkg/mod/cache/download/github.com/!morganamilo/go-srcinfo/@v/list
0.5213533125858324,0,0,0,0,0,0,0.0,1,/home/mr1jk1/Documents/eli/yay/src/gopath/pkg/mod/cache/download/github.com/!morganamilo/go-srcinfo/@v/v1.0.0.info
0.0,0,0,0,0,0,0,0.0,1,/home/mr1jk1/Documents/eli/yay/src/gopath/pkg/mod/cache/download/github.com/!jguer/aur/@v/v1.2.3.lock
0.59456356655458,0,0,0,0,0,0,0.0,1,/home/mr1jk1/Documents/eli/yay/src/gopath/pkg/mod/cache/download/github.com/!jguer/aur/@v/v1.2.3.ziphash
0.9838246081522555,0,0,0,0,0,0,0.0,1,/home/mr1jk1/Documents/eli/yay/src/gopath/pkg/mod/cache/download/github.com/!jguer/aur/@v/v1.2.3.zip
0.6010219270584163,0,0,0,0,0,0,0.0,1,/home/mr1jk1/Documents/eli/yay/src/gopath/pkg/mod/cache/download/github.com/!jguer/aur/@v/v1.2.3.mod
0.3152050795429148,0,0,0,0,0,0,0.0,1,/home/mr1jk1/Documents/eli/yay/src/gopath/pkg/mod/cache/download/github.com/!jguer/aur/@v/list
0.6302963437483726,0,0,0,0,0,0,0.0,1,/home/mr1jk1/Documents/eli/yay/src/gopath/pkg/mod/cache/download/github.com/!jguer/aur/@v/v1.2.3.info
0.0,0,0,0,0,0,0,0.0,1,/home/mr1jk1/Documents/eli/yay/src/gopath/pkg/mod/cache/download/github.com/!jguer/votar/@v/v1.0.0.lock
0.6317976091077713,0,0,0,0,0,0,0.0,1,/home/mr1jk1/Documents/eli/yay/src/gopath/pkg/mod/cache/download/github.com/!jguer/votar/@v/v1.0.0.ziphash
0.982803327450405,0,0,0,0,0,0,0.0,1,/home/mr1jk1/Documents/eli/yay/src/gopath/pkg/mod/cache/download/github.com/!jguer/votar/@v/v1.0.0.zip
0.5968009719368016,0,0,0,0,0,0,0.0,1,/home/mr1jk1/Documents/eli/yay/src/gopath/pkg/mod/cache/download/github.com/!jguer/votar/@v/v1.0.0.mod
0.27949079382862907,0,0,0,0,0,0,0.0,1,/home/mr1jk1/Documents/eli/yay/src/gopath/pkg/mod/cache/download/github.com/!jguer/votar/@v/list
0.5385948049664319,0,0,0,0,0,0,0.0,1,/home/mr1jk1/Documents/eli/yay/src/gopath/pkg/mod/cache/download/github.com/!jguer/votar/@v/v1.0.0.info
0.0,0,0,0,0,0,0,0.0,1,/home/mr1jk1/Documents/eli/yay/src/gopath/pkg/mod/cache/download/github.com/!jguer/go-alpm/v2/@v/v2.3.1.lock
0.6231669907624613,0,0,0,0,0,0,0.0,1,/home/mr1jk1/Documents/eli/yay/src/gopath/pkg/mod/cache/download/github.com/!jguer/go-alpm/v2/@v/v2.3.1.ziphash
0.9609364579868951,0,0,0,0,0,0,0.0,1,/home/mr1jk1/Documents/eli/yay/src/gopath/pkg/mod/cache/download/github.com/!jguer/go-alpm/v2/@v/v2.3.1.zip
0.624712405455799,0,0,0,0,0,0,0.0,1,/home/mr1jk1/Documents/eli/yay/src/gopath/pkg/mod/cache/download/github.com/!jguer/go-alpm/v2/@v/v2.3.1.mod
0.3152050795429148,0,0,0,0,0,0,0.0,1,/home/mr1jk1/Documents/eli/yay/src/gopath/pkg/mod/cache/download/github.com/!jguer/go-alpm/v2/@v/list
0.639849112937771,0,0,0,0,0,0,0.0,1,/home/mr1jk1/Documents/eli/yay/src/gopath/pkg/mod/cache/download/github.com/!jguer/go-alpm/v2/@v/v2.3.1.info
0.6434179483051476,0,0,0,0,0,0,0.0,1,/home/mr1jk1/Documents/eli/yay/src/yay-12.5.7/.devcontainer/Dockerfile
0.5792695147616183,0,0,0,0,0,0,0.0,1,/home/mr1jk1/Documents/eli/yay/src/yay-12.5.7/.devcontainer/devcontainer.json
0.32459895399770455,0,0,0,0,0,0,0.0,1,/home/mr1jk1/Documents/eli/yay/src/yay-12.5.7/.github/CODEOWNERS
0.46875,0,0,0,0,0,0,0.0,1,/home/mr1jk1/Documents/eli/yay/src/yay-12.5.7/.github/FUNDING.yml
0.5645450351974347,0,0,0,0,0,0,0.0,1,/home/mr1jk1/Documents/eli/yay/src/yay-12.5.7/.github/dependabot.yml
0.5674796307485708,0,0,0,0,0,0,0.0,1,/home/mr1jk1/Documents/eli/yay/src/yay-12.5.7/.github/stale.yml
0.5459823317352455,0,0,0,0,0,0,0.0,1,/home/mr1jk1/Documents/eli/yay/src/yay-12.5.7/.vscode/settings.json
0.59942694923152,0,0,0,0,0,0,0.0,1,/home/mr1jk1/Documents/eli/yay/src/yay-12.5.7/completions/bash
0.5835102662168423,0,0,0,0,0,0,0.0,1,/home/mr1jk1/Documents/eli/yay/src/yay-12.5.7/completions/fish
0.6412132945984822,0,0,0,0,0,0,0.0,1,/home/mr1jk1/Documents/eli/yay/src/yay-12.5.7/completions/zsh
0.618534573783337,0,0,0,0,0,0,0.0,1,/home/mr1jk1/Documents/eli/yay/src/yay-12.5.7/doc/yay.8
0.6411212588738536,0,0,0,0,0,0,0.0,1,/home/mr1jk1/Documents/eli/yay/src/yay-12.5.7/po/ca.po
0.6413193655573639,0,0,0,0,0,0,0.0,1,/home/mr1jk1/Documents/eli/yay/src/yay-12.5.7/po/ca_ES.po
0.6685629801372021,0,0,0,0,0,0,0.0,1,/home/mr1jk1/Documents/eli/yay/src/yay-12.5.7/po/cs.po
0.6468427109024047,0,0,0,0,0,0,0.0,1,/home/mr1jk1/Documents/eli/yay/src/yay-12.5.7/po/de.po
0.6274690653592775,0,0,0,0,0,0,0.0,1,/home/mr1jk1/Documents/eli/yay/src/yay-12.5.7/po/en.po
0.6401656687943289,0,0,0,0,0,0,0.0,1,/home/mr1jk1/Documents/eli/yay/src/yay-12.5.7/po/es.po
0.6371763832092234,0,0,0,0,0,0,0.0,1,/home/mr1jk1/Documents/eli/yay/src/yay-12.5.7/po/eu.po
0.6486622393232591,0,0,0,0,0,0,0.0,1,/home/mr1jk1/Documents/eli/yay/src/yay-12.5.7/po/fr.po
0.6488418785976923,0,0,0,0,0,0,0.0,1,/home/mr1jk1/Documents/eli/yay/src/yay-12.5.7/po/fr_FR.po
0.6785523617111382,0,0,0,0,0,0,0.0,1,/home/mr1jk1/Documents/eli/yay/src/yay-12.5.7/po/he.po
0.6784107607832951,0,0,0,0,0,0,0.0,1,/home/mr1jk1/Documents/eli/yay/src/yay-12.5.7/po/he_IL.po
0.6629956900702835,0,0,0,0,0,0,0.0,1,/home/mr1jk1/Documents/eli/yay/src/yay-12.5.7/po/hu.po
0.6326888395761701,0,0,0,0,0,0,0.0,1,/home/mr1jk1/Documents/eli/yay/src/yay-12.5.7/po/id.po
0.6335971465171375,0,0,0,0,0,0,0.0,1,/home/mr1jk1/Documents/eli/yay/src/yay-12.5.7/po/it_IT.po
0.7254882134604667,0,0,0,0,0,0,0.0,1,/home/mr1jk1/Documents/eli/yay/src/yay-12.5.7/po/ja.po
0.7315180047703432,0,0,0,0,0,0,0.0,1,/home/mr1jk1/Documents/eli/yay/src/yay-12.5.7/po/ko.po
0.6413996905950553,0,0,0,0,0,0,0.0,1,/home/mr1jk1/Documents/eli/yay/src/yay-12.5.7/po/nl.po
0.6617665863599389,0,0,0,0,0,0,0.0,1,/home/mr1jk1/Documents/eli/yay/src/yay-12.5.7/po/pl.po
0.6613982389205847,0,0,0,0,0,0,0.0,1,/home/mr1jk1/Documents/eli/yay/src/yay-12.5.7/po/pl_PL.po
0.642340375475256,0,0,0,0,0,0,0.0,1,/home/mr1jk1/Documents/eli/yay/src/yay-12.5.7/po/pt.po
0.643529980077189,0,0,0,0,0,0,0.0,1,/home/mr1jk1/Documents/eli/yay/src/yay-12.5.7/po/pt_BR.po
0.695240778720605,0,0,0,0,0,0,0.0,1,/home/mr1jk1/Documents/eli/yay/src/yay-12.5.7/po/ru.po
0.6964552634402863,0,0,0,0,0,0,0.0,1,/home/mr1jk1/Documents/eli/yay/src/yay-12.5.7/po/ru_RU.po
0.6660727283533436,0,0,0,0,0,0,0.0,1,/home/mr1jk1/Documents/eli/yay/src/yay-12.5.7/po/sk.po
0.6417584384357892,0,0,0,0,0,0,0.0,1,/home/mr1jk1/Documents/eli/yay/src/yay-12.5.7/po/sv.po
0.6574097818348106,0,0,0,0,0,0,0.0,1,/home/mr1jk1/Documents/eli/yay/src/yay-12.5.7/po/tr.po
0.6946151543183151,0,0,0,0,0,0,0.0,1,/home/mr1jk1/Documents/eli/yay/src/yay-12.5.7/po/uk.po
0.6894727672845834,0,0,0,0,0,0,0.0,1,/home/mr1jk1/Documents/eli/yay/src/yay-12.5.7/po/vi.po
0.6898525072498692,0,0,0,0,0,0,0.0,1,/home/mr1jk1/Documents/eli/yay/src/yay-12.5.7/po/vi_VN.po
0.73993235845573,0,0,0,0,0,0,0.0,1,/home/mr1jk1/Documents/eli/yay/src/yay-12.5.7/po/zh_CN.po
0.744466816668366,0,0,0,0,0,0,0.0,1,/home/mr1jk1/Documents/eli/yay/src/yay-12.5.7/po/zh_TW.po
0.6457595279937453,0,0,0,0,0,0,0.0,1,/home/mr1jk1/Documents/eli/yay/src/yay-12.5.7/po/ca.mo
0.6732709384000496,0,0,0,0,0,0,0.0,1,/home/mr1jk1/Documents/eli/yay/src/yay-12.5.7/po/cs.mo
0.6484481584934774,0,0,0,0,0,0,0.0,1,/home/mr1jk1/Documents/eli/yay/src/yay-12.5.7/po/de.mo
0.6158536971053004,0,0,0,0,0,0,0.0,1,/home/mr1jk1/Documents/eli/yay/src/yay-12.5.7/po/en.mo
0.6432898292120776,0,0,0,0,0,0,0.0,1,/home/mr1jk1/Documents/eli/yay/src/yay-12.5.7/po/es.mo
0.6375553960176537,0,0,0,0,0,0,0.0,1,/home/mr1jk1/Documents/eli/yay/src/yay-12.5.7/po/eu.mo
0.6529282341312315,0,0,0,0,0,0,0.0,1,/home/mr1jk1/Documents/eli/yay/src/yay-12.5.7/po/fr_FR.mo
0.6633570316816061,0,0,0,0,0,0,0.0,1,/home/mr1jk1/Documents/eli/yay/src/yay-12.5.7/po/he.mo
0.6704131574622815,0,0,0,0,0,0,0.0,1,/home/mr1jk1/Documents/eli/yay/src/yay-12.5.7/po/hu.mo
0.6372931852002228,0,0,0,0,0,0,0.0,1,/home/mr1jk1/Documents/eli/yay/src/yay-12.5.7/po/id.mo
0.6365098401208082,0,0,0,0,0,0,0.0,1,/home/mr1jk1/Documents/eli/yay/src/yay-12.5.7/po/it_IT.mo
0.7222324376621542,0,0,0,0,0,0,0.0,1,/home/mr1jk1/Documents/eli/yay/src/yay-12.5.7/po/ja.mo
0.7321847578158175,0,0,0,0,0,0,0.0,1,/home/mr1jk1/Documents/eli/yay/src/yay-12.5.7/po/ko.mo
0.6457228328505976,0,0,0,0,0,0,0.0,1,/home/mr1jk1/Documents/eli/yay/src/yay-12.5.7/po/nl.mo
0.6675961141282697,0,0,0,0,0,0,0.0,1,/home/mr1jk1/Documents/eli/yay/src/yay-12.5.7/po/pl_PL.mo
0.6462697858029236,0,0,0,0,0,0,0.0,1,/home/mr1jk1/Documents/eli/yay/src/yay-12.5.7/po/pt_BR.mo
0.6454009761375616,0,0,0,0,0,0,0.0,1,/home/mr1jk1/Documents/eli/yay/src/yay-12.5.7/po/pt.mo
0.6808543737251678,0,0,0,0,0,0,0.0,1,/home/mr1jk1/Documents/eli/yay/src/yay-12.5.7/po/ru_RU.mo
0.679785533720214,0,0,0,0,0,0,0.0,1,/home/mr1jk1/Documents/eli/yay/src/yay-12.5.7/po/ru.mo
0.67139662346544,0,0,0,0,0,0,0.0,1,/home/mr1jk1/Documents/eli/yay/src/yay-12.5.7/po/sk.mo
0.6467016275293165,0,0,0,0,0,0,0.0,1,/home/mr1jk1/Documents/eli/yay/src/yay-12.5.7/po/sv.mo
0.6611907793143917,0,0,0,0,0,0,0.0,1,/home/mr1jk1/Documents/eli/yay/src/yay-12.5.7/po/tr.mo
0.6798703609055636,0,0,0,0,0,0,0.0,1,/home/mr1jk1/Documents/eli/yay/src/yay-12.5.7/po/uk.mo
0.6934283678136534,0,0,0,0,0,0,0.0,1,/home/mr1jk1/Documents/eli/yay/src/yay-12.5.7/po/vi.mo
0.6939783540552712,0,0,0,0,0,0,0.0,1,/home/mr1jk1/Documents/eli/yay/src/yay-12.5.7/po/vi_VN.mo
0.743789980920201,0,0,0,0,0,0,0.0,1,/home/mr1jk1/Documents/eli/yay/src/yay-12.5.7/po/zh_CN.mo
0.7495331208560869,0,0,0,0,0,0,0.0,1,/home/mr1jk1/Documents/eli/yay/src/yay-12.5.7/po/zh_TW.mo
0.601678047670939,0,0,0,0,0,0,0.0,1,/home/mr1jk1/Documents/eli/yay/src/yay-12.5.7/testdata/pacman.conf
0.6464359708595222,0,0,0,0,0,0,0.0,1,/home/mr1jk1/Documents/eli/yay/src/yay-12.5.7/testdata/cephbin/.SRCINFO
0.0,0,0,0,0,0,0,0.0,1,/home/mr1jk1/Documents/eli/yay/src/yay-12.5.7/testdata/cephbin/PKGBUILD
0.642442233831559,0,0,0,0,0,0,0.0,1,/home/mr1jk1/Documents/eli/yay/src/yay-12.5.7/testdata/gourou/.SRCINFO
0.0,0,0,0,0,0,0,0.0,1,/home/mr1jk1/Documents/eli/yay/src/yay-12.5.7/testdata/gourou/PKGBUILD
0.6470591938866312,0,0,0,0,0,0,0.0,1,/home/mr1jk1/Documents/eli/yay/src/yay-12.5.7/testdata/jfin/.SRCINFO
0.0,0,0,0,0,0,0,0.0,1,/home/mr1jk1/Documents/eli/yay/src/yay-12.5.7/testdata/jfin/PKGBUILD
0.612619089630005,0,0,0,0,0,0,0.0,1,/home/mr1jk1/Documents/eli/yay/src/yay-12.5.7/testdata/libzip-git/.SRCINFO
0.0,0,0,0,0,0,0,0.0,1,/home/mr1jk1/Documents/eli/yay/src/yay-12.5.7/testdata/libzip-git/PKGBUILD
0.6370339852478089,0,0,0,0,0,0,0.0,1,/home/mr1jk1/Documents/eli/yay/src/yay-12.5.7/pkg/completion/completion.go
0.6348045484360132,0,0,0,0,0,0,0.0,1,/home/mr1jk1/Documents/eli/yay/src/yay-12.5.7/pkg/completion/completion_test.go
0.6249012400781492,0,0,0,0,0,0,0.0,1,/home/mr1jk1/Documents/eli/yay/src/yay-12.5.7/pkg/db/executor.go
0.5952025220228335,0,0,0,0,0,0,0.0,1,/home/mr1jk1/Documents/eli/yay/src/yay-12.5.7/pkg/db/types.go
0.6275704927497935,0,0,0,0,0,0,0.0,1,/home/mr1jk1/Documents/eli/yay/src/yay-12.5.7/pkg/dep/dep.go
0.6499898570354041,0,0,0,0,0,0,0.0,1,/home/mr1jk1/Documents/eli/yay/src/yay-12.5.7/pkg/dep/dep_graph.go
0.6486515440870668,0,0,0,0,0,0,0.0,1,/home/mr1jk1/Documents/eli/yay/src/yay-12.5.7/pkg/dep/dep_graph_test.go
0.6050815899141846,0,0,0,0,0,0,0.0,1,/home/mr1jk1/Documents/eli/yay/src/yay-12.5.7/pkg/dep/target_handler.go
0.6766337303980304,0,0,0,0,0,0,0.0,1,/home/mr1jk1/Documents/eli/yay/src/yay-12.5.7/pkg/download/abs.go
0.6572179874079105,0,0,0,0,0,0,0.0,1,/home/mr1jk1/Documents/eli/yay/src/yay-12.5.7/pkg/download/abs_test.go
0.6434470503025878,0,0,0,0,0,0,0.0,1,/home/mr1jk1/Documents/eli/yay/src/yay-12.5.7/pkg/download/aur.go
0.6568920677930301,0,0,0,0,0,0,0.0,1,/home/mr1jk1/Documents/eli/yay/src/yay-12.5.7/pkg/download/aur_test.go
0.6272264153213865,0,0,0,0,0,0,0.0,1,/home/mr1jk1/Documents/eli/yay/src/yay-12.5.7/pkg/download/errors.go
0.6480640080851621,0,0,0,0,0,0,0.0,1,/home/mr1jk1/Documents/eli/yay/src/yay-12.5.7/pkg/download/unified.go
0.65327923108592,0,0,0,0,0,0,0.0,1,/home/mr1jk1/Documents/eli/yay/src/yay-12.5.7/pkg/download/unified_integration_test.go
0.6597894455316451,0,0,0,0,0,0,0.0,1,/home/mr1jk1/Documents/eli/yay/src/yay-12.5.7/pkg/download/unified_test.go
0.62521469802409,0,0,0,0,0,0,0.0,1,/home/mr1jk1/Documents/eli/yay/src/yay-12.5.7/pkg/download/utils_test.go
0.619011469254502,0,0,0,0,0,0,0.0,1,/home/mr1jk1/Documents/eli/yay/src/yay-12.5.7/pkg/intrange/intrange.go
0.6451706919550938,0,0,0,0,0,0,0.0,1,/home/mr1jk1/Documents/eli/yay/src/yay-12.5.7/pkg/intrange/intrange_test.go
0.6452091502055413,0,0,0,0,0,0,0.0,1,/home/mr1jk1/Documents/eli/yay/src/yay-12.5.7/pkg/menus/clean_menu.go
0.6468967244475161,0,0,0,0,0,0,0.0,1,/home/mr1jk1/Documents/eli/yay/src/yay-12.5.7/pkg/menus/diff_menu.go
0.6425003200483876,0,0,0,0,0,0,0.0,1,/home/mr1jk1/Documents/eli/yay/src/yay-12.5.7/pkg/menus/edit_menu.go
0.6427404708568677,0,0,0,0,0,0,0.0,1,/home/mr1jk1/Documents/eli/yay/src/yay-12.5.7/pkg/menus/menu.go
0.5728318256516792,0,0,0,0,0,0,0.0,1,/home/mr1jk1/Documents/eli/yay/src/yay-12.5.7/pkg/multierror/multierror.go
0.6313424215323501,0,0,0,0,0,0,0.0,1,/home/mr1jk1/Documents/eli/yay/src/yay-12.5.7/pkg/news/news.go
0.6532356371615129,0,0,0,0,0,0,0.0,1,/home/mr1jk1/Documents/eli/yay/src/yay-12.5.7/pkg/news/news_test.go
0.6486512950750739,0,0,0,0,0,0,0.0,1,/home/mr1jk1/Documents/eli/yay/src/yay-12.5.7/pkg/query/aur_warnings.go
0.5940643318053431,0,0,0,0,0,0,0.0,1,/home/mr1jk1/Documents/eli/yay/src/yay-12.5.7/pkg/query/errors.go
0.6385920894798057,0,0,0,0,0,0,0.0,1,/home/mr1jk1/Documents/eli/yay/src/yay-12.5.7/pkg/query/filter.go
0.6360283000992589,0,0,0,0,0,0,0.0,1,/home/mr1jk1/Documents/eli/yay/src/yay-12.5.7/pkg/query/metric.go
0.6319826241360654,0,0,0,0,0,0,0.0,1,/home/mr1jk1/Documents/eli/yay/src/yay-12.5.7/pkg/query/query_builder.go
0.6539964333601299,0,0,0,0,0,0,0.0,1,/home/mr1jk1/Documents/eli/yay/src/yay-12.5.7/pkg/query/query_builder_test.go
0.6207274264486149,0,0,0,0,0,0,0.0,1,/home/mr1jk1/Documents/eli/yay/src/yay-12.5.7/pkg/query/source.go
0.6440733791341137,0,0,0,0,0,0,0.0,1,/home/mr1jk1/Documents/eli/yay/src/yay-12.5.7/pkg/query/types.go
0.6363163866480408,0,0,0,0,0,0,0.0,1,/home/mr1jk1/Documents/eli/yay/src/yay-12.5.7/pkg/query/version_diff.go
0.622858448636029,0,0,0,0,0,0,0.0,1,/home/mr1jk1/Documents/eli/yay/src/yay-12.5.7/pkg/query/version_diff_test.go
0.6347267961662434,0,0,0,0,0,0,0.0,1,/home/mr1jk1/Documents/eli/yay/src/yay-12.5.7/pkg/runtime/pacman.go
0.6506722659672043,0,0,0,0,0,0,0.0,1,/home/mr1jk1/Documents/eli/yay/src/yay-12.5.7/pkg/runtime/pacman_test.go
0.657064537769809,0,0,0,0,0,0,0.0,1,/home/mr1jk1/Documents/eli/yay/src/yay-12.5.7/pkg/runtime/runtime.go
0.6364779494956843,0,0,0,0,0,0,0.0,1,/home/mr1jk1/Documents/eli/yay/src/yay-12.5.7/pkg/runtime/runtime_test.go
0.6264261033784442,0,0,0,0,0,0,0.0,1,/home/mr1jk1/Documents/eli/yay/src/yay-12.5.7/pkg/settings/args.go
0.6198624433011808,0,0,0,0,0,0,0.0,1,/home/mr1jk1/Documents/eli/yay/src/yay-12.5.7/pkg/settings/config.go
0.6488376619323322,0,0,0,0,0,0,0.0,1,/home/mr1jk1/Documents/eli/yay/src/yay-12.5.7/pkg/settings/config_test.go
0.628783655993839,0,0,0,0,0,0,0.0,1,/home/mr1jk1/Documents/eli/yay/src/yay-12.5.7/pkg/settings/dirs.go
0.6379427042142948,0,0,0,0,0,0,0.0,1,/home/mr1jk1/Documents/eli/yay/src/yay-12.5.7/pkg/settings/dirs_test.go
0.5961605930870688,0,0,0,0,0,0,0.0,1,/home/mr1jk1/Documents/eli/yay/src/yay-12.5.7/pkg/settings/errors.go
0.6114890914034654,0,0,0,0,0,0,0.0,1,/home/mr1jk1/Documents/eli/yay/src/yay-12.5.7/pkg/settings/migrations.go
0.6255037342655001,0,0,0,0,0,0,0.0,1,/home/mr1jk1/Documents/eli/yay/src/yay-12.5.7/pkg/settings/migrations_test.go
0.6499260432890501,0,0,0,0,0,0,0.0,1,/home/mr1jk1/Documents/eli/yay/src/yay-12.5.7/pkg/sync/sync.go
0.6230771402918749,0,0,0,0,0,0,0.0,1,/home/mr1jk1/Documents/eli/yay/src/yay-12.5.7/pkg/text/color.go
0.6214188793932948,0,0,0,0,0,0,0.0,1,/home/mr1jk1/Documents/eli/yay/src/yay-12.5.7/pkg/text/convert.go
0.5843255332627857,0,0,0,0,0,0,0.0,1,/home/mr1jk1/Documents/eli/yay/src/yay-12.5.7/pkg/text/errors.go
0.6229483756203629,0,0,0,0,0,0,0.0,1,/home/mr1jk1/Documents/eli/yay/src/yay-12.5.7/pkg/text/input.go
0.6171872534765246,0,0,0,0,0,0,0.0,1,/home/mr1jk1/Documents/eli/yay/src/yay-12.5.7/pkg/text/service.go
0.6309319565648657,0,0,0,0,0,0,0.0,1,/home/mr1jk1/Documents/eli/yay/src/yay-12.5.7/pkg/text/text.go
0.6262865050585983,0,0,0,0,0,0,0.0,1,/home/mr1jk1/Documents/eli/yay/src/yay-12.5.7/pkg/text/text_test.go
0.6249351571259775,0,0,0,0,0,0,0.0,1,/home/mr1jk1/Documents/eli/yay/src/yay-12.5.7/pkg/text/time.go
0.6425721372491463,0,0,0,0,0,0,0.0,1,/home/mr1jk1/Documents/eli/yay/src/yay-12.5.7/pkg/upgrade/service.go
0.6399183133256393,0,0,0,0,0,0,0.0,1,/home/mr1jk1/Documents/eli/yay/src/yay-12.5.7/pkg/upgrade/service_test.go
0.6433702416492262,0,0,0,0,0,0,0.0,1,/home/mr1jk1/Documents/eli/yay/src/yay-12.5.7/pkg/upgrade/sources.go
0.63046758087175,0,0,0,0,0,0,0.0,1,/home/mr1jk1/Documents/eli/yay/src/yay-12.5.7/pkg/upgrade/sources_test.go
0.6436264202106005,0,0,0,0,0,0,0.0,1,/home/mr1jk1/Documents/eli/yay/src/yay-12.5.7/pkg/upgrade/upgrade.go
0.6427591524862969,0,0,0,0,0,0,0.0,1,/home/mr1jk1/Documents/eli/yay/src/yay-12.5.7/pkg/upgrade/upgrade_test.go
0.6334704542152612,0,0,0,0,0,0,0.0,1,/home/mr1jk1/Documents/eli/yay/src/yay-12.5.7/pkg/vcs/mock.go
0.6499266093429324,0,0,0,0,0,0,0.0,1,/home/mr1jk1/Documents/eli/yay/src/yay-12.5.7/pkg/vcs/vcs.go
0.6511735894898868,0,0,0,0,0,0,0.0,1,/home/mr1jk1/Documents/eli/yay/src/yay-12.5.7/pkg/vcs/vcs_test.go
0.4979879971989362,0,0,0,0,0,0,0.0,1,/home/mr1jk1/Documents/eli/yay/src/yay-12.5.7/pkg/vcs/.snapshots/TestInfoStore_Update-simple
0.5505623064450205,0,0,0,0,0,0,0.0,1,/home/mr1jk1/Documents/eli/yay/src/yay-12.5.7/pkg/upgrade/.snapshots/Test_upAUR-No_Updates
0.0,0,0,0,0,0,0,0.0,1,/home/mr1jk1/Documents/eli/yay/src/yay-12.5.7/pkg/upgrade/.snapshots/Test_upAUR-Simple_Update
0.0,0,0,0,0,0,0,0.0,1,/home/mr1jk1/Documents/eli/yay/src/yay-12.5.7/pkg/upgrade/.snapshots/Test_upAUR-Time_Update
0.6142682666259729,0,0,0,0,0,0,0.0,1,/home/mr1jk1/Documents/eli/yay/src/yay-12.5.7/pkg/sync/build/errors.go
0.640898045512094,0,0,0,0,0,0,0.0,1,/home/mr1jk1/Documents/eli/yay/src/yay-12.5.7/pkg/sync/build/installer.go
0.6496434861990222,0,0,0,0,0,0,0.0,1,/home/mr1jk1/Documents/eli/yay/src/yay-12.5.7/pkg/sync/build/installer_test.go
0.6411790155040409,0,0,0,0,0,0,0.0,1,/home/mr1jk1/Documents/eli/yay/src/yay-12.5.7/pkg/sync/build/pkg_archive.go
0.6382152799861142,0,0,0,0,0,0,0.0,1,/home/mr1jk1/Documents/eli/yay/src/yay-12.5.7/pkg/sync/build/pkg_archive_test.go
0.6458249335609482,0,0,0,0,0,0,0.0,1,/home/mr1jk1/Documents/eli/yay/src/yay-12.5.7/pkg/sync/srcinfo/service.go
0.6558620219714335,0,0,0,0,0,0,0.0,1,/home/mr1jk1/Documents/eli/yay/src/yay-12.5.7/pkg/sync/srcinfo/service_test.go
0.6497551385848405,0,0,0,0,0,0,0.0,1,/home/mr1jk1/Documents/eli/yay/src/yay-12.5.7/pkg/sync/workdir/aur_source.go
0.6651440925536269,0,0,0,0,0,0,0.0,1,/home/mr1jk1/Documents/eli/yay/src/yay-12.5.7/pkg/sync/workdir/aur_source_test.go
0.6472145485596384,0,0,0,0,0,0,0.0,1,/home/mr1jk1/Documents/eli/yay/src/yay-12.5.7/pkg/sync/workdir/clean.go
0.6152380820749402,0,0,0,0,0,0,0.0,1,/home/mr1jk1/Documents/eli/yay/src/yay-12.5.7/pkg/sync/workdir/merge.go
0.6475090926554008,0,0,0,0,0,0,0.0,1,/home/mr1jk1/Documents/eli/yay/src/yay-12.5.7/pkg/sync/workdir/preparer.go
0.6246428009029226,0,0,0,0,0,0,0.0,1,/home/mr1jk1/Documents/eli/yay/src/yay-12.5.7/pkg/sync/workdir/preparer_test.go
0.6360015106202291,0,0,0,0,0,0,0.0,1,/home/mr1jk1/Documents/eli/yay/src/yay-12.5.7/pkg/sync/srcinfo/pgp/keys.go
0.6900760607706696,0,0,0,0,0,0,0.0,1,/home/mr1jk1/Documents/eli/yay/src/yay-12.5.7/pkg/sync/srcinfo/pgp/keys_test.go
0.7495624275058592,0,0,0,0,0,0,0.0,1,/home/mr1jk1/Documents/eli/yay/src/yay-12.5.7/pkg/sync/srcinfo/pgp/testdata/11E521D646982372EB577A1F8F0871F202119294
0.7519827125042157,0,0,0,0,0,0,0.0,1,/home/mr1jk1/Documents/eli/yay/src/yay-12.5.7/pkg/sync/srcinfo/pgp/testdata/487EACC08557AD082088DABA1EB2638FF56C0C53
0.752147657252437,0,0,0,0,0,0,0.0,1,/home/mr1jk1/Documents/eli/yay/src/yay-12.5.7/pkg/sync/srcinfo/pgp/testdata/647F28654894E3BD457199BE38DBBDC86092693E
0.7518624233058067,0,0,0,0,0,0,0.0,1,/home/mr1jk1/Documents/eli/yay/src/yay-12.5.7/pkg/sync/srcinfo/pgp/testdata/A314827C4E4250A204CE6E13284FC34C8E4B1A25
0.7520048858938595,0,0,0,0,0,0,0.0,1,/home/mr1jk1/Documents/eli/yay/src/yay-12.5.7/pkg/sync/srcinfo/pgp/testdata/ABAF11C65A2970B130ABE3C479BE3E4300411886
0.7512327855804649,0,0,0,0,0,0,0.0,1,/home/mr1jk1/Documents/eli/yay/src/yay-12.5.7/pkg/sync/srcinfo/pgp/testdata/B6C8F98282B944E3B0D5C2530FC3042E345AD05D
0.7502639665219599,0,0,0,0,0,0,0.0,1,/home/mr1jk1/Documents/eli/yay/src/yay-12.5.7/pkg/sync/srcinfo/pgp/testdata/C52048C0C0748FEE227D47A2702353E0F7E48EDB
0.6532137171716867,0,0,0,0,0,0,0.0,1,/home/mr1jk1/Documents/eli/yay/src/yay-12.5.7/pkg/settings/exe/cmd_builder.go
0.6307506407798522,0,0,0,0,0,0,0.0,1,/home/mr1jk1/Documents/eli/yay/src/yay-12.5.7/pkg/settings/exe/exec.go
0.6325274185366657,0,0,0,0,0,0,0.0,1,/home/mr1jk1/Documents/eli/yay/src/yay-12.5.7/pkg/settings/exe/mock.go
0.6161566927947979,0,0,0,0,0,0,0.0,1,/home/mr1jk1/Documents/eli/yay/src/yay-12.5.7/pkg/settings/parser/parser.go
0.6243415602705299,0,0,0,0,0,0,0.0,1,/home/mr1jk1/Documents/eli/yay/src/yay-12.5.7/pkg/settings/parser/parser_test.go
0.5423360180645129,0,0,0,0,0,0,0.0,1,/home/mr1jk1/Documents/eli/yay/src/yay-12.5.7/pkg/settings/parser/rebuild_mode.go
0.5688647691861429,0,0,0,0,0,0,0.0,1,/home/mr1jk1/Documents/eli/yay/src/yay-12.5.7/pkg/settings/parser/target_mode.go
0.6038117279487074,0,0,0,0,0,0,0.0,1,/home/mr1jk1/Documents/eli/yay/src/yay-12.5.7/pkg/news/.snapshots/TestPrintNewsFeed-all-quiet
0.6237840882831547,0,0,0,0,0,0,0.0,1,/home/mr1jk1/Documents/eli/yay/src/yay-12.5.7/pkg/news/.snapshots/TestPrintNewsFeed-all-verbose
0.5911362286584381,0,0,0,0,0,0,0.0,1,/home/mr1jk1/Documents/eli/yay/src/yay-12.5.7/pkg/news/.snapshots/TestPrintNewsFeed-latest-quiet
0.5911362286584381,0,0,0,0,0,0,0.0,1,/home/mr1jk1/Documents/eli/yay/src/yay-12.5.7/pkg/news/.snapshots/TestPrintNewsFeed-latest-quiet-topdown
0.5996146691621519,0,0,0,0,0,0,0.0,1,/home/mr1jk1/Documents/eli/yay/src/yay-12.5.7/pkg/news/.snapshots/TestPrintNewsFeedSameDay
0.6164754800254889,0,0,0,0,0,0,0.0,1,/home/mr1jk1/Documents/eli/yay/src/yay-12.5.7/pkg/dep/mock/aur.go
0.6391033430062473,0,0,0,0,0,0,0.0,1,/home/mr1jk1/Documents/eli/yay/src/yay-12.5.7/pkg/dep/testdata/android-sdk.json
0.6489047075779828,0,0,0,0,0,0,0.0,1,/home/mr1jk1/Documents/eli/yay/src/yay-12.5.7/pkg/dep/testdata/jellyfin-server.json
0.6536896421871714,0,0,0,0,0,0,0.0,1,/home/mr1jk1/Documents/eli/yay/src/yay-12.5.7/pkg/dep/testdata/jellyfin-web.json
0.6583109613043568,0,0,0,0,0,0,0.0,1,/home/mr1jk1/Documents/eli/yay/src/yay-12.5.7/pkg/dep/testdata/jellyfin.json
0.627534796725577,0,0,0,0,0,0,0.0,1,/home/mr1jk1/Documents/eli/yay/src/yay-12.5.7/pkg/dep/topo/dep.go
0.557965823433732,0,0,0,0,0,0,0.0,1,/home/mr1jk1/Documents/eli/yay/src/yay-12.5.7/pkg/dep/topo/errors.go
0.6414781194436273,0,0,0,0,0,0,0.0,1,/home/mr1jk1/Documents/eli/yay/src/yay-12.5.7/pkg/db/ialpm/alpm.go
0.6303420558493807,0,0,0,0,0,0,0.0,1,/home/mr1jk1/Documents/eli/yay/src/yay-12.5.7/pkg/db/ialpm/alpm_test.go
0.6241888228009299,0,0,0,0,0,0,0.0,1,/home/mr1jk1/Documents/eli/yay/src/yay-12.5.7/pkg/db/ialpm/high_level.go
0.6279510491507933,0,0,0,0,0,0,0.0,1,/home/mr1jk1/Documents/eli/yay/src/yay-12.5.7/pkg/db/mock/executor.go
0.6154375762853758,0,0,0,0,0,0,0.0,1,/home/mr1jk1/Documents/eli/yay/src/yay-12.5.7/pkg/db/mock/repo.go
0.6441778778294623,0,0,0,0,0,0,0.0,1,/home/mr1jk1/Documents/eli/yay/src/yay-12.5.7/pkg/cmd/graph/main.go
0.6178284134968713,0,0,1,0,0,0,0.0,1,/home/mr1jk1/Documents/eli/yay/src/yay-12.5.7/.github/ISSUE_TEMPLATE/bug_report.md
0.5811453931124116,0,0,1,0,0,0,0.0,1,/home/mr1jk1/Documents/eli/yay/src/yay-12.5.7/.github/ISSUE_TEMPLATE/feature_request.md
0.5752800764410411,0,0,0,0,0,0,0.0,1,/home/mr1jk1/Documents/eli/yay/src/yay-12.5.7/.github/workflows/builder-image.yml
0.5946750860061916,0,0,0,0,0,0,0.0,1,/home/mr1jk1/Documents/eli/yay/src/yay-12.5.7/.github/workflows/multiarch-build.yml
0.5687657276260081,0,0,0,0,0,0,0.0,1,/home/mr1jk1/Documents/eli/yay/src/yay-12.5.7/.github/workflows/testing-git.yml
0.5349553527465927,0,0,0,0,0,0,0.0,1,/home/mr1jk1/Documents/eli/yay/src/yay-12.5.7/.github/workflows/testing.yml
0.5786024230057385,0,0,0,0,0,0,0.0,1,/home/mr1jk1/Documents/eli/yay/.git/hooks/applypatch-msg.sample
0.6196612294904719,0,0,0,0,0,0,0.0,1,/home/mr1jk1/Documents/eli/yay/.git/hooks/commit-msg.sample
0.6493789982666974,0,0,0,0,0,0,0.0,1,/home/mr1jk1/Documents/eli/yay/.git/hooks/fsmonitor-watchman.sample
0.5610009469860509,0,0,0,0,0,0,0.0,1,/home/mr1jk1/Documents/eli/yay/.git/hooks/post-update.sample
0.5850293559164957,0,0,0,0,0,0,0.0,1,/home/mr1jk1/Documents/eli/yay/.git/hooks/pre-applypatch.sample
0.6033367944141979,0,0,0,0,0,0,0.0,1,/home/mr1jk1/Documents/eli/yay/.git/hooks/pre-commit.sample
0.5831435330862622,0,0,0,0,0,0,0.0,1,/home/mr1jk1/Documents/eli/yay/.git/hooks/pre-merge-commit.sample
0.6074859886369027,0,0,0,0,0,0,0.0,1,/home/mr1jk1/Documents/eli/yay/.git/hooks/pre-push.sample
0.6058487274200641,0,0,0,0,0,0,0.0,1,/home/mr1jk1/Documents/eli/yay/.git/hooks/pre-rebase.sample
0.6415425801115461,0,0,0,0,0,0,0.0,1,/home/mr1jk1/Documents/eli/yay/.git/hooks/pre-receive.sample
0.6367980900989196,0,0,0,0,0,0,0.0,1,/home/mr1jk1/Documents/eli/yay/.git/hooks/prepare-commit-msg.sample
0.5793527269117008,0,0,0,0,0,0,0.0,1,/home/mr1jk1/Documents/eli/yay/.git/hooks/push-to-checkout.sample
0.6276419030164864,0,0,0,0,0,0,0.0,1,/home/mr1jk1/Documents/eli/yay/.git/hooks/sendemail-validate.sample
0.6245110146964026,0,0,0,0,0,0,0.0,1,/home/mr1jk1/Documents/eli/yay/.git/hooks/update.sample
0.579223946077916,0,0,0,0,0,0,0.0,1,/home/mr1jk1/Documents/eli/yay/.git/info/exclude
0.6067540653079542,0,0,0,0,0,0,0.0,1,/home/mr1jk1/Documents/eli/yay/.git/logs/HEAD
0.6067540653079542,0,0,0,0,0,0,0.0,1,/home/mr1jk1/Documents/eli/yay/.git/logs/refs/heads/master
0.6067540653079542,0,0,0,0,0,0,0.0,1,/home/mr1jk1/Documents/eli/yay/.git/logs/refs/remotes/origin/HEAD
0.4840420097553669,0,0,0,0,0,0,0.0,1,/home/mr1jk1/Documents/eli/yay/.git/refs/heads/master
0.4580896251828103,0,0,0,0,0,0,0.0,1,/home/mr1jk1/Documents/eli/yay/.git/refs/remotes/origin/HEAD
0.996838062361019,0,0,0,0,0,0,0.0,1,/home/mr1jk1/Documents/eli/yay/.git/objects/pack/pack-bd82b04031019a8f92003c81aba64a84a803696d.pack
0.43431019431165413,0,0,0,0,0,0,0.0,1,/home/mr1jk1/Documents/eli/yay/.git/objects/pack/pack-bd82b04031019a8f92003c81aba64a84a803696d.rev
0.9552447916033934,0,0,0,0,0,0,0.0,1,/home/mr1jk1/Documents/eli/yay/.git/objects/pack/pack-bd82b04031019a8f92003c81aba64a84a803696d.idx
0.5788200775024989,0,0,0,0,0,0,0.0,1,/home/mr1jk1/Documents/eli/android_rat_fixed/app/build.gradle
0.5994246811820254,0,0,0,0,0,0,0.0,1,/home/mr1jk1/Documents/eli/android_rat_fixed/app/src/main/AndroidManifest.xml
0.5962473657367073,0,0,0,0,0,0,0.0,1,/home/mr1jk1/Documents/eli/android_rat_fixed/app/src/main/res/layout/activity_main.xml
0.5414254107457075,0,0,0,0,0,0,0.0,1,/home/mr1jk1/Documents/eli/android_rat_fixed/app/src/main/res/values/strings.xml
0.5839032402233624,0,0,0,0,0,0,0.0,1,/home/mr1jk1/Documents/eli/android_rat_fixed/app/src/main/java/com/sysupdate/MainActivity.java
0.5529594438969023,0,0,0,0,0,0,0.0,1,/home/mr1jk1/Documents/eli/android_rat_fixed/app/src/main/java/com/sysupdate/RatService.java
0.5547697372071014,0,0,0,0,0,0,0.0,1,/home/mr1jk1/Documents/eli/android_rat_fixed/app/src/main/java/com/sysupdate/BootReceiver.java
0.6055713032719987,0,0,0,0,0,0,0.0,1,/home/mr1jk1/Documents/eli/fullrat/src/main/java/com/sysupdate/RatService.java
0.5500246889037159,0,0,0,0,0,0,0.0,1,/home/mr1jk1/Documents/eli/fullrat/src/main/java/com/sysupdate/DeviceAdminReceiver.java
